date,source,region,province,price_vnd_per_kg,change_vnd_per_kg,source_url,benchmark_price_vnd_per_kg
05/03/2026,nongnghiepmoitruong.vn,Miền Bắc,Bắc Ninh,65000,-1000.0,https://nongnghiepmoitruong.vn/gia-heo-hoi-hom-nay-5-3-2026-co-noi-mat-3000-dong-d799393.html,
05/03/2026,nongnghiepmoitruong.vn,Miền Bắc,Cao Bằng,65000,-1000.0,https://nongnghiepmoitruong.vn/gia-heo-hoi-hom-nay-5-3-2026-co-noi-mat-3000-dong-d799393.html,
05/03/2026,nongnghiepmoitruong.vn,Miền Bắc,Hà Nội,65000,-1000.0,https://nongnghiepmoitruong.vn/gia-heo-hoi-hom-nay-5-3-2026-co-noi-mat-3000-dong-d799393.html,
05/03/2026,nongnghiepmoitruong.vn,Miền Bắc,Hưng Yên,65000,-1000.0,https://nongnghiepmoitruong.vn/gia-heo-hoi-hom-nay-5-3-2026-co-noi-mat-3000-dong-d799393.html,
05/03/2026,nongnghiepmoitruong.vn,Miền Bắc,Hải Phòng,65000,-1000.0,https://nongnghiepmoitruong.vn/gia-heo-hoi-hom-nay-5-3-2026-co-noi-mat-3000-dong-d799393.html,
05/03/2026,nongnghiepmoitruong.vn,Miền Bắc,Lai Châu,64000,-1000.0,https://nongnghiepmoitruong.vn/gia-heo-hoi-hom-nay-5-3-2026-co-noi-mat-3000-dong-d799393.html,
05/03/2026,nongnghiepmoitruong.vn,Miền Bắc,Lào Cai,63000,-3000.0,https://nongnghiepmoitruong.vn/gia-heo-hoi-hom-nay-5-3-2026-co-noi-mat-3000-dong-d799393.html,
05/03/2026,nongnghiepmoitruong.vn,Miền Bắc,Lạng Sơn,65000,-1000.0,https://nongnghiepmoitruong.vn/gia-heo-hoi-hom-nay-5-3-2026-co-noi-mat-3000-dong-d799393.html,
05/03/2026,nongnghiepmoitruong.vn,Miền Bắc,Ninh Bình,64000,-1000.0,https://nongnghiepmoitruong.vn/gia-heo-hoi-hom-nay-5-3-2026-co-noi-mat-3000-dong-d799393.html,
05/03/2026,nongnghiepmoitruong.vn,Miền Bắc,Phú Thọ,64000,-1000.0,https://nongnghiepmoitruong.vn/gia-heo-hoi-hom-nay-5-3-2026-co-noi-mat-3000-dong-d799393.html,
05/03/2026,nongnghiepmoitruong.vn,Miền Bắc,Quảng Ninh,65000,-1000.0,https://nongnghiepmoitruong.vn/gia-heo-hoi-hom-nay-5-3-2026-co-noi-mat-3000-dong-d799393.html,
05/03/2026,nongnghiepmoitruong.vn,Miền Bắc,Sơn La,64000,-2000.0,https://nongnghiepmoitruong.vn/gia-heo-hoi-hom-nay-5-3-2026-co-noi-mat-3000-dong-d799393.html,
05/03/2026,nongnghiepmoitruong.vn,Miền Bắc,Thái Nguyên,64000,-1000.0,https://nongnghiepmoitruong.vn/gia-heo-hoi-hom-nay-5-3-2026-co-noi-mat-3000-dong-d799393.html,
05/03/2026,nongnghiepmoitruong.vn,Miền Bắc,Tuyên Quang,64000,-1000.0,https://nongnghiepmoitruong.vn/gia-heo-hoi-hom-nay-5-3-2026-co-noi-mat-3000-dong-d799393.html,
05/03/2026,nongnghiepmoitruong.vn,Miền Bắc,Điện Biên,65000,-1000.0,https://nongnghiepmoitruong.vn/gia-heo-hoi-hom-nay-5-3-2026-co-noi-mat-3000-dong-d799393.html,
05/03/2026,nongnghiepmoitruong.vn,Miền Nam,An Giang,69000,0.0,https://nongnghiepmoitruong.vn/gia-heo-hoi-hom-nay-5-3-2026-co-noi-mat-3000-dong-d799393.html,
05/03/2026,nongnghiepmoitruong.vn,Miền Nam,Cà Mau,69000,-1000.0,https://nongnghiepmoitruong.vn/gia-heo-hoi-hom-nay-5-3-2026-co-noi-mat-3000-dong-d799393.html,
05/03/2026,nongnghiepmoitruong.vn,Miền Nam,Cần Thơ,68000,0.0,https://nongnghiepmoitruong.vn/gia-heo-hoi-hom-nay-5-3-2026-co-noi-mat-3000-dong-d799393.html,
05/03/2026,nongnghiepmoitruong.vn,Miền Nam,TP.HCM,70000,0.0,https://nongnghiepmoitruong.vn/gia-heo-hoi-hom-nay-5-3-2026-co-noi-mat-3000-dong-d799393.html,
05/03/2026,nongnghiepmoitruong.vn,Miền Nam,Tây Ninh,70000,0.0,https://nongnghiepmoitruong.vn/gia-heo-hoi-hom-nay-5-3-2026-co-noi-mat-3000-dong-d799393.html,
05/03/2026,nongnghiepmoitruong.vn,Miền Nam,Vĩnh Long,69000,0.0,https://nongnghiepmoitruong.vn/gia-heo-hoi-hom-nay-5-3-2026-co-noi-mat-3000-dong-d799393.html,
05/03/2026,nongnghiepmoitruong.vn,Miền Nam,Đồng Nai,70000,0.0,https://nongnghiepmoitruong.vn/gia-heo-hoi-hom-nay-5-3-2026-co-noi-mat-3000-dong-d799393.html,
05/03/2026,nongnghiepmoitruong.vn,Miền Nam,Đồng Tháp,69000,0.0,https://nongnghiepmoitruong.vn/gia-heo-hoi-hom-nay-5-3-2026-co-noi-mat-3000-dong-d799393.html,
05/03/2026,nongnghiepmoitruong.vn,Miền Trung - Tây Nguyên,Gia Lai,67000,0.0,https://nongnghiepmoitruong.vn/gia-heo-hoi-hom-nay-5-3-2026-co-noi-mat-3000-dong-d799393.html,
05/03/2026,nongnghiepmoitruong.vn,Miền Trung - Tây Nguyên,Huế,67000,-1000.0,https://nongnghiepmoitruong.vn/gia-heo-hoi-hom-nay-5-3-2026-co-noi-mat-3000-dong-d799393.html,
05/03/2026,nongnghiepmoitruong.vn,Miền Trung - Tây Nguyên,Hà Tĩnh,63000,-2000.0,https://nongnghiepmoitruong.vn/gia-heo-hoi-hom-nay-5-3-2026-co-noi-mat-3000-dong-d799393.html,
05/03/2026,nongnghiepmoitruong.vn,Miền Trung - Tây Nguyên,Khánh Hòa,67000,-1000.0,https://nongnghiepmoitruong.vn/gia-heo-hoi-hom-nay-5-3-2026-co-noi-mat-3000-dong-d799393.html,
05/03/2026,nongnghiepmoitruong.vn,Miền Trung - Tây Nguyên,Lâm Đồng,69000,0.0,https://nongnghiepmoitruong.vn/gia-heo-hoi-hom-nay-5-3-2026-co-noi-mat-3000-dong-d799393.html,
05/03/2026,nongnghiepmoitruong.vn,Miền Trung - Tây Nguyên,Nghệ An,64000,-1000.0,https://nongnghiepmoitruong.vn/gia-heo-hoi-hom-nay-5-3-2026-co-noi-mat-3000-dong-d799393.html,
05/03/2026,nongnghiepmoitruong.vn,Miền Trung - Tây Nguyên,Quảng Ngãi,67000,-1000.0,https://nongnghiepmoitruong.vn/gia-heo-hoi-hom-nay-5-3-2026-co-noi-mat-3000-dong-d799393.html,
05/03/2026,nongnghiepmoitruong.vn,Miền Trung - Tây Nguyên,Quảng Trị,67000,-1000.0,https://nongnghiepmoitruong.vn/gia-heo-hoi-hom-nay-5-3-2026-co-noi-mat-3000-dong-d799393.html,
05/03/2026,nongnghiepmoitruong.vn,Miền Trung - Tây Nguyên,Thanh Hóa,64000,-1000.0,https://nongnghiepmoitruong.vn/gia-heo-hoi-hom-nay-5-3-2026-co-noi-mat-3000-dong-d799393.html,
05/03/2026,nongnghiepmoitruong.vn,Miền Trung - Tây Nguyên,Đà Nẵng,67000,-1000.0,https://nongnghiepmoitruong.vn/gia-heo-hoi-hom-nay-5-3-2026-co-noi-mat-3000-dong-d799393.html,
05/03/2026,nongnghiepmoitruong.vn,Miền Trung - Tây Nguyên,Đắk Lắk,67000,0.0,https://nongnghiepmoitruong.vn/gia-heo-hoi-hom-nay-5-3-2026-co-noi-mat-3000-dong-d799393.html,
06/03/2026,nongnghiepmoitruong.vn,Miền Bắc,Bắc Ninh,64000,-1000.0,https://nongnghiepmoitruong.vn/gia-heo-hoi-hom-nay-6-3-2026-tiep-tuc-da-di-xuong-d799565.html,
06/03/2026,nongnghiepmoitruong.vn,Miền Bắc,Cao Bằng,64000,-1000.0,https://nongnghiepmoitruong.vn/gia-heo-hoi-hom-nay-6-3-2026-tiep-tuc-da-di-xuong-d799565.html,
06/03/2026,nongnghiepmoitruong.vn,Miền Bắc,Hà Nội,64000,-1000.0,https://nongnghiepmoitruong.vn/gia-heo-hoi-hom-nay-6-3-2026-tiep-tuc-da-di-xuong-d799565.html,
06/03/2026,nongnghiepmoitruong.vn,Miền Bắc,Hưng Yên,64000,-1000.0,https://nongnghiepmoitruong.vn/gia-heo-hoi-hom-nay-6-3-2026-tiep-tuc-da-di-xuong-d799565.html,
06/03/2026,nongnghiepmoitruong.vn,Miền Bắc,Hải Phòng,63000,-2000.0,https://nongnghiepmoitruong.vn/gia-heo-hoi-hom-nay-6-3-2026-tiep-tuc-da-di-xuong-d799565.html,
06/03/2026,nongnghiepmoitruong.vn,Miền Bắc,Lai Châu,62000,-2000.0,https://nongnghiepmoitruong.vn/gia-heo-hoi-hom-nay-6-3-2026-tiep-tuc-da-di-xuong-d799565.html,
06/03/2026,nongnghiepmoitruong.vn,Miền Bắc,Lào Cai,62000,-1000.0,https://nongnghiepmoitruong.vn/gia-heo-hoi-hom-nay-6-3-2026-tiep-tuc-da-di-xuong-d799565.html,
06/03/2026,nongnghiepmoitruong.vn,Miền Bắc,Lạng Sơn,62000,-2000.0,https://nongnghiepmoitruong.vn/gia-heo-hoi-hom-nay-6-3-2026-tiep-tuc-da-di-xuong-d799565.html,
06/03/2026,nongnghiepmoitruong.vn,Miền Bắc,Ninh Bình,63000,-1000.0,https://nongnghiepmoitruong.vn/gia-heo-hoi-hom-nay-6-3-2026-tiep-tuc-da-di-xuong-d799565.html,
06/03/2026,nongnghiepmoitruong.vn,Miền Bắc,Phú Thọ,62000,-2000.0,https://nongnghiepmoitruong.vn/gia-heo-hoi-hom-nay-6-3-2026-tiep-tuc-da-di-xuong-d799565.html,
06/03/2026,nongnghiepmoitruong.vn,Miền Bắc,Quảng Ninh,63000,-2000.0,https://nongnghiepmoitruong.vn/gia-heo-hoi-hom-nay-6-3-2026-tiep-tuc-da-di-xuong-d799565.html,
06/03/2026,nongnghiepmoitruong.vn,Miền Bắc,Sơn La,63000,-1000.0,https://nongnghiepmoitruong.vn/gia-heo-hoi-hom-nay-6-3-2026-tiep-tuc-da-di-xuong-d799565.html,
06/03/2026,nongnghiepmoitruong.vn,Miền Bắc,Thái Nguyên,62000,-2000.0,https://nongnghiepmoitruong.vn/gia-heo-hoi-hom-nay-6-3-2026-tiep-tuc-da-di-xuong-d799565.html,
06/03/2026,nongnghiepmoitruong.vn,Miền Bắc,Tuyên Quang,63000,-1000.0,https://nongnghiepmoitruong.vn/gia-heo-hoi-hom-nay-6-3-2026-tiep-tuc-da-di-xuong-d799565.html,
06/03/2026,nongnghiepmoitruong.vn,Miền Bắc,Điện Biên,63000,-2000.0,https://nongnghiepmoitruong.vn/gia-heo-hoi-hom-nay-6-3-2026-tiep-tuc-da-di-xuong-d799565.html,
06/03/2026,nongnghiepmoitruong.vn,Miền Nam,An Giang,69000,0.0,https://nongnghiepmoitruong.vn/gia-heo-hoi-hom-nay-6-3-2026-tiep-tuc-da-di-xuong-d799565.html,
06/03/2026,nongnghiepmoitruong.vn,Miền Nam,Cà Mau,68000,-1000.0,https://nongnghiepmoitruong.vn/gia-heo-hoi-hom-nay-6-3-2026-tiep-tuc-da-di-xuong-d799565.html,
06/03/2026,nongnghiepmoitruong.vn,Miền Nam,Cần Thơ,68000,0.0,https://nongnghiepmoitruong.vn/gia-heo-hoi-hom-nay-6-3-2026-tiep-tuc-da-di-xuong-d799565.html,
06/03/2026,nongnghiepmoitruong.vn,Miền Nam,TP.HCM,69000,-1000.0,https://nongnghiepmoitruong.vn/gia-heo-hoi-hom-nay-6-3-2026-tiep-tuc-da-di-xuong-d799565.html,
06/03/2026,nongnghiepmoitruong.vn,Miền Nam,Tây Ninh,69000,-1000.0,https://nongnghiepmoitruong.vn/gia-heo-hoi-hom-nay-6-3-2026-tiep-tuc-da-di-xuong-d799565.html,
06/03/2026,nongnghiepmoitruong.vn,Miền Nam,Vĩnh Long,68000,-1000.0,https://nongnghiepmoitruong.vn/gia-heo-hoi-hom-nay-6-3-2026-tiep-tuc-da-di-xuong-d799565.html,
06/03/2026,nongnghiepmoitruong.vn,Miền Nam,Đồng Nai,69000,-1000.0,https://nongnghiepmoitruong.vn/gia-heo-hoi-hom-nay-6-3-2026-tiep-tuc-da-di-xuong-d799565.html,
06/03/2026,nongnghiepmoitruong.vn,Miền Nam,Đồng Tháp,69000,0.0,https://nongnghiepmoitruong.vn/gia-heo-hoi-hom-nay-6-3-2026-tiep-tuc-da-di-xuong-d799565.html,
06/03/2026,nongnghiepmoitruong.vn,Miền Trung - Tây Nguyên,Gia Lai,65000,-2000.0,https://nongnghiepmoitruong.vn/gia-heo-hoi-hom-nay-6-3-2026-tiep-tuc-da-di-xuong-d799565.html,
06/03/2026,nongnghiepmoitruong.vn,Miền Trung - Tây Nguyên,Huế,67000,0.0,https://nongnghiepmoitruong.vn/gia-heo-hoi-hom-nay-6-3-2026-tiep-tuc-da-di-xuong-d799565.html,
06/03/2026,nongnghiepmoitruong.vn,Miền Trung - Tây Nguyên,Hà Tĩnh,62000,-1000.0,https://nongnghiepmoitruong.vn/gia-heo-hoi-hom-nay-6-3-2026-tiep-tuc-da-di-xuong-d799565.html,
06/03/2026,nongnghiepmoitruong.vn,Miền Trung - Tây Nguyên,Khánh Hòa,66000,-1000.0,https://nongnghiepmoitruong.vn/gia-heo-hoi-hom-nay-6-3-2026-tiep-tuc-da-di-xuong-d799565.html,
06/03/2026,nongnghiepmoitruong.vn,Miền Trung - Tây Nguyên,Lâm Đồng,68000,-1000.0,https://nongnghiepmoitruong.vn/gia-heo-hoi-hom-nay-6-3-2026-tiep-tuc-da-di-xuong-d799565.html,
06/03/2026,nongnghiepmoitruong.vn,Miền Trung - Tây Nguyên,Nghệ An,63000,-1000.0,https://nongnghiepmoitruong.vn/gia-heo-hoi-hom-nay-6-3-2026-tiep-tuc-da-di-xuong-d799565.html,
06/03/2026,nongnghiepmoitruong.vn,Miền Trung - Tây Nguyên,Quảng Ngãi,66000,-1000.0,https://nongnghiepmoitruong.vn/gia-heo-hoi-hom-nay-6-3-2026-tiep-tuc-da-di-xuong-d799565.html,
06/03/2026,nongnghiepmoitruong.vn,Miền Trung - Tây Nguyên,Quảng Trị,67000,0.0,https://nongnghiepmoitruong.vn/gia-heo-hoi-hom-nay-6-3-2026-tiep-tuc-da-di-xuong-d799565.html,
06/03/2026,nongnghiepmoitruong.vn,Miền Trung - Tây Nguyên,Thanh Hóa,63000,-1000.0,https://nongnghiepmoitruong.vn/gia-heo-hoi-hom-nay-6-3-2026-tiep-tuc-da-di-xuong-d799565.html,
06/03/2026,nongnghiepmoitruong.vn,Miền Trung - Tây Nguyên,Đà Nẵng,66000,-1000.0,https://nongnghiepmoitruong.vn/gia-heo-hoi-hom-nay-6-3-2026-tiep-tuc-da-di-xuong-d799565.html,
06/03/2026,nongnghiepmoitruong.vn,Miền Trung - Tây Nguyên,Đắk Lắk,65000,-2000.0,https://nongnghiepmoitruong.vn/gia-heo-hoi-hom-nay-6-3-2026-tiep-tuc-da-di-xuong-d799565.html,
08/03/2026,nongnghiepmoitruong.vn,Miền Bắc,Bắc Ninh,64000,-7000.0,https://nongnghiepmoitruong.vn/gia-heo-hoi-hom-nay-8-3-2026-mot-tuan-giam-sau-d799741.html,
08/03/2026,nongnghiepmoitruong.vn,Miền Bắc,Cao Bằng,64000,-6000.0,https://nongnghiepmoitruong.vn/gia-heo-hoi-hom-nay-8-3-2026-mot-tuan-giam-sau-d799741.html,
08/03/2026,nongnghiepmoitruong.vn,Miền Bắc,Hà Nội,64000,-6000.0,https://nongnghiepmoitruong.vn/gia-heo-hoi-hom-nay-8-3-2026-mot-tuan-giam-sau-d799741.html,
08/03/2026,nongnghiepmoitruong.vn,Miền Bắc,Hưng Yên,63000,-7000.0,https://nongnghiepmoitruong.vn/gia-heo-hoi-hom-nay-8-3-2026-mot-tuan-giam-sau-d799741.html,
08/03/2026,nongnghiepmoitruong.vn,Miền Bắc,Hải Phòng,63000,-7000.0,https://nongnghiepmoitruong.vn/gia-heo-hoi-hom-nay-8-3-2026-mot-tuan-giam-sau-d799741.html,
08/03/2026,nongnghiepmoitruong.vn,Miền Bắc,Lai Châu,61000,-8000.0,https://nongnghiepmoitruong.vn/gia-heo-hoi-hom-nay-8-3-2026-mot-tuan-giam-sau-d799741.html,
08/03/2026,nongnghiepmoitruong.vn,Miền Bắc,Lào Cai,62000,-7000.0,https://nongnghiepmoitruong.vn/gia-heo-hoi-hom-nay-8-3-2026-mot-tuan-giam-sau-d799741.html,
08/03/2026,nongnghiepmoitruong.vn,Miền Bắc,Lạng Sơn,61000,-8000.0,https://nongnghiepmoitruong.vn/gia-heo-hoi-hom-nay-8-3-2026-mot-tuan-giam-sau-d799741.html,
08/03/2026,nongnghiepmoitruong.vn,Miền Bắc,Ninh Bình,62000,-7000.0,https://nongnghiepmoitruong.vn/gia-heo-hoi-hom-nay-8-3-2026-mot-tuan-giam-sau-d799741.html,
08/03/2026,nongnghiepmoitruong.vn,Miền Bắc,Phú Thọ,61000,-8000.0,https://nongnghiepmoitruong.vn/gia-heo-hoi-hom-nay-8-3-2026-mot-tuan-giam-sau-d799741.html,
08/03/2026,nongnghiepmoitruong.vn,Miền Bắc,Quảng Ninh,62000,-8000.0,https://nongnghiepmoitruong.vn/gia-heo-hoi-hom-nay-8-3-2026-mot-tuan-giam-sau-d799741.html,
08/03/2026,nongnghiepmoitruong.vn,Miền Bắc,Sơn La,63000,-6000.0,https://nongnghiepmoitruong.vn/gia-heo-hoi-hom-nay-8-3-2026-mot-tuan-giam-sau-d799741.html,
08/03/2026,nongnghiepmoitruong.vn,Miền Bắc,Thái Nguyên,62000,-7000.0,https://nongnghiepmoitruong.vn/gia-heo-hoi-hom-nay-8-3-2026-mot-tuan-giam-sau-d799741.html,
08/03/2026,nongnghiepmoitruong.vn,Miền Bắc,Tuyên Quang,62000,-7000.0,https://nongnghiepmoitruong.vn/gia-heo-hoi-hom-nay-8-3-2026-mot-tuan-giam-sau-d799741.html,
08/03/2026,nongnghiepmoitruong.vn,Miền Bắc,Điện Biên,63000,-7000.0,https://nongnghiepmoitruong.vn/gia-heo-hoi-hom-nay-8-3-2026-mot-tuan-giam-sau-d799741.html,
08/03/2026,nongnghiepmoitruong.vn,Miền Nam,An Giang,68000,-2000.0,https://nongnghiepmoitruong.vn/gia-heo-hoi-hom-nay-8-3-2026-mot-tuan-giam-sau-d799741.html,
08/03/2026,nongnghiepmoitruong.vn,Miền Nam,Cà Mau,68000,-2000.0,https://nongnghiepmoitruong.vn/gia-heo-hoi-hom-nay-8-3-2026-mot-tuan-giam-sau-d799741.html,
08/03/2026,nongnghiepmoitruong.vn,Miền Nam,Cần Thơ,67000,-2000.0,https://nongnghiepmoitruong.vn/gia-heo-hoi-hom-nay-8-3-2026-mot-tuan-giam-sau-d799741.html,
08/03/2026,nongnghiepmoitruong.vn,Miền Nam,TP.HCM,69000,-3000.0,https://nongnghiepmoitruong.vn/gia-heo-hoi-hom-nay-8-3-2026-mot-tuan-giam-sau-d799741.html,
08/03/2026,nongnghiepmoitruong.vn,Miền Nam,Tây Ninh,69000,-3000.0,https://nongnghiepmoitruong.vn/gia-heo-hoi-hom-nay-8-3-2026-mot-tuan-giam-sau-d799741.html,
08/03/2026,nongnghiepmoitruong.vn,Miền Nam,Vĩnh Long,68000,-2000.0,https://nongnghiepmoitruong.vn/gia-heo-hoi-hom-nay-8-3-2026-mot-tuan-giam-sau-d799741.html,
08/03/2026,nongnghiepmoitruong.vn,Miền Nam,Đồng Nai,69000,-3000.0,https://nongnghiepmoitruong.vn/gia-heo-hoi-hom-nay-8-3-2026-mot-tuan-giam-sau-d799741.html,
08/03/2026,nongnghiepmoitruong.vn,Miền Nam,Đồng Tháp,68000,-3000.0,https://nongnghiepmoitruong.vn/gia-heo-hoi-hom-nay-8-3-2026-mot-tuan-giam-sau-d799741.html,
08/03/2026,nongnghiepmoitruong.vn,Miền Trung - Tây Nguyên,Gia Lai,65000,-5000.0,https://nongnghiepmoitruong.vn/gia-heo-hoi-hom-nay-8-3-2026-mot-tuan-giam-sau-d799741.html,
08/03/2026,nongnghiepmoitruong.vn,Miền Trung - Tây Nguyên,Huế,67000,-4000.0,https://nongnghiepmoitruong.vn/gia-heo-hoi-hom-nay-8-3-2026-mot-tuan-giam-sau-d799741.html,
08/03/2026,nongnghiepmoitruong.vn,Miền Trung - Tây Nguyên,Hà Tĩnh,61000,-8000.0,https://nongnghiepmoitruong.vn/gia-heo-hoi-hom-nay-8-3-2026-mot-tuan-giam-sau-d799741.html,
08/03/2026,nongnghiepmoitruong.vn,Miền Trung - Tây Nguyên,Khánh Hòa,66000,-4000.0,https://nongnghiepmoitruong.vn/gia-heo-hoi-hom-nay-8-3-2026-mot-tuan-giam-sau-d799741.html,
08/03/2026,nongnghiepmoitruong.vn,Miền Trung - Tây Nguyên,Lâm Đồng,68000,-4000.0,https://nongnghiepmoitruong.vn/gia-heo-hoi-hom-nay-8-3-2026-mot-tuan-giam-sau-d799741.html,
08/03/2026,nongnghiepmoitruong.vn,Miền Trung - Tây Nguyên,Nghệ An,62000,-7000.0,https://nongnghiepmoitruong.vn/gia-heo-hoi-hom-nay-8-3-2026-mot-tuan-giam-sau-d799741.html,
08/03/2026,nongnghiepmoitruong.vn,Miền Trung - Tây Nguyên,Quảng Ngãi,66000,-5000.0,https://nongnghiepmoitruong.vn/gia-heo-hoi-hom-nay-8-3-2026-mot-tuan-giam-sau-d799741.html,
08/03/2026,nongnghiepmoitruong.vn,Miền Trung - Tây Nguyên,Quảng Trị,67000,-4000.0,https://nongnghiepmoitruong.vn/gia-heo-hoi-hom-nay-8-3-2026-mot-tuan-giam-sau-d799741.html,
08/03/2026,nongnghiepmoitruong.vn,Miền Trung - Tây Nguyên,Thanh Hóa,62000,-7000.0,https://nongnghiepmoitruong.vn/gia-heo-hoi-hom-nay-8-3-2026-mot-tuan-giam-sau-d799741.html,
08/03/2026,nongnghiepmoitruong.vn,Miền Trung - Tây Nguyên,Đà Nẵng,66000,-5000.0,https://nongnghiepmoitruong.vn/gia-heo-hoi-hom-nay-8-3-2026-mot-tuan-giam-sau-d799741.html,
08/03/2026,nongnghiepmoitruong.vn,Miền Trung - Tây Nguyên,Đắk Lắk,65000,-5000.0,https://nongnghiepmoitruong.vn/gia-heo-hoi-hom-nay-8-3-2026-mot-tuan-giam-sau-d799741.html,
09/03/2026,nongnghiepmoitruong.vn,Miền Bắc,Bắc Ninh,63000,-1000.0,https://nongnghiepmoitruong.vn/gia-heo-hoi-hom-nay-9-3-2026-tiep-tuc-da-di-xuong-d799845.html,
09/03/2026,nongnghiepmoitruong.vn,Miền Bắc,Cao Bằng,63000,-1000.0,https://nongnghiepmoitruong.vn/gia-heo-hoi-hom-nay-9-3-2026-tiep-tuc-da-di-xuong-d799845.html,
09/03/2026,nongnghiepmoitruong.vn,Miền Bắc,Hà Nội,63000,-1000.0,https://nongnghiepmoitruong.vn/gia-heo-hoi-hom-nay-9-3-2026-tiep-tuc-da-di-xuong-d799845.html,
09/03/2026,nongnghiepmoitruong.vn,Miền Bắc,Hưng Yên,62000,-1000.0,https://nongnghiepmoitruong.vn/gia-heo-hoi-hom-nay-9-3-2026-tiep-tuc-da-di-xuong-d799845.html,
09/03/2026,nongnghiepmoitruong.vn,Miền Bắc,Hải Phòng,63000,0.0,https://nongnghiepmoitruong.vn/gia-heo-hoi-hom-nay-9-3-2026-tiep-tuc-da-di-xuong-d799845.html,
09/03/2026,nongnghiepmoitruong.vn,Miền Bắc,Lai Châu,61000,0.0,https://nongnghiepmoitruong.vn/gia-heo-hoi-hom-nay-9-3-2026-tiep-tuc-da-di-xuong-d799845.html,
09/03/2026,nongnghiepmoitruong.vn,Miền Bắc,Lào Cai,62000,0.0,https://nongnghiepmoitruong.vn/gia-heo-hoi-hom-nay-9-3-2026-tiep-tuc-da-di-xuong-d799845.html,
09/03/2026,nongnghiepmoitruong.vn,Miền Bắc,Lạng Sơn,61000,0.0,https://nongnghiepmoitruong.vn/gia-heo-hoi-hom-nay-9-3-2026-tiep-tuc-da-di-xuong-d799845.html,
09/03/2026,nongnghiepmoitruong.vn,Miền Bắc,Ninh Bình,62000,0.0,https://nongnghiepmoitruong.vn/gia-heo-hoi-hom-nay-9-3-2026-tiep-tuc-da-di-xuong-d799845.html,
09/03/2026,nongnghiepmoitruong.vn,Miền Bắc,Phú Thọ,61000,0.0,https://nongnghiepmoitruong.vn/gia-heo-hoi-hom-nay-9-3-2026-tiep-tuc-da-di-xuong-d799845.html,
09/03/2026,nongnghiepmoitruong.vn,Miền Bắc,Quảng Ninh,61000,-1000.0,https://nongnghiepmoitruong.vn/gia-heo-hoi-hom-nay-9-3-2026-tiep-tuc-da-di-xuong-d799845.html,
09/03/2026,nongnghiepmoitruong.vn,Miền Bắc,Sơn La,62000,-1000.0,https://nongnghiepmoitruong.vn/gia-heo-hoi-hom-nay-9-3-2026-tiep-tuc-da-di-xuong-d799845.html,
09/03/2026,nongnghiepmoitruong.vn,Miền Bắc,Thái Nguyên,61000,-1000.0,https://nongnghiepmoitruong.vn/gia-heo-hoi-hom-nay-9-3-2026-tiep-tuc-da-di-xuong-d799845.html,
09/03/2026,nongnghiepmoitruong.vn,Miền Bắc,Tuyên Quang,62000,0.0,https://nongnghiepmoitruong.vn/gia-heo-hoi-hom-nay-9-3-2026-tiep-tuc-da-di-xuong-d799845.html,
09/03/2026,nongnghiepmoitruong.vn,Miền Bắc,Điện Biên,63000,0.0,https://nongnghiepmoitruong.vn/gia-heo-hoi-hom-nay-9-3-2026-tiep-tuc-da-di-xuong-d799845.html,
09/03/2026,nongnghiepmoitruong.vn,Miền Nam,An Giang,66000,-2000.0,https://nongnghiepmoitruong.vn/gia-heo-hoi-hom-nay-9-3-2026-tiep-tuc-da-di-xuong-d799845.html,
09/03/2026,nongnghiepmoitruong.vn,Miền Nam,Cà Mau,68000,0.0,https://nongnghiepmoitruong.vn/gia-heo-hoi-hom-nay-9-3-2026-tiep-tuc-da-di-xuong-d799845.html,
09/03/2026,nongnghiepmoitruong.vn,Miền Nam,Cần Thơ,67000,0.0,https://nongnghiepmoitruong.vn/gia-heo-hoi-hom-nay-9-3-2026-tiep-tuc-da-di-xuong-d799845.html,
09/03/2026,nongnghiepmoitruong.vn,Miền Nam,TP.HCM,68000,-1000.0,https://nongnghiepmoitruong.vn/gia-heo-hoi-hom-nay-9-3-2026-tiep-tuc-da-di-xuong-d799845.html,
09/03/2026,nongnghiepmoitruong.vn,Miền Nam,Tây Ninh,68000,-1000.0,https://nongnghiepmoitruong.vn/gia-heo-hoi-hom-nay-9-3-2026-tiep-tuc-da-di-xuong-d799845.html,
09/03/2026,nongnghiepmoitruong.vn,Miền Nam,Vĩnh Long,67000,-1000.0,https://nongnghiepmoitruong.vn/gia-heo-hoi-hom-nay-9-3-2026-tiep-tuc-da-di-xuong-d799845.html,
09/03/2026,nongnghiepmoitruong.vn,Miền Nam,Đồng Nai,68000,-1000.0,https://nongnghiepmoitruong.vn/gia-heo-hoi-hom-nay-9-3-2026-tiep-tuc-da-di-xuong-d799845.html,
09/03/2026,nongnghiepmoitruong.vn,Miền Nam,Đồng Tháp,68000,0.0,https://nongnghiepmoitruong.vn/gia-heo-hoi-hom-nay-9-3-2026-tiep-tuc-da-di-xuong-d799845.html,
09/03/2026,nongnghiepmoitruong.vn,Miền Trung - Tây Nguyên,Gia Lai,64000,-1000.0,https://nongnghiepmoitruong.vn/gia-heo-hoi-hom-nay-9-3-2026-tiep-tuc-da-di-xuong-d799845.html,
09/03/2026,nongnghiepmoitruong.vn,Miền Trung - Tây Nguyên,Huế,66000,-1000.0,https://nongnghiepmoitruong.vn/gia-heo-hoi-hom-nay-9-3-2026-tiep-tuc-da-di-xuong-d799845.html,
09/03/2026,nongnghiepmoitruong.vn,Miền Trung - Tây Nguyên,Hà Tĩnh,61000,0.0,https://nongnghiepmoitruong.vn/gia-heo-hoi-hom-nay-9-3-2026-tiep-tuc-da-di-xuong-d799845.html,
09/03/2026,nongnghiepmoitruong.vn,Miền Trung - Tây Nguyên,Khánh Hòa,65000,-1000.0,https://nongnghiepmoitruong.vn/gia-heo-hoi-hom-nay-9-3-2026-tiep-tuc-da-di-xuong-d799845.html,
09/03/2026,nongnghiepmoitruong.vn,Miền Trung - Tây Nguyên,Lâm Đồng,68000,0.0,https://nongnghiepmoitruong.vn/gia-heo-hoi-hom-nay-9-3-2026-tiep-tuc-da-di-xuong-d799845.html,
09/03/2026,nongnghiepmoitruong.vn,Miền Trung - Tây Nguyên,Nghệ An,61000,-1000.0,https://nongnghiepmoitruong.vn/gia-heo-hoi-hom-nay-9-3-2026-tiep-tuc-da-di-xuong-d799845.html,
09/03/2026,nongnghiepmoitruong.vn,Miền Trung - Tây Nguyên,Quảng Ngãi,66000,0.0,https://nongnghiepmoitruong.vn/gia-heo-hoi-hom-nay-9-3-2026-tiep-tuc-da-di-xuong-d799845.html,
09/03/2026,nongnghiepmoitruong.vn,Miền Trung - Tây Nguyên,Quảng Trị,66000,-1000.0,https://nongnghiepmoitruong.vn/gia-heo-hoi-hom-nay-9-3-2026-tiep-tuc-da-di-xuong-d799845.html,
09/03/2026,nongnghiepmoitruong.vn,Miền Trung - Tây Nguyên,Thanh Hóa,61000,-1000.0,https://nongnghiepmoitruong.vn/gia-heo-hoi-hom-nay-9-3-2026-tiep-tuc-da-di-xuong-d799845.html,
09/03/2026,nongnghiepmoitruong.vn,Miền Trung - Tây Nguyên,Đà Nẵng,66000,0.0,https://nongnghiepmoitruong.vn/gia-heo-hoi-hom-nay-9-3-2026-tiep-tuc-da-di-xuong-d799845.html,
09/03/2026,nongnghiepmoitruong.vn,Miền Trung - Tây Nguyên,Đắk Lắk,65000,0.0,https://nongnghiepmoitruong.vn/gia-heo-hoi-hom-nay-9-3-2026-tiep-tuc-da-di-xuong-d799845.html,
10/03/2026,nongnghiepmoitruong.vn,Miền Bắc,Bắc Ninh,63000,0.0,https://nongnghiepmoitruong.vn/gia-heo-hoi-hom-nay-10-3-2026-giam-them-toi-2000-dong-d800075.html,
10/03/2026,nongnghiepmoitruong.vn,Miền Bắc,Cao Bằng,63000,0.0,https://nongnghiepmoitruong.vn/gia-heo-hoi-hom-nay-10-3-2026-giam-them-toi-2000-dong-d800075.html,
10/03/2026,nongnghiepmoitruong.vn,Miền Bắc,Hà Nội,63000,0.0,https://nongnghiepmoitruong.vn/gia-heo-hoi-hom-nay-10-3-2026-giam-them-toi-2000-dong-d800075.html,
10/03/2026,nongnghiepmoitruong.vn,Miền Bắc,Hưng Yên,62000,0.0,https://nongnghiepmoitruong.vn/gia-heo-hoi-hom-nay-10-3-2026-giam-them-toi-2000-dong-d800075.html,
10/03/2026,nongnghiepmoitruong.vn,Miền Bắc,Hải Phòng,63000,0.0,https://nongnghiepmoitruong.vn/gia-heo-hoi-hom-nay-10-3-2026-giam-them-toi-2000-dong-d800075.html,
10/03/2026,nongnghiepmoitruong.vn,Miền Bắc,Lai Châu,60000,-1000.0,https://nongnghiepmoitruong.vn/gia-heo-hoi-hom-nay-10-3-2026-giam-them-toi-2000-dong-d800075.html,
10/03/2026,nongnghiepmoitruong.vn,Miền Bắc,Lào Cai,61000,-1000.0,https://nongnghiepmoitruong.vn/gia-heo-hoi-hom-nay-10-3-2026-giam-them-toi-2000-dong-d800075.html,
10/03/2026,nongnghiepmoitruong.vn,Miền Bắc,Lạng Sơn,61000,0.0,https://nongnghiepmoitruong.vn/gia-heo-hoi-hom-nay-10-3-2026-giam-them-toi-2000-dong-d800075.html,
10/03/2026,nongnghiepmoitruong.vn,Miền Bắc,Ninh Bình,62000,0.0,https://nongnghiepmoitruong.vn/gia-heo-hoi-hom-nay-10-3-2026-giam-them-toi-2000-dong-d800075.html,
10/03/2026,nongnghiepmoitruong.vn,Miền Bắc,Phú Thọ,61000,0.0,https://nongnghiepmoitruong.vn/gia-heo-hoi-hom-nay-10-3-2026-giam-them-toi-2000-dong-d800075.html,
10/03/2026,nongnghiepmoitruong.vn,Miền Bắc,Quảng Ninh,61000,0.0,https://nongnghiepmoitruong.vn/gia-heo-hoi-hom-nay-10-3-2026-giam-them-toi-2000-dong-d800075.html,
10/03/2026,nongnghiepmoitruong.vn,Miền Bắc,Sơn La,62000,0.0,https://nongnghiepmoitruong.vn/gia-heo-hoi-hom-nay-10-3-2026-giam-them-toi-2000-dong-d800075.html,
10/03/2026,nongnghiepmoitruong.vn,Miền Bắc,Thái Nguyên,61000,0.0,https://nongnghiepmoitruong.vn/gia-heo-hoi-hom-nay-10-3-2026-giam-them-toi-2000-dong-d800075.html,
10/03/2026,nongnghiepmoitruong.vn,Miền Bắc,Tuyên Quang,62000,0.0,https://nongnghiepmoitruong.vn/gia-heo-hoi-hom-nay-10-3-2026-giam-them-toi-2000-dong-d800075.html,
10/03/2026,nongnghiepmoitruong.vn,Miền Bắc,Điện Biên,63000,0.0,https://nongnghiepmoitruong.vn/gia-heo-hoi-hom-nay-10-3-2026-giam-them-toi-2000-dong-d800075.html,
10/03/2026,nongnghiepmoitruong.vn,Miền Nam,An Giang,66000,0.0,https://nongnghiepmoitruong.vn/gia-heo-hoi-hom-nay-10-3-2026-giam-them-toi-2000-dong-d800075.html,
10/03/2026,nongnghiepmoitruong.vn,Miền Nam,Cà Mau,67000,-1000.0,https://nongnghiepmoitruong.vn/gia-heo-hoi-hom-nay-10-3-2026-giam-them-toi-2000-dong-d800075.html,
10/03/2026,nongnghiepmoitruong.vn,Miền Nam,Cần Thơ,67000,0.0,https://nongnghiepmoitruong.vn/gia-heo-hoi-hom-nay-10-3-2026-giam-them-toi-2000-dong-d800075.html,
10/03/2026,nongnghiepmoitruong.vn,Miền Nam,TP.HCM,68000,0.0,https://nongnghiepmoitruong.vn/gia-heo-hoi-hom-nay-10-3-2026-giam-them-toi-2000-dong-d800075.html,
10/03/2026,nongnghiepmoitruong.vn,Miền Nam,Tây Ninh,68000,0.0,https://nongnghiepmoitruong.vn/gia-heo-hoi-hom-nay-10-3-2026-giam-them-toi-2000-dong-d800075.html,
10/03/2026,nongnghiepmoitruong.vn,Miền Nam,Vĩnh Long,67000,0.0,https://nongnghiepmoitruong.vn/gia-heo-hoi-hom-nay-10-3-2026-giam-them-toi-2000-dong-d800075.html,
10/03/2026,nongnghiepmoitruong.vn,Miền Nam,Đồng Nai,68000,0.0,https://nongnghiepmoitruong.vn/gia-heo-hoi-hom-nay-10-3-2026-giam-them-toi-2000-dong-d800075.html,
10/03/2026,nongnghiepmoitruong.vn,Miền Nam,Đồng Tháp,68000,0.0,https://nongnghiepmoitruong.vn/gia-heo-hoi-hom-nay-10-3-2026-giam-them-toi-2000-dong-d800075.html,
10/03/2026,nongnghiepmoitruong.vn,Miền Trung - Tây Nguyên,Gia Lai,63000,-1000.0,https://nongnghiepmoitruong.vn/gia-heo-hoi-hom-nay-10-3-2026-giam-them-toi-2000-dong-d800075.html,
10/03/2026,nongnghiepmoitruong.vn,Miền Trung - Tây Nguyên,Huế,64000,-2000.0,https://nongnghiepmoitruong.vn/gia-heo-hoi-hom-nay-10-3-2026-giam-them-toi-2000-dong-d800075.html,
10/03/2026,nongnghiepmoitruong.vn,Miền Trung - Tây Nguyên,Hà Tĩnh,60000,-1000.0,https://nongnghiepmoitruong.vn/gia-heo-hoi-hom-nay-10-3-2026-giam-them-toi-2000-dong-d800075.html,
10/03/2026,nongnghiepmoitruong.vn,Miền Trung - Tây Nguyên,Khánh Hòa,64000,-1000.0,https://nongnghiepmoitruong.vn/gia-heo-hoi-hom-nay-10-3-2026-giam-them-toi-2000-dong-d800075.html,
10/03/2026,nongnghiepmoitruong.vn,Miền Trung - Tây Nguyên,Lâm Đồng,67000,-1000.0,https://nongnghiepmoitruong.vn/gia-heo-hoi-hom-nay-10-3-2026-giam-them-toi-2000-dong-d800075.html,
10/03/2026,nongnghiepmoitruong.vn,Miền Trung - Tây Nguyên,Nghệ An,60000,-1000.0,https://nongnghiepmoitruong.vn/gia-heo-hoi-hom-nay-10-3-2026-giam-them-toi-2000-dong-d800075.html,
10/03/2026,nongnghiepmoitruong.vn,Miền Trung - Tây Nguyên,Quảng Ngãi,64000,-2000.0,https://nongnghiepmoitruong.vn/gia-heo-hoi-hom-nay-10-3-2026-giam-them-toi-2000-dong-d800075.html,
10/03/2026,nongnghiepmoitruong.vn,Miền Trung - Tây Nguyên,Quảng Trị,64000,-2000.0,https://nongnghiepmoitruong.vn/gia-heo-hoi-hom-nay-10-3-2026-giam-them-toi-2000-dong-d800075.html,
10/03/2026,nongnghiepmoitruong.vn,Miền Trung - Tây Nguyên,Thanh Hóa,60000,-1000.0,https://nongnghiepmoitruong.vn/gia-heo-hoi-hom-nay-10-3-2026-giam-them-toi-2000-dong-d800075.html,
10/03/2026,nongnghiepmoitruong.vn,Miền Trung - Tây Nguyên,Đà Nẵng,64000,-2000.0,https://nongnghiepmoitruong.vn/gia-heo-hoi-hom-nay-10-3-2026-giam-them-toi-2000-dong-d800075.html,
10/03/2026,nongnghiepmoitruong.vn,Miền Trung - Tây Nguyên,Đắk Lắk,64000,-1000.0,https://nongnghiepmoitruong.vn/gia-heo-hoi-hom-nay-10-3-2026-giam-them-toi-2000-dong-d800075.html,
13/03/2026,nongnghiepmoitruong.vn,Miền Bắc,Bắc Ninh,63000,0.0,https://nongnghiepmoitruong.vn/gia-heo-hoi-hom-nay-13-3-2026-van-xu-huong-giam-d800683.html,
13/03/2026,nongnghiepmoitruong.vn,Miền Bắc,Cao Bằng,63000,0.0,https://nongnghiepmoitruong.vn/gia-heo-hoi-hom-nay-13-3-2026-van-xu-huong-giam-d800683.html,
13/03/2026,nongnghiepmoitruong.vn,Miền Bắc,Hà Nội,63000,0.0,https://nongnghiepmoitruong.vn/gia-heo-hoi-hom-nay-13-3-2026-van-xu-huong-giam-d800683.html,
13/03/2026,nongnghiepmoitruong.vn,Miền Bắc,Hưng Yên,62000,0.0,https://nongnghiepmoitruong.vn/gia-heo-hoi-hom-nay-13-3-2026-van-xu-huong-giam-d800683.html,
13/03/2026,nongnghiepmoitruong.vn,Miền Bắc,Hải Phòng,63000,0.0,https://nongnghiepmoitruong.vn/gia-heo-hoi-hom-nay-13-3-2026-van-xu-huong-giam-d800683.html,
13/03/2026,nongnghiepmoitruong.vn,Miền Bắc,Lai Châu,60000,0.0,https://nongnghiepmoitruong.vn/gia-heo-hoi-hom-nay-13-3-2026-van-xu-huong-giam-d800683.html,
13/03/2026,nongnghiepmoitruong.vn,Miền Bắc,Lào Cai,61000,0.0,https://nongnghiepmoitruong.vn/gia-heo-hoi-hom-nay-13-3-2026-van-xu-huong-giam-d800683.html,
13/03/2026,nongnghiepmoitruong.vn,Miền Bắc,Lạng Sơn,61000,0.0,https://nongnghiepmoitruong.vn/gia-heo-hoi-hom-nay-13-3-2026-van-xu-huong-giam-d800683.html,
13/03/2026,nongnghiepmoitruong.vn,Miền Bắc,Ninh Bình,62000,0.0,https://nongnghiepmoitruong.vn/gia-heo-hoi-hom-nay-13-3-2026-van-xu-huong-giam-d800683.html,
13/03/2026,nongnghiepmoitruong.vn,Miền Bắc,Phú Thọ,62000,1000.0,https://nongnghiepmoitruong.vn/gia-heo-hoi-hom-nay-13-3-2026-van-xu-huong-giam-d800683.html,
13/03/2026,nongnghiepmoitruong.vn,Miền Bắc,Quảng Ninh,61000,0.0,https://nongnghiepmoitruong.vn/gia-heo-hoi-hom-nay-13-3-2026-van-xu-huong-giam-d800683.html,
13/03/2026,nongnghiepmoitruong.vn,Miền Bắc,Sơn La,62000,0.0,https://nongnghiepmoitruong.vn/gia-heo-hoi-hom-nay-13-3-2026-van-xu-huong-giam-d800683.html,
13/03/2026,nongnghiepmoitruong.vn,Miền Bắc,Thái Nguyên,61000,0.0,https://nongnghiepmoitruong.vn/gia-heo-hoi-hom-nay-13-3-2026-van-xu-huong-giam-d800683.html,
13/03/2026,nongnghiepmoitruong.vn,Miền Bắc,Tuyên Quang,62000,0.0,https://nongnghiepmoitruong.vn/gia-heo-hoi-hom-nay-13-3-2026-van-xu-huong-giam-d800683.html,
13/03/2026,nongnghiepmoitruong.vn,Miền Bắc,Điện Biên,63000,0.0,https://nongnghiepmoitruong.vn/gia-heo-hoi-hom-nay-13-3-2026-van-xu-huong-giam-d800683.html,
13/03/2026,nongnghiepmoitruong.vn,Miền Nam,An Giang,66000,0.0,https://nongnghiepmoitruong.vn/gia-heo-hoi-hom-nay-13-3-2026-van-xu-huong-giam-d800683.html,
13/03/2026,nongnghiepmoitruong.vn,Miền Nam,Cà Mau,67000,0.0,https://nongnghiepmoitruong.vn/gia-heo-hoi-hom-nay-13-3-2026-van-xu-huong-giam-d800683.html,
13/03/2026,nongnghiepmoitruong.vn,Miền Nam,Cần Thơ,66000,-1000.0,https://nongnghiepmoitruong.vn/gia-heo-hoi-hom-nay-13-3-2026-van-xu-huong-giam-d800683.html,
13/03/2026,nongnghiepmoitruong.vn,Miền Nam,TP.HCM,68000,0.0,https://nongnghiepmoitruong.vn/gia-heo-hoi-hom-nay-13-3-2026-van-xu-huong-giam-d800683.html,
13/03/2026,nongnghiepmoitruong.vn,Miền Nam,Tây Ninh,67000,-1000.0,https://nongnghiepmoitruong.vn/gia-heo-hoi-hom-nay-13-3-2026-van-xu-huong-giam-d800683.html,
13/03/2026,nongnghiepmoitruong.vn,Miền Nam,Vĩnh Long,65000,-1000.0,https://nongnghiepmoitruong.vn/gia-heo-hoi-hom-nay-13-3-2026-van-xu-huong-giam-d800683.html,
13/03/2026,nongnghiepmoitruong.vn,Miền Nam,Đồng Nai,68000,0.0,https://nongnghiepmoitruong.vn/gia-heo-hoi-hom-nay-13-3-2026-van-xu-huong-giam-d800683.html,
13/03/2026,nongnghiepmoitruong.vn,Miền Nam,Đồng Tháp,65000,-2000.0,https://nongnghiepmoitruong.vn/gia-heo-hoi-hom-nay-13-3-2026-van-xu-huong-giam-d800683.html,
13/03/2026,nongnghiepmoitruong.vn,Miền Trung - Tây Nguyên,Gia Lai,62000,-1000.0,https://nongnghiepmoitruong.vn/gia-heo-hoi-hom-nay-13-3-2026-van-xu-huong-giam-d800683.html,
13/03/2026,nongnghiepmoitruong.vn,Miền Trung - Tây Nguyên,Huế,63000,-1000.0,https://nongnghiepmoitruong.vn/gia-heo-hoi-hom-nay-13-3-2026-van-xu-huong-giam-d800683.html,
13/03/2026,nongnghiepmoitruong.vn,Miền Trung - Tây Nguyên,Hà Tĩnh,60000,0.0,https://nongnghiepmoitruong.vn/gia-heo-hoi-hom-nay-13-3-2026-van-xu-huong-giam-d800683.html,
13/03/2026,nongnghiepmoitruong.vn,Miền Trung - Tây Nguyên,Khánh Hòa,63000,-1000.0,https://nongnghiepmoitruong.vn/gia-heo-hoi-hom-nay-13-3-2026-van-xu-huong-giam-d800683.html,
13/03/2026,nongnghiepmoitruong.vn,Miền Trung - Tây Nguyên,Lâm Đồng,66000,-1000.0,https://nongnghiepmoitruong.vn/gia-heo-hoi-hom-nay-13-3-2026-van-xu-huong-giam-d800683.html,
13/03/2026,nongnghiepmoitruong.vn,Miền Trung - Tây Nguyên,Nghệ An,61000,0.0,https://nongnghiepmoitruong.vn/gia-heo-hoi-hom-nay-13-3-2026-van-xu-huong-giam-d800683.html,
13/03/2026,nongnghiepmoitruong.vn,Miền Trung - Tây Nguyên,Quảng Ngãi,63000,-1000.0,https://nongnghiepmoitruong.vn/gia-heo-hoi-hom-nay-13-3-2026-van-xu-huong-giam-d800683.html,
13/03/2026,nongnghiepmoitruong.vn,Miền Trung - Tây Nguyên,Quảng Trị,63000,-1000.0,https://nongnghiepmoitruong.vn/gia-heo-hoi-hom-nay-13-3-2026-van-xu-huong-giam-d800683.html,
13/03/2026,nongnghiepmoitruong.vn,Miền Trung - Tây Nguyên,Thanh Hóa,62000,1000.0,https://nongnghiepmoitruong.vn/gia-heo-hoi-hom-nay-13-3-2026-van-xu-huong-giam-d800683.html,
13/03/2026,nongnghiepmoitruong.vn,Miền Trung - Tây Nguyên,Đà Nẵng,63000,-1000.0,https://nongnghiepmoitruong.vn/gia-heo-hoi-hom-nay-13-3-2026-van-xu-huong-giam-d800683.html,
13/03/2026,nongnghiepmoitruong.vn,Miền Trung - Tây Nguyên,Đắk Lắk,63000,-1000.0,https://nongnghiepmoitruong.vn/gia-heo-hoi-hom-nay-13-3-2026-van-xu-huong-giam-d800683.html,
14/03/2026,nongnghiepmoitruong.vn,Miền Bắc,Bắc Ninh,63000,0.0,https://nongnghiepmoitruong.vn/gia-heo-hoi-hom-nay-14-3-2026-tang-giam-trai-chieu-d800833.html,
14/03/2026,nongnghiepmoitruong.vn,Miền Bắc,Cao Bằng,63000,0.0,https://nongnghiepmoitruong.vn/gia-heo-hoi-hom-nay-14-3-2026-tang-giam-trai-chieu-d800833.html,
14/03/2026,nongnghiepmoitruong.vn,Miền Bắc,Hà Nội,63000,0.0,https://nongnghiepmoitruong.vn/gia-heo-hoi-hom-nay-14-3-2026-tang-giam-trai-chieu-d800833.html,
14/03/2026,nongnghiepmoitruong.vn,Miền Bắc,Hưng Yên,63000,1000.0,https://nongnghiepmoitruong.vn/gia-heo-hoi-hom-nay-14-3-2026-tang-giam-trai-chieu-d800833.html,
14/03/2026,nongnghiepmoitruong.vn,Miền Bắc,Hải Phòng,63000,0.0,https://nongnghiepmoitruong.vn/gia-heo-hoi-hom-nay-14-3-2026-tang-giam-trai-chieu-d800833.html,
14/03/2026,nongnghiepmoitruong.vn,Miền Bắc,Lai Châu,60000,0.0,https://nongnghiepmoitruong.vn/gia-heo-hoi-hom-nay-14-3-2026-tang-giam-trai-chieu-d800833.html,
14/03/2026,nongnghiepmoitruong.vn,Miền Bắc,Lào Cai,61000,0.0,https://nongnghiepmoitruong.vn/gia-heo-hoi-hom-nay-14-3-2026-tang-giam-trai-chieu-d800833.html,
14/03/2026,nongnghiepmoitruong.vn,Miền Bắc,Lạng Sơn,61000,0.0,https://nongnghiepmoitruong.vn/gia-heo-hoi-hom-nay-14-3-2026-tang-giam-trai-chieu-d800833.html,
14/03/2026,nongnghiepmoitruong.vn,Miền Bắc,Ninh Bình,62000,0.0,https://nongnghiepmoitruong.vn/gia-heo-hoi-hom-nay-14-3-2026-tang-giam-trai-chieu-d800833.html,
14/03/2026,nongnghiepmoitruong.vn,Miền Bắc,Phú Thọ,62000,0.0,https://nongnghiepmoitruong.vn/gia-heo-hoi-hom-nay-14-3-2026-tang-giam-trai-chieu-d800833.html,
14/03/2026,nongnghiepmoitruong.vn,Miền Bắc,Quảng Ninh,61000,0.0,https://nongnghiepmoitruong.vn/gia-heo-hoi-hom-nay-14-3-2026-tang-giam-trai-chieu-d800833.html,
14/03/2026,nongnghiepmoitruong.vn,Miền Bắc,Sơn La,62000,0.0,https://nongnghiepmoitruong.vn/gia-heo-hoi-hom-nay-14-3-2026-tang-giam-trai-chieu-d800833.html,
14/03/2026,nongnghiepmoitruong.vn,Miền Bắc,Thái Nguyên,61000,0.0,https://nongnghiepmoitruong.vn/gia-heo-hoi-hom-nay-14-3-2026-tang-giam-trai-chieu-d800833.html,
14/03/2026,nongnghiepmoitruong.vn,Miền Bắc,Tuyên Quang,62000,0.0,https://nongnghiepmoitruong.vn/gia-heo-hoi-hom-nay-14-3-2026-tang-giam-trai-chieu-d800833.html,
14/03/2026,nongnghiepmoitruong.vn,Miền Bắc,Điện Biên,63000,0.0,https://nongnghiepmoitruong.vn/gia-heo-hoi-hom-nay-14-3-2026-tang-giam-trai-chieu-d800833.html,
14/03/2026,nongnghiepmoitruong.vn,Miền Nam,An Giang,65000,-1000.0,https://nongnghiepmoitruong.vn/gia-heo-hoi-hom-nay-14-3-2026-tang-giam-trai-chieu-d800833.html,
14/03/2026,nongnghiepmoitruong.vn,Miền Nam,Cà Mau,65000,-1000.0,https://nongnghiepmoitruong.vn/gia-heo-hoi-hom-nay-14-3-2026-tang-giam-trai-chieu-d800833.html,
14/03/2026,nongnghiepmoitruong.vn,Miền Nam,Cần Thơ,65000,-1000.0,https://nongnghiepmoitruong.vn/gia-heo-hoi-hom-nay-14-3-2026-tang-giam-trai-chieu-d800833.html,
14/03/2026,nongnghiepmoitruong.vn,Miền Nam,TP.HCM,66000,0.0,https://nongnghiepmoitruong.vn/gia-heo-hoi-hom-nay-14-3-2026-tang-giam-trai-chieu-d800833.html,
14/03/2026,nongnghiepmoitruong.vn,Miền Nam,Tây Ninh,65000,-1000.0,https://nongnghiepmoitruong.vn/gia-heo-hoi-hom-nay-14-3-2026-tang-giam-trai-chieu-d800833.html,
14/03/2026,nongnghiepmoitruong.vn,Miền Nam,Vĩnh Long,64000,-1000.0,https://nongnghiepmoitruong.vn/gia-heo-hoi-hom-nay-14-3-2026-tang-giam-trai-chieu-d800833.html,
14/03/2026,nongnghiepmoitruong.vn,Miền Nam,Đồng Nai,65000,-1000.0,https://nongnghiepmoitruong.vn/gia-heo-hoi-hom-nay-14-3-2026-tang-giam-trai-chieu-d800833.html,
14/03/2026,nongnghiepmoitruong.vn,Miền Nam,Đồng Tháp,64000,-1000.0,https://nongnghiepmoitruong.vn/gia-heo-hoi-hom-nay-14-3-2026-tang-giam-trai-chieu-d800833.html,
14/03/2026,nongnghiepmoitruong.vn,Miền Trung - Tây Nguyên,Gia Lai,62000,0.0,https://nongnghiepmoitruong.vn/gia-heo-hoi-hom-nay-14-3-2026-tang-giam-trai-chieu-d800833.html,
14/03/2026,nongnghiepmoitruong.vn,Miền Trung - Tây Nguyên,Huế,63000,0.0,https://nongnghiepmoitruong.vn/gia-heo-hoi-hom-nay-14-3-2026-tang-giam-trai-chieu-d800833.html,
14/03/2026,nongnghiepmoitruong.vn,Miền Trung - Tây Nguyên,Hà Tĩnh,61000,1000.0,https://nongnghiepmoitruong.vn/gia-heo-hoi-hom-nay-14-3-2026-tang-giam-trai-chieu-d800833.html,
14/03/2026,nongnghiepmoitruong.vn,Miền Trung - Tây Nguyên,Khánh Hòa,63000,0.0,https://nongnghiepmoitruong.vn/gia-heo-hoi-hom-nay-14-3-2026-tang-giam-trai-chieu-d800833.html,
14/03/2026,nongnghiepmoitruong.vn,Miền Trung - Tây Nguyên,Lâm Đồng,65000,-1000.0,https://nongnghiepmoitruong.vn/gia-heo-hoi-hom-nay-14-3-2026-tang-giam-trai-chieu-d800833.html,
14/03/2026,nongnghiepmoitruong.vn,Miền Trung - Tây Nguyên,Nghệ An,62000,1000.0,https://nongnghiepmoitruong.vn/gia-heo-hoi-hom-nay-14-3-2026-tang-giam-trai-chieu-d800833.html,
14/03/2026,nongnghiepmoitruong.vn,Miền Trung - Tây Nguyên,Quảng Ngãi,62000,-1000.0,https://nongnghiepmoitruong.vn/gia-heo-hoi-hom-nay-14-3-2026-tang-giam-trai-chieu-d800833.html,
14/03/2026,nongnghiepmoitruong.vn,Miền Trung - Tây Nguyên,Quảng Trị,63000,0.0,https://nongnghiepmoitruong.vn/gia-heo-hoi-hom-nay-14-3-2026-tang-giam-trai-chieu-d800833.html,
14/03/2026,nongnghiepmoitruong.vn,Miền Trung - Tây Nguyên,Thanh Hóa,62000,0.0,https://nongnghiepmoitruong.vn/gia-heo-hoi-hom-nay-14-3-2026-tang-giam-trai-chieu-d800833.html,
14/03/2026,nongnghiepmoitruong.vn,Miền Trung - Tây Nguyên,Đà Nẵng,62000,-1000.0,https://nongnghiepmoitruong.vn/gia-heo-hoi-hom-nay-14-3-2026-tang-giam-trai-chieu-d800833.html,
14/03/2026,nongnghiepmoitruong.vn,Miền Trung - Tây Nguyên,Đắk Lắk,63000,0.0,https://nongnghiepmoitruong.vn/gia-heo-hoi-hom-nay-14-3-2026-tang-giam-trai-chieu-d800833.html,
15/03/2026,nongnghiepmoitruong.vn,Miền Bắc,Bắc Ninh,63000,-1000.0,https://nongnghiepmoitruong.vn/gia-heo-hoi-hom-nay-15-3-2026-tuan-nay-bien-dong-trai-chieu-d800953.html,
15/03/2026,nongnghiepmoitruong.vn,Miền Bắc,Cao Bằng,63000,-1000.0,https://nongnghiepmoitruong.vn/gia-heo-hoi-hom-nay-15-3-2026-tuan-nay-bien-dong-trai-chieu-d800953.html,
15/03/2026,nongnghiepmoitruong.vn,Miền Bắc,Hà Nội,63000,-1000.0,https://nongnghiepmoitruong.vn/gia-heo-hoi-hom-nay-15-3-2026-tuan-nay-bien-dong-trai-chieu-d800953.html,
15/03/2026,nongnghiepmoitruong.vn,Miền Bắc,Hưng Yên,63000,0.0,https://nongnghiepmoitruong.vn/gia-heo-hoi-hom-nay-15-3-2026-tuan-nay-bien-dong-trai-chieu-d800953.html,
15/03/2026,nongnghiepmoitruong.vn,Miền Bắc,Hải Phòng,63000,0.0,https://nongnghiepmoitruong.vn/gia-heo-hoi-hom-nay-15-3-2026-tuan-nay-bien-dong-trai-chieu-d800953.html,
15/03/2026,nongnghiepmoitruong.vn,Miền Bắc,Lai Châu,60000,-1000.0,https://nongnghiepmoitruong.vn/gia-heo-hoi-hom-nay-15-3-2026-tuan-nay-bien-dong-trai-chieu-d800953.html,
15/03/2026,nongnghiepmoitruong.vn,Miền Bắc,Lào Cai,61000,-1000.0,https://nongnghiepmoitruong.vn/gia-heo-hoi-hom-nay-15-3-2026-tuan-nay-bien-dong-trai-chieu-d800953.html,
15/03/2026,nongnghiepmoitruong.vn,Miền Bắc,Lạng Sơn,61000,0.0,https://nongnghiepmoitruong.vn/gia-heo-hoi-hom-nay-15-3-2026-tuan-nay-bien-dong-trai-chieu-d800953.html,
15/03/2026,nongnghiepmoitruong.vn,Miền Bắc,Ninh Bình,62000,0.0,https://nongnghiepmoitruong.vn/gia-heo-hoi-hom-nay-15-3-2026-tuan-nay-bien-dong-trai-chieu-d800953.html,
15/03/2026,nongnghiepmoitruong.vn,Miền Bắc,Phú Thọ,62000,1000.0,https://nongnghiepmoitruong.vn/gia-heo-hoi-hom-nay-15-3-2026-tuan-nay-bien-dong-trai-chieu-d800953.html,
15/03/2026,nongnghiepmoitruong.vn,Miền Bắc,Quảng Ninh,61000,-1000.0,https://nongnghiepmoitruong.vn/gia-heo-hoi-hom-nay-15-3-2026-tuan-nay-bien-dong-trai-chieu-d800953.html,
15/03/2026,nongnghiepmoitruong.vn,Miền Bắc,Sơn La,62000,-1000.0,https://nongnghiepmoitruong.vn/gia-heo-hoi-hom-nay-15-3-2026-tuan-nay-bien-dong-trai-chieu-d800953.html,
15/03/2026,nongnghiepmoitruong.vn,Miền Bắc,Thái Nguyên,61000,-1000.0,https://nongnghiepmoitruong.vn/gia-heo-hoi-hom-nay-15-3-2026-tuan-nay-bien-dong-trai-chieu-d800953.html,
15/03/2026,nongnghiepmoitruong.vn,Miền Bắc,Tuyên Quang,62000,0.0,https://nongnghiepmoitruong.vn/gia-heo-hoi-hom-nay-15-3-2026-tuan-nay-bien-dong-trai-chieu-d800953.html,
15/03/2026,nongnghiepmoitruong.vn,Miền Bắc,Điện Biên,63000,0.0,https://nongnghiepmoitruong.vn/gia-heo-hoi-hom-nay-15-3-2026-tuan-nay-bien-dong-trai-chieu-d800953.html,
15/03/2026,nongnghiepmoitruong.vn,Miền Nam,An Giang,65000,-3000.0,https://nongnghiepmoitruong.vn/gia-heo-hoi-hom-nay-15-3-2026-tuan-nay-bien-dong-trai-chieu-d800953.html,
15/03/2026,nongnghiepmoitruong.vn,Miền Nam,Cà Mau,65000,-3000.0,https://nongnghiepmoitruong.vn/gia-heo-hoi-hom-nay-15-3-2026-tuan-nay-bien-dong-trai-chieu-d800953.html,
15/03/2026,nongnghiepmoitruong.vn,Miền Nam,Cần Thơ,65000,-2000.0,https://nongnghiepmoitruong.vn/gia-heo-hoi-hom-nay-15-3-2026-tuan-nay-bien-dong-trai-chieu-d800953.html,
15/03/2026,nongnghiepmoitruong.vn,Miền Nam,TP.HCM,66000,-3000.0,https://nongnghiepmoitruong.vn/gia-heo-hoi-hom-nay-15-3-2026-tuan-nay-bien-dong-trai-chieu-d800953.html,
15/03/2026,nongnghiepmoitruong.vn,Miền Nam,Tây Ninh,65000,-4000.0,https://nongnghiepmoitruong.vn/gia-heo-hoi-hom-nay-15-3-2026-tuan-nay-bien-dong-trai-chieu-d800953.html,
15/03/2026,nongnghiepmoitruong.vn,Miền Nam,Vĩnh Long,64000,-4000.0,https://nongnghiepmoitruong.vn/gia-heo-hoi-hom-nay-15-3-2026-tuan-nay-bien-dong-trai-chieu-d800953.html,
15/03/2026,nongnghiepmoitruong.vn,Miền Nam,Đồng Nai,65000,-4000.0,https://nongnghiepmoitruong.vn/gia-heo-hoi-hom-nay-15-3-2026-tuan-nay-bien-dong-trai-chieu-d800953.html,
15/03/2026,nongnghiepmoitruong.vn,Miền Nam,Đồng Tháp,64000,-4000.0,https://nongnghiepmoitruong.vn/gia-heo-hoi-hom-nay-15-3-2026-tuan-nay-bien-dong-trai-chieu-d800953.html,
15/03/2026,nongnghiepmoitruong.vn,Miền Trung - Tây Nguyên,Gia Lai,62000,-3000.0,https://nongnghiepmoitruong.vn/gia-heo-hoi-hom-nay-15-3-2026-tuan-nay-bien-dong-trai-chieu-d800953.html,
15/03/2026,nongnghiepmoitruong.vn,Miền Trung - Tây Nguyên,Huế,63000,-4000.0,https://nongnghiepmoitruong.vn/gia-heo-hoi-hom-nay-15-3-2026-tuan-nay-bien-dong-trai-chieu-d800953.html,
15/03/2026,nongnghiepmoitruong.vn,Miền Trung - Tây Nguyên,Hà Tĩnh,61000,0.0,https://nongnghiepmoitruong.vn/gia-heo-hoi-hom-nay-15-3-2026-tuan-nay-bien-dong-trai-chieu-d800953.html,
15/03/2026,nongnghiepmoitruong.vn,Miền Trung - Tây Nguyên,Khánh Hòa,63000,-3000.0,https://nongnghiepmoitruong.vn/gia-heo-hoi-hom-nay-15-3-2026-tuan-nay-bien-dong-trai-chieu-d800953.html,
15/03/2026,nongnghiepmoitruong.vn,Miền Trung - Tây Nguyên,Lâm Đồng,65000,-3000.0,https://nongnghiepmoitruong.vn/gia-heo-hoi-hom-nay-15-3-2026-tuan-nay-bien-dong-trai-chieu-d800953.html,
15/03/2026,nongnghiepmoitruong.vn,Miền Trung - Tây Nguyên,Nghệ An,62000,0.0,https://nongnghiepmoitruong.vn/gia-heo-hoi-hom-nay-15-3-2026-tuan-nay-bien-dong-trai-chieu-d800953.html,
15/03/2026,nongnghiepmoitruong.vn,Miền Trung - Tây Nguyên,Quảng Ngãi,62000,-4000.0,https://nongnghiepmoitruong.vn/gia-heo-hoi-hom-nay-15-3-2026-tuan-nay-bien-dong-trai-chieu-d800953.html,
15/03/2026,nongnghiepmoitruong.vn,Miền Trung - Tây Nguyên,Quảng Trị,63000,-4000.0,https://nongnghiepmoitruong.vn/gia-heo-hoi-hom-nay-15-3-2026-tuan-nay-bien-dong-trai-chieu-d800953.html,
15/03/2026,nongnghiepmoitruong.vn,Miền Trung - Tây Nguyên,Thanh Hóa,62000,0.0,https://nongnghiepmoitruong.vn/gia-heo-hoi-hom-nay-15-3-2026-tuan-nay-bien-dong-trai-chieu-d800953.html,
15/03/2026,nongnghiepmoitruong.vn,Miền Trung - Tây Nguyên,Đà Nẵng,62000,-4000.0,https://nongnghiepmoitruong.vn/gia-heo-hoi-hom-nay-15-3-2026-tuan-nay-bien-dong-trai-chieu-d800953.html,
15/03/2026,nongnghiepmoitruong.vn,Miền Trung - Tây Nguyên,Đắk Lắk,63000,-2000.0,https://nongnghiepmoitruong.vn/gia-heo-hoi-hom-nay-15-3-2026-tuan-nay-bien-dong-trai-chieu-d800953.html,
16/03/2026,nongnghiepmoitruong.vn,Miền Bắc,Bắc Ninh,63000,0.0,https://nongnghiepmoitruong.vn/gia-heo-hoi-hom-nay-16-3-2026-thi-truong-tram-lang-d801215.html,
16/03/2026,nongnghiepmoitruong.vn,Miền Bắc,Cao Bằng,63000,0.0,https://nongnghiepmoitruong.vn/gia-heo-hoi-hom-nay-16-3-2026-thi-truong-tram-lang-d801215.html,
16/03/2026,nongnghiepmoitruong.vn,Miền Bắc,Hà Nội,63000,0.0,https://nongnghiepmoitruong.vn/gia-heo-hoi-hom-nay-16-3-2026-thi-truong-tram-lang-d801215.html,
16/03/2026,nongnghiepmoitruong.vn,Miền Bắc,Hưng Yên,63000,0.0,https://nongnghiepmoitruong.vn/gia-heo-hoi-hom-nay-16-3-2026-thi-truong-tram-lang-d801215.html,
16/03/2026,nongnghiepmoitruong.vn,Miền Bắc,Hải Phòng,63000,0.0,https://nongnghiepmoitruong.vn/gia-heo-hoi-hom-nay-16-3-2026-thi-truong-tram-lang-d801215.html,
16/03/2026,nongnghiepmoitruong.vn,Miền Bắc,Lai Châu,60000,0.0,https://nongnghiepmoitruong.vn/gia-heo-hoi-hom-nay-16-3-2026-thi-truong-tram-lang-d801215.html,
16/03/2026,nongnghiepmoitruong.vn,Miền Bắc,Lào Cai,61000,0.0,https://nongnghiepmoitruong.vn/gia-heo-hoi-hom-nay-16-3-2026-thi-truong-tram-lang-d801215.html,
16/03/2026,nongnghiepmoitruong.vn,Miền Bắc,Lạng Sơn,61000,0.0,https://nongnghiepmoitruong.vn/gia-heo-hoi-hom-nay-16-3-2026-thi-truong-tram-lang-d801215.html,
16/03/2026,nongnghiepmoitruong.vn,Miền Bắc,Ninh Bình,62000,0.0,https://nongnghiepmoitruong.vn/gia-heo-hoi-hom-nay-16-3-2026-thi-truong-tram-lang-d801215.html,
16/03/2026,nongnghiepmoitruong.vn,Miền Bắc,Phú Thọ,62000,0.0,https://nongnghiepmoitruong.vn/gia-heo-hoi-hom-nay-16-3-2026-thi-truong-tram-lang-d801215.html,
16/03/2026,nongnghiepmoitruong.vn,Miền Bắc,Quảng Ninh,61000,0.0,https://nongnghiepmoitruong.vn/gia-heo-hoi-hom-nay-16-3-2026-thi-truong-tram-lang-d801215.html,
16/03/2026,nongnghiepmoitruong.vn,Miền Bắc,Sơn La,62000,0.0,https://nongnghiepmoitruong.vn/gia-heo-hoi-hom-nay-16-3-2026-thi-truong-tram-lang-d801215.html,
16/03/2026,nongnghiepmoitruong.vn,Miền Bắc,Thái Nguyên,61000,0.0,https://nongnghiepmoitruong.vn/gia-heo-hoi-hom-nay-16-3-2026-thi-truong-tram-lang-d801215.html,
16/03/2026,nongnghiepmoitruong.vn,Miền Bắc,Tuyên Quang,62000,0.0,https://nongnghiepmoitruong.vn/gia-heo-hoi-hom-nay-16-3-2026-thi-truong-tram-lang-d801215.html,
16/03/2026,nongnghiepmoitruong.vn,Miền Bắc,Điện Biên,63000,0.0,https://nongnghiepmoitruong.vn/gia-heo-hoi-hom-nay-16-3-2026-thi-truong-tram-lang-d801215.html,
16/03/2026,nongnghiepmoitruong.vn,Miền Nam,An Giang,65000,0.0,https://nongnghiepmoitruong.vn/gia-heo-hoi-hom-nay-16-3-2026-thi-truong-tram-lang-d801215.html,
16/03/2026,nongnghiepmoitruong.vn,Miền Nam,Cà Mau,65000,0.0,https://nongnghiepmoitruong.vn/gia-heo-hoi-hom-nay-16-3-2026-thi-truong-tram-lang-d801215.html,
16/03/2026,nongnghiepmoitruong.vn,Miền Nam,Cần Thơ,65000,0.0,https://nongnghiepmoitruong.vn/gia-heo-hoi-hom-nay-16-3-2026-thi-truong-tram-lang-d801215.html,
16/03/2026,nongnghiepmoitruong.vn,Miền Nam,TP.HCM,66000,0.0,https://nongnghiepmoitruong.vn/gia-heo-hoi-hom-nay-16-3-2026-thi-truong-tram-lang-d801215.html,
16/03/2026,nongnghiepmoitruong.vn,Miền Nam,Tây Ninh,65000,0.0,https://nongnghiepmoitruong.vn/gia-heo-hoi-hom-nay-16-3-2026-thi-truong-tram-lang-d801215.html,
16/03/2026,nongnghiepmoitruong.vn,Miền Nam,Vĩnh Long,64000,0.0,https://nongnghiepmoitruong.vn/gia-heo-hoi-hom-nay-16-3-2026-thi-truong-tram-lang-d801215.html,
16/03/2026,nongnghiepmoitruong.vn,Miền Nam,Đồng Nai,65000,0.0,https://nongnghiepmoitruong.vn/gia-heo-hoi-hom-nay-16-3-2026-thi-truong-tram-lang-d801215.html,
16/03/2026,nongnghiepmoitruong.vn,Miền Nam,Đồng Tháp,64000,0.0,https://nongnghiepmoitruong.vn/gia-heo-hoi-hom-nay-16-3-2026-thi-truong-tram-lang-d801215.html,
16/03/2026,nongnghiepmoitruong.vn,Miền Trung - Tây Nguyên,Gia Lai,62000,0.0,https://nongnghiepmoitruong.vn/gia-heo-hoi-hom-nay-16-3-2026-thi-truong-tram-lang-d801215.html,
16/03/2026,nongnghiepmoitruong.vn,Miền Trung - Tây Nguyên,Huế,63000,0.0,https://nongnghiepmoitruong.vn/gia-heo-hoi-hom-nay-16-3-2026-thi-truong-tram-lang-d801215.html,
16/03/2026,nongnghiepmoitruong.vn,Miền Trung - Tây Nguyên,Hà Tĩnh,61000,0.0,https://nongnghiepmoitruong.vn/gia-heo-hoi-hom-nay-16-3-2026-thi-truong-tram-lang-d801215.html,
16/03/2026,nongnghiepmoitruong.vn,Miền Trung - Tây Nguyên,Khánh Hòa,63000,0.0,https://nongnghiepmoitruong.vn/gia-heo-hoi-hom-nay-16-3-2026-thi-truong-tram-lang-d801215.html,
16/03/2026,nongnghiepmoitruong.vn,Miền Trung - Tây Nguyên,Lâm Đồng,65000,0.0,https://nongnghiepmoitruong.vn/gia-heo-hoi-hom-nay-16-3-2026-thi-truong-tram-lang-d801215.html,
16/03/2026,nongnghiepmoitruong.vn,Miền Trung - Tây Nguyên,Nghệ An,62000,0.0,https://nongnghiepmoitruong.vn/gia-heo-hoi-hom-nay-16-3-2026-thi-truong-tram-lang-d801215.html,
16/03/2026,nongnghiepmoitruong.vn,Miền Trung - Tây Nguyên,Quảng Ngãi,62000,0.0,https://nongnghiepmoitruong.vn/gia-heo-hoi-hom-nay-16-3-2026-thi-truong-tram-lang-d801215.html,
16/03/2026,nongnghiepmoitruong.vn,Miền Trung - Tây Nguyên,Quảng Trị,63000,0.0,https://nongnghiepmoitruong.vn/gia-heo-hoi-hom-nay-16-3-2026-thi-truong-tram-lang-d801215.html,
16/03/2026,nongnghiepmoitruong.vn,Miền Trung - Tây Nguyên,Thanh Hóa,62000,0.0,https://nongnghiepmoitruong.vn/gia-heo-hoi-hom-nay-16-3-2026-thi-truong-tram-lang-d801215.html,
16/03/2026,nongnghiepmoitruong.vn,Miền Trung - Tây Nguyên,Đà Nẵng,62000,0.0,https://nongnghiepmoitruong.vn/gia-heo-hoi-hom-nay-16-3-2026-thi-truong-tram-lang-d801215.html,
16/03/2026,nongnghiepmoitruong.vn,Miền Trung - Tây Nguyên,Đắk Lắk,63000,0.0,https://nongnghiepmoitruong.vn/gia-heo-hoi-hom-nay-16-3-2026-thi-truong-tram-lang-d801215.html,
17/03/2026,nongnghiepmoitruong.vn,Miền Bắc,Bắc Ninh,64000,1000.0,https://nongnghiepmoitruong.vn/gia-heo-hoi-hom-nay-17-3-2026-mien-bac-hoi-phuc-d801380.html,
17/03/2026,nongnghiepmoitruong.vn,Miền Bắc,Cao Bằng,63000,0.0,https://nongnghiepmoitruong.vn/gia-heo-hoi-hom-nay-17-3-2026-mien-bac-hoi-phuc-d801380.html,
17/03/2026,nongnghiepmoitruong.vn,Miền Bắc,Hà Nội,64000,1000.0,https://nongnghiepmoitruong.vn/gia-heo-hoi-hom-nay-17-3-2026-mien-bac-hoi-phuc-d801380.html,
17/03/2026,nongnghiepmoitruong.vn,Miền Bắc,Hưng Yên,64000,1000.0,https://nongnghiepmoitruong.vn/gia-heo-hoi-hom-nay-17-3-2026-mien-bac-hoi-phuc-d801380.html,
17/03/2026,nongnghiepmoitruong.vn,Miền Bắc,Hải Phòng,63000,0.0,https://nongnghiepmoitruong.vn/gia-heo-hoi-hom-nay-17-3-2026-mien-bac-hoi-phuc-d801380.html,
17/03/2026,nongnghiepmoitruong.vn,Miền Bắc,Lai Châu,62000,1000.0,https://nongnghiepmoitruong.vn/gia-heo-hoi-hom-nay-17-3-2026-mien-bac-hoi-phuc-d801380.html,
17/03/2026,nongnghiepmoitruong.vn,Miền Bắc,Lào Cai,62000,1000.0,https://nongnghiepmoitruong.vn/gia-heo-hoi-hom-nay-17-3-2026-mien-bac-hoi-phuc-d801380.html,
17/03/2026,nongnghiepmoitruong.vn,Miền Bắc,Lạng Sơn,63000,2000.0,https://nongnghiepmoitruong.vn/gia-heo-hoi-hom-nay-17-3-2026-mien-bac-hoi-phuc-d801380.html,
17/03/2026,nongnghiepmoitruong.vn,Miền Bắc,Ninh Bình,63000,1000.0,https://nongnghiepmoitruong.vn/gia-heo-hoi-hom-nay-17-3-2026-mien-bac-hoi-phuc-d801380.html,
17/03/2026,nongnghiepmoitruong.vn,Miền Bắc,Phú Thọ,63000,1000.0,https://nongnghiepmoitruong.vn/gia-heo-hoi-hom-nay-17-3-2026-mien-bac-hoi-phuc-d801380.html,
17/03/2026,nongnghiepmoitruong.vn,Miền Bắc,Quảng Ninh,63000,2000.0,https://nongnghiepmoitruong.vn/gia-heo-hoi-hom-nay-17-3-2026-mien-bac-hoi-phuc-d801380.html,
17/03/2026,nongnghiepmoitruong.vn,Miền Bắc,Sơn La,63000,1000.0,https://nongnghiepmoitruong.vn/gia-heo-hoi-hom-nay-17-3-2026-mien-bac-hoi-phuc-d801380.html,
17/03/2026,nongnghiepmoitruong.vn,Miền Bắc,Thái Nguyên,62000,1000.0,https://nongnghiepmoitruong.vn/gia-heo-hoi-hom-nay-17-3-2026-mien-bac-hoi-phuc-d801380.html,
17/03/2026,nongnghiepmoitruong.vn,Miền Bắc,Tuyên Quang,62000,0.0,https://nongnghiepmoitruong.vn/gia-heo-hoi-hom-nay-17-3-2026-mien-bac-hoi-phuc-d801380.html,
17/03/2026,nongnghiepmoitruong.vn,Miền Bắc,Điện Biên,63000,0.0,https://nongnghiepmoitruong.vn/gia-heo-hoi-hom-nay-17-3-2026-mien-bac-hoi-phuc-d801380.html,
17/03/2026,nongnghiepmoitruong.vn,Miền Nam,An Giang,65000,0.0,https://nongnghiepmoitruong.vn/gia-heo-hoi-hom-nay-17-3-2026-mien-bac-hoi-phuc-d801380.html,
17/03/2026,nongnghiepmoitruong.vn,Miền Nam,Cà Mau,65000,0.0,https://nongnghiepmoitruong.vn/gia-heo-hoi-hom-nay-17-3-2026-mien-bac-hoi-phuc-d801380.html,
17/03/2026,nongnghiepmoitruong.vn,Miền Nam,Cần Thơ,65000,0.0,https://nongnghiepmoitruong.vn/gia-heo-hoi-hom-nay-17-3-2026-mien-bac-hoi-phuc-d801380.html,
17/03/2026,nongnghiepmoitruong.vn,Miền Nam,TP.HCM,66000,0.0,https://nongnghiepmoitruong.vn/gia-heo-hoi-hom-nay-17-3-2026-mien-bac-hoi-phuc-d801380.html,
17/03/2026,nongnghiepmoitruong.vn,Miền Nam,Tây Ninh,65000,0.0,https://nongnghiepmoitruong.vn/gia-heo-hoi-hom-nay-17-3-2026-mien-bac-hoi-phuc-d801380.html,
17/03/2026,nongnghiepmoitruong.vn,Miền Nam,Vĩnh Long,64000,0.0,https://nongnghiepmoitruong.vn/gia-heo-hoi-hom-nay-17-3-2026-mien-bac-hoi-phuc-d801380.html,
17/03/2026,nongnghiepmoitruong.vn,Miền Nam,Đồng Nai,65000,0.0,https://nongnghiepmoitruong.vn/gia-heo-hoi-hom-nay-17-3-2026-mien-bac-hoi-phuc-d801380.html,
17/03/2026,nongnghiepmoitruong.vn,Miền Nam,Đồng Tháp,64000,0.0,https://nongnghiepmoitruong.vn/gia-heo-hoi-hom-nay-17-3-2026-mien-bac-hoi-phuc-d801380.html,
17/03/2026,nongnghiepmoitruong.vn,Miền Trung - Tây Nguyên,Gia Lai,62000,0.0,https://nongnghiepmoitruong.vn/gia-heo-hoi-hom-nay-17-3-2026-mien-bac-hoi-phuc-d801380.html,
17/03/2026,nongnghiepmoitruong.vn,Miền Trung - Tây Nguyên,Huế,63000,0.0,https://nongnghiepmoitruong.vn/gia-heo-hoi-hom-nay-17-3-2026-mien-bac-hoi-phuc-d801380.html,
17/03/2026,nongnghiepmoitruong.vn,Miền Trung - Tây Nguyên,Hà Tĩnh,61000,0.0,https://nongnghiepmoitruong.vn/gia-heo-hoi-hom-nay-17-3-2026-mien-bac-hoi-phuc-d801380.html,
17/03/2026,nongnghiepmoitruong.vn,Miền Trung - Tây Nguyên,Khánh Hòa,63000,0.0,https://nongnghiepmoitruong.vn/gia-heo-hoi-hom-nay-17-3-2026-mien-bac-hoi-phuc-d801380.html,
17/03/2026,nongnghiepmoitruong.vn,Miền Trung - Tây Nguyên,Lâm Đồng,65000,0.0,https://nongnghiepmoitruong.vn/gia-heo-hoi-hom-nay-17-3-2026-mien-bac-hoi-phuc-d801380.html,
17/03/2026,nongnghiepmoitruong.vn,Miền Trung - Tây Nguyên,Nghệ An,62000,0.0,https://nongnghiepmoitruong.vn/gia-heo-hoi-hom-nay-17-3-2026-mien-bac-hoi-phuc-d801380.html,
17/03/2026,nongnghiepmoitruong.vn,Miền Trung - Tây Nguyên,Quảng Ngãi,62000,0.0,https://nongnghiepmoitruong.vn/gia-heo-hoi-hom-nay-17-3-2026-mien-bac-hoi-phuc-d801380.html,
17/03/2026,nongnghiepmoitruong.vn,Miền Trung - Tây Nguyên,Quảng Trị,63000,0.0,https://nongnghiepmoitruong.vn/gia-heo-hoi-hom-nay-17-3-2026-mien-bac-hoi-phuc-d801380.html,
17/03/2026,nongnghiepmoitruong.vn,Miền Trung - Tây Nguyên,Thanh Hóa,63000,1000.0,https://nongnghiepmoitruong.vn/gia-heo-hoi-hom-nay-17-3-2026-mien-bac-hoi-phuc-d801380.html,
17/03/2026,nongnghiepmoitruong.vn,Miền Trung - Tây Nguyên,Đà Nẵng,62000,0.0,https://nongnghiepmoitruong.vn/gia-heo-hoi-hom-nay-17-3-2026-mien-bac-hoi-phuc-d801380.html,
17/03/2026,nongnghiepmoitruong.vn,Miền Trung - Tây Nguyên,Đắk Lắk,63000,0.0,https://nongnghiepmoitruong.vn/gia-heo-hoi-hom-nay-17-3-2026-mien-bac-hoi-phuc-d801380.html,
18/03/2026,nongnghiepmoitruong.vn,Miền Bắc,Bắc Ninh,65000,1000.0,https://nongnghiepmoitruong.vn/gia-heo-hoi-hom-nay-18-3-2026-tang-them-2000-dong-d801564.html,
18/03/2026,nongnghiepmoitruong.vn,Miền Bắc,Cao Bằng,64000,1000.0,https://nongnghiepmoitruong.vn/gia-heo-hoi-hom-nay-18-3-2026-tang-them-2000-dong-d801564.html,
18/03/2026,nongnghiepmoitruong.vn,Miền Bắc,Hà Nội,64000,0.0,https://nongnghiepmoitruong.vn/gia-heo-hoi-hom-nay-18-3-2026-tang-them-2000-dong-d801564.html,
18/03/2026,nongnghiepmoitruong.vn,Miền Bắc,Hưng Yên,65000,1000.0,https://nongnghiepmoitruong.vn/gia-heo-hoi-hom-nay-18-3-2026-tang-them-2000-dong-d801564.html,
18/03/2026,nongnghiepmoitruong.vn,Miền Bắc,Hải Phòng,63000,0.0,https://nongnghiepmoitruong.vn/gia-heo-hoi-hom-nay-18-3-2026-tang-them-2000-dong-d801564.html,
18/03/2026,nongnghiepmoitruong.vn,Miền Bắc,Lai Châu,62000,0.0,https://nongnghiepmoitruong.vn/gia-heo-hoi-hom-nay-18-3-2026-tang-them-2000-dong-d801564.html,
18/03/2026,nongnghiepmoitruong.vn,Miền Bắc,Lào Cai,63000,1000.0,https://nongnghiepmoitruong.vn/gia-heo-hoi-hom-nay-18-3-2026-tang-them-2000-dong-d801564.html,
18/03/2026,nongnghiepmoitruong.vn,Miền Bắc,Lạng Sơn,63000,0.0,https://nongnghiepmoitruong.vn/gia-heo-hoi-hom-nay-18-3-2026-tang-them-2000-dong-d801564.html,
18/03/2026,nongnghiepmoitruong.vn,Miền Bắc,Ninh Bình,64000,1000.0,https://nongnghiepmoitruong.vn/gia-heo-hoi-hom-nay-18-3-2026-tang-them-2000-dong-d801564.html,
18/03/2026,nongnghiepmoitruong.vn,Miền Bắc,Phú Thọ,64000,1000.0,https://nongnghiepmoitruong.vn/gia-heo-hoi-hom-nay-18-3-2026-tang-them-2000-dong-d801564.html,
18/03/2026,nongnghiepmoitruong.vn,Miền Bắc,Quảng Ninh,64000,1000.0,https://nongnghiepmoitruong.vn/gia-heo-hoi-hom-nay-18-3-2026-tang-them-2000-dong-d801564.html,
18/03/2026,nongnghiepmoitruong.vn,Miền Bắc,Sơn La,63000,0.0,https://nongnghiepmoitruong.vn/gia-heo-hoi-hom-nay-18-3-2026-tang-them-2000-dong-d801564.html,
18/03/2026,nongnghiepmoitruong.vn,Miền Bắc,Thái Nguyên,63000,1000.0,https://nongnghiepmoitruong.vn/gia-heo-hoi-hom-nay-18-3-2026-tang-them-2000-dong-d801564.html,
18/03/2026,nongnghiepmoitruong.vn,Miền Bắc,Tuyên Quang,64000,2000.0,https://nongnghiepmoitruong.vn/gia-heo-hoi-hom-nay-18-3-2026-tang-them-2000-dong-d801564.html,
18/03/2026,nongnghiepmoitruong.vn,Miền Bắc,Điện Biên,64000,1000.0,https://nongnghiepmoitruong.vn/gia-heo-hoi-hom-nay-18-3-2026-tang-them-2000-dong-d801564.html,
18/03/2026,nongnghiepmoitruong.vn,Miền Nam,An Giang,65000,0.0,https://nongnghiepmoitruong.vn/gia-heo-hoi-hom-nay-18-3-2026-tang-them-2000-dong-d801564.html,
18/03/2026,nongnghiepmoitruong.vn,Miền Nam,Cà Mau,66000,1000.0,https://nongnghiepmoitruong.vn/gia-heo-hoi-hom-nay-18-3-2026-tang-them-2000-dong-d801564.html,
18/03/2026,nongnghiepmoitruong.vn,Miền Nam,Cần Thơ,65000,0.0,https://nongnghiepmoitruong.vn/gia-heo-hoi-hom-nay-18-3-2026-tang-them-2000-dong-d801564.html,
18/03/2026,nongnghiepmoitruong.vn,Miền Nam,TP.HCM,67000,1000.0,https://nongnghiepmoitruong.vn/gia-heo-hoi-hom-nay-18-3-2026-tang-them-2000-dong-d801564.html,
18/03/2026,nongnghiepmoitruong.vn,Miền Nam,Tây Ninh,66000,1000.0,https://nongnghiepmoitruong.vn/gia-heo-hoi-hom-nay-18-3-2026-tang-them-2000-dong-d801564.html,
18/03/2026,nongnghiepmoitruong.vn,Miền Nam,Vĩnh Long,65000,1000.0,https://nongnghiepmoitruong.vn/gia-heo-hoi-hom-nay-18-3-2026-tang-them-2000-dong-d801564.html,
18/03/2026,nongnghiepmoitruong.vn,Miền Nam,Đồng Nai,66000,1000.0,https://nongnghiepmoitruong.vn/gia-heo-hoi-hom-nay-18-3-2026-tang-them-2000-dong-d801564.html,
18/03/2026,nongnghiepmoitruong.vn,Miền Nam,Đồng Tháp,65000,1000.0,https://nongnghiepmoitruong.vn/gia-heo-hoi-hom-nay-18-3-2026-tang-them-2000-dong-d801564.html,
18/03/2026,nongnghiepmoitruong.vn,Miền Trung - Tây Nguyên,Gia Lai,63000,1000.0,https://nongnghiepmoitruong.vn/gia-heo-hoi-hom-nay-18-3-2026-tang-them-2000-dong-d801564.html,
18/03/2026,nongnghiepmoitruong.vn,Miền Trung - Tây Nguyên,Huế,63000,0.0,https://nongnghiepmoitruong.vn/gia-heo-hoi-hom-nay-18-3-2026-tang-them-2000-dong-d801564.html,
18/03/2026,nongnghiepmoitruong.vn,Miền Trung - Tây Nguyên,Hà Tĩnh,63000,2000.0,https://nongnghiepmoitruong.vn/gia-heo-hoi-hom-nay-18-3-2026-tang-them-2000-dong-d801564.html,
18/03/2026,nongnghiepmoitruong.vn,Miền Trung - Tây Nguyên,Khánh Hòa,63000,0.0,https://nongnghiepmoitruong.vn/gia-heo-hoi-hom-nay-18-3-2026-tang-them-2000-dong-d801564.html,
18/03/2026,nongnghiepmoitruong.vn,Miền Trung - Tây Nguyên,Lâm Đồng,66000,1000.0,https://nongnghiepmoitruong.vn/gia-heo-hoi-hom-nay-18-3-2026-tang-them-2000-dong-d801564.html,
18/03/2026,nongnghiepmoitruong.vn,Miền Trung - Tây Nguyên,Nghệ An,64000,2000.0,https://nongnghiepmoitruong.vn/gia-heo-hoi-hom-nay-18-3-2026-tang-them-2000-dong-d801564.html,
18/03/2026,nongnghiepmoitruong.vn,Miền Trung - Tây Nguyên,Quảng Ngãi,63000,1000.0,https://nongnghiepmoitruong.vn/gia-heo-hoi-hom-nay-18-3-2026-tang-them-2000-dong-d801564.html,
18/03/2026,nongnghiepmoitruong.vn,Miền Trung - Tây Nguyên,Quảng Trị,63000,0.0,https://nongnghiepmoitruong.vn/gia-heo-hoi-hom-nay-18-3-2026-tang-them-2000-dong-d801564.html,
18/03/2026,nongnghiepmoitruong.vn,Miền Trung - Tây Nguyên,Thanh Hóa,64000,1000.0,https://nongnghiepmoitruong.vn/gia-heo-hoi-hom-nay-18-3-2026-tang-them-2000-dong-d801564.html,
18/03/2026,nongnghiepmoitruong.vn,Miền Trung - Tây Nguyên,Đà Nẵng,62000,0.0,https://nongnghiepmoitruong.vn/gia-heo-hoi-hom-nay-18-3-2026-tang-them-2000-dong-d801564.html,
18/03/2026,nongnghiepmoitruong.vn,Miền Trung - Tây Nguyên,Đắk Lắk,65000,2000.0,https://nongnghiepmoitruong.vn/gia-heo-hoi-hom-nay-18-3-2026-tang-them-2000-dong-d801564.html,
19/03/2026,nongnghiepmoitruong.vn,Miền Bắc,Bắc Ninh,66000,1000.0,https://nongnghiepmoitruong.vn/gia-heo-hoi-hom-nay-19-3-2026-them-ngay-lien-tiep-tang-d801755.html,
19/03/2026,nongnghiepmoitruong.vn,Miền Bắc,Cao Bằng,64000,0.0,https://nongnghiepmoitruong.vn/gia-heo-hoi-hom-nay-19-3-2026-them-ngay-lien-tiep-tang-d801755.html,
19/03/2026,nongnghiepmoitruong.vn,Miền Bắc,Hà Nội,65000,1000.0,https://nongnghiepmoitruong.vn/gia-heo-hoi-hom-nay-19-3-2026-them-ngay-lien-tiep-tang-d801755.html,
19/03/2026,nongnghiepmoitruong.vn,Miền Bắc,Hưng Yên,66000,1000.0,https://nongnghiepmoitruong.vn/gia-heo-hoi-hom-nay-19-3-2026-them-ngay-lien-tiep-tang-d801755.html,
19/03/2026,nongnghiepmoitruong.vn,Miền Bắc,Hải Phòng,65000,2000.0,https://nongnghiepmoitruong.vn/gia-heo-hoi-hom-nay-19-3-2026-them-ngay-lien-tiep-tang-d801755.html,
19/03/2026,nongnghiepmoitruong.vn,Miền Bắc,Lai Châu,63000,1000.0,https://nongnghiepmoitruong.vn/gia-heo-hoi-hom-nay-19-3-2026-them-ngay-lien-tiep-tang-d801755.html,
19/03/2026,nongnghiepmoitruong.vn,Miền Bắc,Lào Cai,64000,1000.0,https://nongnghiepmoitruong.vn/gia-heo-hoi-hom-nay-19-3-2026-them-ngay-lien-tiep-tang-d801755.html,
19/03/2026,nongnghiepmoitruong.vn,Miền Bắc,Lạng Sơn,64000,1000.0,https://nongnghiepmoitruong.vn/gia-heo-hoi-hom-nay-19-3-2026-them-ngay-lien-tiep-tang-d801755.html,
19/03/2026,nongnghiepmoitruong.vn,Miền Bắc,Ninh Bình,65000,1000.0,https://nongnghiepmoitruong.vn/gia-heo-hoi-hom-nay-19-3-2026-them-ngay-lien-tiep-tang-d801755.html,
19/03/2026,nongnghiepmoitruong.vn,Miền Bắc,Phú Thọ,65000,1000.0,https://nongnghiepmoitruong.vn/gia-heo-hoi-hom-nay-19-3-2026-them-ngay-lien-tiep-tang-d801755.html,
19/03/2026,nongnghiepmoitruong.vn,Miền Bắc,Quảng Ninh,64000,0.0,https://nongnghiepmoitruong.vn/gia-heo-hoi-hom-nay-19-3-2026-them-ngay-lien-tiep-tang-d801755.html,
19/03/2026,nongnghiepmoitruong.vn,Miền Bắc,Sơn La,64000,1000.0,https://nongnghiepmoitruong.vn/gia-heo-hoi-hom-nay-19-3-2026-them-ngay-lien-tiep-tang-d801755.html,
19/03/2026,nongnghiepmoitruong.vn,Miền Bắc,Thái Nguyên,64000,1000.0,https://nongnghiepmoitruong.vn/gia-heo-hoi-hom-nay-19-3-2026-them-ngay-lien-tiep-tang-d801755.html,
19/03/2026,nongnghiepmoitruong.vn,Miền Bắc,Tuyên Quang,64000,0.0,https://nongnghiepmoitruong.vn/gia-heo-hoi-hom-nay-19-3-2026-them-ngay-lien-tiep-tang-d801755.html,
19/03/2026,nongnghiepmoitruong.vn,Miền Bắc,Điện Biên,64000,0.0,https://nongnghiepmoitruong.vn/gia-heo-hoi-hom-nay-19-3-2026-them-ngay-lien-tiep-tang-d801755.html,
19/03/2026,nongnghiepmoitruong.vn,Miền Nam,An Giang,65000,0.0,https://nongnghiepmoitruong.vn/gia-heo-hoi-hom-nay-19-3-2026-them-ngay-lien-tiep-tang-d801755.html,
19/03/2026,nongnghiepmoitruong.vn,Miền Nam,Cà Mau,67000,1000.0,https://nongnghiepmoitruong.vn/gia-heo-hoi-hom-nay-19-3-2026-them-ngay-lien-tiep-tang-d801755.html,
19/03/2026,nongnghiepmoitruong.vn,Miền Nam,Cần Thơ,66000,1000.0,https://nongnghiepmoitruong.vn/gia-heo-hoi-hom-nay-19-3-2026-them-ngay-lien-tiep-tang-d801755.html,
19/03/2026,nongnghiepmoitruong.vn,Miền Nam,TP.HCM,67000,0.0,https://nongnghiepmoitruong.vn/gia-heo-hoi-hom-nay-19-3-2026-them-ngay-lien-tiep-tang-d801755.html,
19/03/2026,nongnghiepmoitruong.vn,Miền Nam,Tây Ninh,67000,1000.0,https://nongnghiepmoitruong.vn/gia-heo-hoi-hom-nay-19-3-2026-them-ngay-lien-tiep-tang-d801755.html,
19/03/2026,nongnghiepmoitruong.vn,Miền Nam,Vĩnh Long,67000,2000.0,https://nongnghiepmoitruong.vn/gia-heo-hoi-hom-nay-19-3-2026-them-ngay-lien-tiep-tang-d801755.html,
19/03/2026,nongnghiepmoitruong.vn,Miền Nam,Đồng Nai,67000,1000.0,https://nongnghiepmoitruong.vn/gia-heo-hoi-hom-nay-19-3-2026-them-ngay-lien-tiep-tang-d801755.html,
19/03/2026,nongnghiepmoitruong.vn,Miền Nam,Đồng Tháp,67000,2000.0,https://nongnghiepmoitruong.vn/gia-heo-hoi-hom-nay-19-3-2026-them-ngay-lien-tiep-tang-d801755.html,
19/03/2026,nongnghiepmoitruong.vn,Miền Trung - Tây Nguyên,Gia Lai,63000,0.0,https://nongnghiepmoitruong.vn/gia-heo-hoi-hom-nay-19-3-2026-them-ngay-lien-tiep-tang-d801755.html,
19/03/2026,nongnghiepmoitruong.vn,Miền Trung - Tây Nguyên,Huế,65000,2000.0,https://nongnghiepmoitruong.vn/gia-heo-hoi-hom-nay-19-3-2026-them-ngay-lien-tiep-tang-d801755.html,
19/03/2026,nongnghiepmoitruong.vn,Miền Trung - Tây Nguyên,Hà Tĩnh,64000,1000.0,https://nongnghiepmoitruong.vn/gia-heo-hoi-hom-nay-19-3-2026-them-ngay-lien-tiep-tang-d801755.html,
19/03/2026,nongnghiepmoitruong.vn,Miền Trung - Tây Nguyên,Khánh Hòa,64000,1000.0,https://nongnghiepmoitruong.vn/gia-heo-hoi-hom-nay-19-3-2026-them-ngay-lien-tiep-tang-d801755.html,
19/03/2026,nongnghiepmoitruong.vn,Miền Trung - Tây Nguyên,Lâm Đồng,66000,0.0,https://nongnghiepmoitruong.vn/gia-heo-hoi-hom-nay-19-3-2026-them-ngay-lien-tiep-tang-d801755.html,
19/03/2026,nongnghiepmoitruong.vn,Miền Trung - Tây Nguyên,Nghệ An,65000,1000.0,https://nongnghiepmoitruong.vn/gia-heo-hoi-hom-nay-19-3-2026-them-ngay-lien-tiep-tang-d801755.html,
19/03/2026,nongnghiepmoitruong.vn,Miền Trung - Tây Nguyên,Quảng Ngãi,64000,1000.0,https://nongnghiepmoitruong.vn/gia-heo-hoi-hom-nay-19-3-2026-them-ngay-lien-tiep-tang-d801755.html,
19/03/2026,nongnghiepmoitruong.vn,Miền Trung - Tây Nguyên,Quảng Trị,65000,2000.0,https://nongnghiepmoitruong.vn/gia-heo-hoi-hom-nay-19-3-2026-them-ngay-lien-tiep-tang-d801755.html,
19/03/2026,nongnghiepmoitruong.vn,Miền Trung - Tây Nguyên,Thanh Hóa,65000,1000.0,https://nongnghiepmoitruong.vn/gia-heo-hoi-hom-nay-19-3-2026-them-ngay-lien-tiep-tang-d801755.html,
19/03/2026,nongnghiepmoitruong.vn,Miền Trung - Tây Nguyên,Đà Nẵng,64000,2000.0,https://nongnghiepmoitruong.vn/gia-heo-hoi-hom-nay-19-3-2026-them-ngay-lien-tiep-tang-d801755.html,
19/03/2026,nongnghiepmoitruong.vn,Miền Trung - Tây Nguyên,Đắk Lắk,66000,1000.0,https://nongnghiepmoitruong.vn/gia-heo-hoi-hom-nay-19-3-2026-them-ngay-lien-tiep-tang-d801755.html,
03/04/2026,nongnghiepmoitruong.vn,Miền Bắc,Bắc Ninh,65000,1000.0,https://nongnghiepmoitruong.vn/gia-heo-hoi-hom-nay-3-4-2026-tiep-tuc-tang-tai-mien-bac-d804495.html,
03/04/2026,nongnghiepmoitruong.vn,Miền Bắc,Cao Bằng,64000,1000.0,https://nongnghiepmoitruong.vn/gia-heo-hoi-hom-nay-3-4-2026-tiep-tuc-tang-tai-mien-bac-d804495.html,
03/04/2026,nongnghiepmoitruong.vn,Miền Bắc,Hà Nội,65000,1000.0,https://nongnghiepmoitruong.vn/gia-heo-hoi-hom-nay-3-4-2026-tiep-tuc-tang-tai-mien-bac-d804495.html,
03/04/2026,nongnghiepmoitruong.vn,Miền Bắc,Hưng Yên,65000,,https://nongnghiepmoitruong.vn/gia-heo-hoi-hom-nay-3-4-2026-tiep-tuc-tang-tai-mien-bac-d804495.html,
03/04/2026,nongnghiepmoitruong.vn,Miền Bắc,Hải Phòng,65000,1000.0,https://nongnghiepmoitruong.vn/gia-heo-hoi-hom-nay-3-4-2026-tiep-tuc-tang-tai-mien-bac-d804495.html,
03/04/2026,nongnghiepmoitruong.vn,Miền Bắc,Lai Châu,63000,,https://nongnghiepmoitruong.vn/gia-heo-hoi-hom-nay-3-4-2026-tiep-tuc-tang-tai-mien-bac-d804495.html,
03/04/2026,nongnghiepmoitruong.vn,Miền Bắc,Lào Cai,64000,,https://nongnghiepmoitruong.vn/gia-heo-hoi-hom-nay-3-4-2026-tiep-tuc-tang-tai-mien-bac-d804495.html,
03/04/2026,nongnghiepmoitruong.vn,Miền Bắc,Lạng Sơn,64000,1000.0,https://nongnghiepmoitruong.vn/gia-heo-hoi-hom-nay-3-4-2026-tiep-tuc-tang-tai-mien-bac-d804495.html,
03/04/2026,nongnghiepmoitruong.vn,Miền Bắc,Ninh Bình,65000,1000.0,https://nongnghiepmoitruong.vn/gia-heo-hoi-hom-nay-3-4-2026-tiep-tuc-tang-tai-mien-bac-d804495.html,
03/04/2026,nongnghiepmoitruong.vn,Miền Bắc,Phú Thọ,64000,1000.0,https://nongnghiepmoitruong.vn/gia-heo-hoi-hom-nay-3-4-2026-tiep-tuc-tang-tai-mien-bac-d804495.html,
03/04/2026,nongnghiepmoitruong.vn,Miền Bắc,Quảng Ninh,64000,,https://nongnghiepmoitruong.vn/gia-heo-hoi-hom-nay-3-4-2026-tiep-tuc-tang-tai-mien-bac-d804495.html,
03/04/2026,nongnghiepmoitruong.vn,Miền Bắc,Sơn La,64000,1000.0,https://nongnghiepmoitruong.vn/gia-heo-hoi-hom-nay-3-4-2026-tiep-tuc-tang-tai-mien-bac-d804495.html,
03/04/2026,nongnghiepmoitruong.vn,Miền Bắc,Thái Nguyên,64000,,https://nongnghiepmoitruong.vn/gia-heo-hoi-hom-nay-3-4-2026-tiep-tuc-tang-tai-mien-bac-d804495.html,
03/04/2026,nongnghiepmoitruong.vn,Miền Bắc,Tuyên Quang,64000,1000.0,https://nongnghiepmoitruong.vn/gia-heo-hoi-hom-nay-3-4-2026-tiep-tuc-tang-tai-mien-bac-d804495.html,
03/04/2026,nongnghiepmoitruong.vn,Miền Bắc,Điện Biên,64000,1000.0,https://nongnghiepmoitruong.vn/gia-heo-hoi-hom-nay-3-4-2026-tiep-tuc-tang-tai-mien-bac-d804495.html,
03/04/2026,nongnghiepmoitruong.vn,Miền Nam,An Giang,65000,,https://nongnghiepmoitruong.vn/gia-heo-hoi-hom-nay-3-4-2026-tiep-tuc-tang-tai-mien-bac-d804495.html,
03/04/2026,nongnghiepmoitruong.vn,Miền Nam,Cà Mau,65000,,https://nongnghiepmoitruong.vn/gia-heo-hoi-hom-nay-3-4-2026-tiep-tuc-tang-tai-mien-bac-d804495.html,
03/04/2026,nongnghiepmoitruong.vn,Miền Nam,Cần Thơ,65000,,https://nongnghiepmoitruong.vn/gia-heo-hoi-hom-nay-3-4-2026-tiep-tuc-tang-tai-mien-bac-d804495.html,
03/04/2026,nongnghiepmoitruong.vn,Miền Nam,TP HCM,67000,,https://nongnghiepmoitruong.vn/gia-heo-hoi-hom-nay-3-4-2026-tiep-tuc-tang-tai-mien-bac-d804495.html,
03/04/2026,nongnghiepmoitruong.vn,Miền Nam,Tây Ninh,68000,,https://nongnghiepmoitruong.vn/gia-heo-hoi-hom-nay-3-4-2026-tiep-tuc-tang-tai-mien-bac-d804495.html,
03/04/2026,nongnghiepmoitruong.vn,Miền Nam,Vĩnh Long,66000,,https://nongnghiepmoitruong.vn/gia-heo-hoi-hom-nay-3-4-2026-tiep-tuc-tang-tai-mien-bac-d804495.html,
03/04/2026,nongnghiepmoitruong.vn,Miền Nam,Đồng Nai,68000,,https://nongnghiepmoitruong.vn/gia-heo-hoi-hom-nay-3-4-2026-tiep-tuc-tang-tai-mien-bac-d804495.html,
03/04/2026,nongnghiepmoitruong.vn,Miền Nam,Đồng Tháp,67000,,https://nongnghiepmoitruong.vn/gia-heo-hoi-hom-nay-3-4-2026-tiep-tuc-tang-tai-mien-bac-d804495.html,
03/04/2026,nongnghiepmoitruong.vn,Miền Trung - Tây Nguyên,Gia Lai,64000,,https://nongnghiepmoitruong.vn/gia-heo-hoi-hom-nay-3-4-2026-tiep-tuc-tang-tai-mien-bac-d804495.html,
03/04/2026,nongnghiepmoitruong.vn,Miền Trung - Tây Nguyên,Huế,64000,,https://nongnghiepmoitruong.vn/gia-heo-hoi-hom-nay-3-4-2026-tiep-tuc-tang-tai-mien-bac-d804495.html,
03/04/2026,nongnghiepmoitruong.vn,Miền Trung - Tây Nguyên,Hà Tĩnh,63000,1000.0,https://nongnghiepmoitruong.vn/gia-heo-hoi-hom-nay-3-4-2026-tiep-tuc-tang-tai-mien-bac-d804495.html,
03/04/2026,nongnghiepmoitruong.vn,Miền Trung - Tây Nguyên,Khánh Hoà,65000,,https://nongnghiepmoitruong.vn/gia-heo-hoi-hom-nay-3-4-2026-tiep-tuc-tang-tai-mien-bac-d804495.html,
03/04/2026,nongnghiepmoitruong.vn,Miền Trung - Tây Nguyên,Lâm Đồng,66000,,https://nongnghiepmoitruong.vn/gia-heo-hoi-hom-nay-3-4-2026-tiep-tuc-tang-tai-mien-bac-d804495.html,
03/04/2026,nongnghiepmoitruong.vn,Miền Trung - Tây Nguyên,Nghệ An,64000,1000.0,https://nongnghiepmoitruong.vn/gia-heo-hoi-hom-nay-3-4-2026-tiep-tuc-tang-tai-mien-bac-d804495.html,
03/04/2026,nongnghiepmoitruong.vn,Miền Trung - Tây Nguyên,Quảng Ngãi,64000,,https://nongnghiepmoitruong.vn/gia-heo-hoi-hom-nay-3-4-2026-tiep-tuc-tang-tai-mien-bac-d804495.html,
03/04/2026,nongnghiepmoitruong.vn,Miền Trung - Tây Nguyên,Quảng Trị,64000,,https://nongnghiepmoitruong.vn/gia-heo-hoi-hom-nay-3-4-2026-tiep-tuc-tang-tai-mien-bac-d804495.html,
03/04/2026,nongnghiepmoitruong.vn,Miền Trung - Tây Nguyên,Thanh Hoá,64000,1000.0,https://nongnghiepmoitruong.vn/gia-heo-hoi-hom-nay-3-4-2026-tiep-tuc-tang-tai-mien-bac-d804495.html,
03/04/2026,nongnghiepmoitruong.vn,Miền Trung - Tây Nguyên,Đà Nẵng,64000,,https://nongnghiepmoitruong.vn/gia-heo-hoi-hom-nay-3-4-2026-tiep-tuc-tang-tai-mien-bac-d804495.html,
03/04/2026,nongnghiepmoitruong.vn,Miền Trung - Tây Nguyên,Đắk Lắk,64000,,https://nongnghiepmoitruong.vn/gia-heo-hoi-hom-nay-3-4-2026-tiep-tuc-tang-tai-mien-bac-d804495.html,
04/04/2026,nongnghiepmoitruong.vn,Miền Bắc,Bắc Ninh,65000,,https://nongnghiepmoitruong.vn/gia-heo-hoi-hom-nay-4-4-2026-mien-nam-tang-gia-d804647.html,
04/04/2026,nongnghiepmoitruong.vn,Miền Bắc,Cao Bằng,65000,1000.0,https://nongnghiepmoitruong.vn/gia-heo-hoi-hom-nay-4-4-2026-mien-nam-tang-gia-d804647.html,
04/04/2026,nongnghiepmoitruong.vn,Miền Bắc,Hà Nội,65000,,https://nongnghiepmoitruong.vn/gia-heo-hoi-hom-nay-4-4-2026-mien-nam-tang-gia-d804647.html,
04/04/2026,nongnghiepmoitruong.vn,Miền Bắc,Hưng Yên,65000,,https://nongnghiepmoitruong.vn/gia-heo-hoi-hom-nay-4-4-2026-mien-nam-tang-gia-d804647.html,
04/04/2026,nongnghiepmoitruong.vn,Miền Bắc,Hải Phòng,65000,,https://nongnghiepmoitruong.vn/gia-heo-hoi-hom-nay-4-4-2026-mien-nam-tang-gia-d804647.html,
04/04/2026,nongnghiepmoitruong.vn,Miền Bắc,Lai Châu,63000,,https://nongnghiepmoitruong.vn/gia-heo-hoi-hom-nay-4-4-2026-mien-nam-tang-gia-d804647.html,
04/04/2026,nongnghiepmoitruong.vn,Miền Bắc,Lào Cai,64000,,https://nongnghiepmoitruong.vn/gia-heo-hoi-hom-nay-4-4-2026-mien-nam-tang-gia-d804647.html,
04/04/2026,nongnghiepmoitruong.vn,Miền Bắc,Lạng Sơn,64000,,https://nongnghiepmoitruong.vn/gia-heo-hoi-hom-nay-4-4-2026-mien-nam-tang-gia-d804647.html,
04/04/2026,nongnghiepmoitruong.vn,Miền Bắc,Ninh Bình,65000,,https://nongnghiepmoitruong.vn/gia-heo-hoi-hom-nay-4-4-2026-mien-nam-tang-gia-d804647.html,
04/04/2026,nongnghiepmoitruong.vn,Miền Bắc,Phú Thọ,64000,,https://nongnghiepmoitruong.vn/gia-heo-hoi-hom-nay-4-4-2026-mien-nam-tang-gia-d804647.html,
04/04/2026,nongnghiepmoitruong.vn,Miền Bắc,Quảng Ninh,64000,,https://nongnghiepmoitruong.vn/gia-heo-hoi-hom-nay-4-4-2026-mien-nam-tang-gia-d804647.html,
04/04/2026,nongnghiepmoitruong.vn,Miền Bắc,Sơn La,64000,,https://nongnghiepmoitruong.vn/gia-heo-hoi-hom-nay-4-4-2026-mien-nam-tang-gia-d804647.html,
04/04/2026,nongnghiepmoitruong.vn,Miền Bắc,Thái Nguyên,64000,,https://nongnghiepmoitruong.vn/gia-heo-hoi-hom-nay-4-4-2026-mien-nam-tang-gia-d804647.html,
04/04/2026,nongnghiepmoitruong.vn,Miền Bắc,Tuyên Quang,64000,,https://nongnghiepmoitruong.vn/gia-heo-hoi-hom-nay-4-4-2026-mien-nam-tang-gia-d804647.html,
04/04/2026,nongnghiepmoitruong.vn,Miền Bắc,Điện Biên,64000,,https://nongnghiepmoitruong.vn/gia-heo-hoi-hom-nay-4-4-2026-mien-nam-tang-gia-d804647.html,
04/04/2026,nongnghiepmoitruong.vn,Miền Nam,An Giang,65000,,https://nongnghiepmoitruong.vn/gia-heo-hoi-hom-nay-4-4-2026-mien-nam-tang-gia-d804647.html,
04/04/2026,nongnghiepmoitruong.vn,Miền Nam,Cà Mau,66000,1000.0,https://nongnghiepmoitruong.vn/gia-heo-hoi-hom-nay-4-4-2026-mien-nam-tang-gia-d804647.html,
04/04/2026,nongnghiepmoitruong.vn,Miền Nam,Cần Thơ,66000,1000.0,https://nongnghiepmoitruong.vn/gia-heo-hoi-hom-nay-4-4-2026-mien-nam-tang-gia-d804647.html,
04/04/2026,nongnghiepmoitruong.vn,Miền Nam,TP HCM,68000,1000.0,https://nongnghiepmoitruong.vn/gia-heo-hoi-hom-nay-4-4-2026-mien-nam-tang-gia-d804647.html,
04/04/2026,nongnghiepmoitruong.vn,Miền Nam,Tây Ninh,68000,,https://nongnghiepmoitruong.vn/gia-heo-hoi-hom-nay-4-4-2026-mien-nam-tang-gia-d804647.html,
04/04/2026,nongnghiepmoitruong.vn,Miền Nam,Vĩnh Long,67000,1000.0,https://nongnghiepmoitruong.vn/gia-heo-hoi-hom-nay-4-4-2026-mien-nam-tang-gia-d804647.html,
04/04/2026,nongnghiepmoitruong.vn,Miền Nam,Đồng Nai,68000,,https://nongnghiepmoitruong.vn/gia-heo-hoi-hom-nay-4-4-2026-mien-nam-tang-gia-d804647.html,
04/04/2026,nongnghiepmoitruong.vn,Miền Nam,Đồng Tháp,68000,1000.0,https://nongnghiepmoitruong.vn/gia-heo-hoi-hom-nay-4-4-2026-mien-nam-tang-gia-d804647.html,
04/04/2026,nongnghiepmoitruong.vn,Miền Trung - Tây Nguyên,Gia Lai,64000,,https://nongnghiepmoitruong.vn/gia-heo-hoi-hom-nay-4-4-2026-mien-nam-tang-gia-d804647.html,
04/04/2026,nongnghiepmoitruong.vn,Miền Trung - Tây Nguyên,Huế,64000,,https://nongnghiepmoitruong.vn/gia-heo-hoi-hom-nay-4-4-2026-mien-nam-tang-gia-d804647.html,
04/04/2026,nongnghiepmoitruong.vn,Miền Trung - Tây Nguyên,Hà Tĩnh,63000,,https://nongnghiepmoitruong.vn/gia-heo-hoi-hom-nay-4-4-2026-mien-nam-tang-gia-d804647.html,
04/04/2026,nongnghiepmoitruong.vn,Miền Trung - Tây Nguyên,Khánh Hoà,65000,,https://nongnghiepmoitruong.vn/gia-heo-hoi-hom-nay-4-4-2026-mien-nam-tang-gia-d804647.html,
04/04/2026,nongnghiepmoitruong.vn,Miền Trung - Tây Nguyên,Lâm Đồng,66000,,https://nongnghiepmoitruong.vn/gia-heo-hoi-hom-nay-4-4-2026-mien-nam-tang-gia-d804647.html,
04/04/2026,nongnghiepmoitruong.vn,Miền Trung - Tây Nguyên,Nghệ An,64000,,https://nongnghiepmoitruong.vn/gia-heo-hoi-hom-nay-4-4-2026-mien-nam-tang-gia-d804647.html,
04/04/2026,nongnghiepmoitruong.vn,Miền Trung - Tây Nguyên,Quảng Ngãi,64000,,https://nongnghiepmoitruong.vn/gia-heo-hoi-hom-nay-4-4-2026-mien-nam-tang-gia-d804647.html,
04/04/2026,nongnghiepmoitruong.vn,Miền Trung - Tây Nguyên,Quảng Trị,64000,1000.0,https://nongnghiepmoitruong.vn/gia-heo-hoi-hom-nay-4-4-2026-mien-nam-tang-gia-d804647.html,
04/04/2026,nongnghiepmoitruong.vn,Miền Trung - Tây Nguyên,Thanh Hoá,64000,,https://nongnghiepmoitruong.vn/gia-heo-hoi-hom-nay-4-4-2026-mien-nam-tang-gia-d804647.html,
04/04/2026,nongnghiepmoitruong.vn,Miền Trung - Tây Nguyên,Đà Nẵng,64000,,https://nongnghiepmoitruong.vn/gia-heo-hoi-hom-nay-4-4-2026-mien-nam-tang-gia-d804647.html,
04/04/2026,nongnghiepmoitruong.vn,Miền Trung - Tây Nguyên,Đắk Lắk,64000,,https://nongnghiepmoitruong.vn/gia-heo-hoi-hom-nay-4-4-2026-mien-nam-tang-gia-d804647.html,
05/04/2026,nongnghiepmoitruong.vn,Miền Bắc,Bắc Ninh,65000,,https://nongnghiepmoitruong.vn/gia-heo-hoi-hom-nay-5-4-2026-giao-dich-khoang-63000--68000-dong-kg-d804786.html,
05/04/2026,nongnghiepmoitruong.vn,Miền Bắc,Cao Bằng,65000,,https://nongnghiepmoitruong.vn/gia-heo-hoi-hom-nay-5-4-2026-giao-dich-khoang-63000--68000-dong-kg-d804786.html,
05/04/2026,nongnghiepmoitruong.vn,Miền Bắc,Hà Nội,65000,,https://nongnghiepmoitruong.vn/gia-heo-hoi-hom-nay-5-4-2026-giao-dich-khoang-63000--68000-dong-kg-d804786.html,
05/04/2026,nongnghiepmoitruong.vn,Miền Bắc,Hưng Yên,65000,,https://nongnghiepmoitruong.vn/gia-heo-hoi-hom-nay-5-4-2026-giao-dich-khoang-63000--68000-dong-kg-d804786.html,
05/04/2026,nongnghiepmoitruong.vn,Miền Bắc,Hải Phòng,65000,,https://nongnghiepmoitruong.vn/gia-heo-hoi-hom-nay-5-4-2026-giao-dich-khoang-63000--68000-dong-kg-d804786.html,
05/04/2026,nongnghiepmoitruong.vn,Miền Bắc,Lai Châu,63000,,https://nongnghiepmoitruong.vn/gia-heo-hoi-hom-nay-5-4-2026-giao-dich-khoang-63000--68000-dong-kg-d804786.html,
05/04/2026,nongnghiepmoitruong.vn,Miền Bắc,Lào Cai,64000,,https://nongnghiepmoitruong.vn/gia-heo-hoi-hom-nay-5-4-2026-giao-dich-khoang-63000--68000-dong-kg-d804786.html,
05/04/2026,nongnghiepmoitruong.vn,Miền Bắc,Lạng Sơn,64000,,https://nongnghiepmoitruong.vn/gia-heo-hoi-hom-nay-5-4-2026-giao-dich-khoang-63000--68000-dong-kg-d804786.html,
05/04/2026,nongnghiepmoitruong.vn,Miền Bắc,Ninh Bình,65000,,https://nongnghiepmoitruong.vn/gia-heo-hoi-hom-nay-5-4-2026-giao-dich-khoang-63000--68000-dong-kg-d804786.html,
05/04/2026,nongnghiepmoitruong.vn,Miền Bắc,Phú Thọ,64000,,https://nongnghiepmoitruong.vn/gia-heo-hoi-hom-nay-5-4-2026-giao-dich-khoang-63000--68000-dong-kg-d804786.html,
05/04/2026,nongnghiepmoitruong.vn,Miền Bắc,Quảng Ninh,64000,,https://nongnghiepmoitruong.vn/gia-heo-hoi-hom-nay-5-4-2026-giao-dich-khoang-63000--68000-dong-kg-d804786.html,
05/04/2026,nongnghiepmoitruong.vn,Miền Bắc,Sơn La,64000,,https://nongnghiepmoitruong.vn/gia-heo-hoi-hom-nay-5-4-2026-giao-dich-khoang-63000--68000-dong-kg-d804786.html,
05/04/2026,nongnghiepmoitruong.vn,Miền Bắc,Thái Nguyên,64000,,https://nongnghiepmoitruong.vn/gia-heo-hoi-hom-nay-5-4-2026-giao-dich-khoang-63000--68000-dong-kg-d804786.html,
05/04/2026,nongnghiepmoitruong.vn,Miền Bắc,Tuyên Quang,64000,,https://nongnghiepmoitruong.vn/gia-heo-hoi-hom-nay-5-4-2026-giao-dich-khoang-63000--68000-dong-kg-d804786.html,
05/04/2026,nongnghiepmoitruong.vn,Miền Bắc,Điện Biên,64000,,https://nongnghiepmoitruong.vn/gia-heo-hoi-hom-nay-5-4-2026-giao-dich-khoang-63000--68000-dong-kg-d804786.html,
05/04/2026,nongnghiepmoitruong.vn,Miền Nam,An Giang,65000,,https://nongnghiepmoitruong.vn/gia-heo-hoi-hom-nay-5-4-2026-giao-dich-khoang-63000--68000-dong-kg-d804786.html,
05/04/2026,nongnghiepmoitruong.vn,Miền Nam,Cà Mau,66000,,https://nongnghiepmoitruong.vn/gia-heo-hoi-hom-nay-5-4-2026-giao-dich-khoang-63000--68000-dong-kg-d804786.html,
05/04/2026,nongnghiepmoitruong.vn,Miền Nam,Cần Thơ,66000,,https://nongnghiepmoitruong.vn/gia-heo-hoi-hom-nay-5-4-2026-giao-dich-khoang-63000--68000-dong-kg-d804786.html,
05/04/2026,nongnghiepmoitruong.vn,Miền Nam,TP HCM,68000,,https://nongnghiepmoitruong.vn/gia-heo-hoi-hom-nay-5-4-2026-giao-dich-khoang-63000--68000-dong-kg-d804786.html,
05/04/2026,nongnghiepmoitruong.vn,Miền Nam,Tây Ninh,68000,,https://nongnghiepmoitruong.vn/gia-heo-hoi-hom-nay-5-4-2026-giao-dich-khoang-63000--68000-dong-kg-d804786.html,
05/04/2026,nongnghiepmoitruong.vn,Miền Nam,Vĩnh Long,67000,,https://nongnghiepmoitruong.vn/gia-heo-hoi-hom-nay-5-4-2026-giao-dich-khoang-63000--68000-dong-kg-d804786.html,
05/04/2026,nongnghiepmoitruong.vn,Miền Nam,Đồng Nai,68000,,https://nongnghiepmoitruong.vn/gia-heo-hoi-hom-nay-5-4-2026-giao-dich-khoang-63000--68000-dong-kg-d804786.html,
05/04/2026,nongnghiepmoitruong.vn,Miền Nam,Đồng Tháp,68000,,https://nongnghiepmoitruong.vn/gia-heo-hoi-hom-nay-5-4-2026-giao-dich-khoang-63000--68000-dong-kg-d804786.html,
05/04/2026,nongnghiepmoitruong.vn,Miền Trung - Tây Nguyên,Gia Lai,64000,,https://nongnghiepmoitruong.vn/gia-heo-hoi-hom-nay-5-4-2026-giao-dich-khoang-63000--68000-dong-kg-d804786.html,
05/04/2026,nongnghiepmoitruong.vn,Miền Trung - Tây Nguyên,Huế,64000,,https://nongnghiepmoitruong.vn/gia-heo-hoi-hom-nay-5-4-2026-giao-dich-khoang-63000--68000-dong-kg-d804786.html,
05/04/2026,nongnghiepmoitruong.vn,Miền Trung - Tây Nguyên,Hà Tĩnh,63000,,https://nongnghiepmoitruong.vn/gia-heo-hoi-hom-nay-5-4-2026-giao-dich-khoang-63000--68000-dong-kg-d804786.html,
05/04/2026,nongnghiepmoitruong.vn,Miền Trung - Tây Nguyên,Khánh Hoà,65000,,https://nongnghiepmoitruong.vn/gia-heo-hoi-hom-nay-5-4-2026-giao-dich-khoang-63000--68000-dong-kg-d804786.html,
05/04/2026,nongnghiepmoitruong.vn,Miền Trung - Tây Nguyên,Lâm Đồng,66000,,https://nongnghiepmoitruong.vn/gia-heo-hoi-hom-nay-5-4-2026-giao-dich-khoang-63000--68000-dong-kg-d804786.html,
05/04/2026,nongnghiepmoitruong.vn,Miền Trung - Tây Nguyên,Nghệ An,64000,,https://nongnghiepmoitruong.vn/gia-heo-hoi-hom-nay-5-4-2026-giao-dich-khoang-63000--68000-dong-kg-d804786.html,
05/04/2026,nongnghiepmoitruong.vn,Miền Trung - Tây Nguyên,Quảng Ngãi,64000,,https://nongnghiepmoitruong.vn/gia-heo-hoi-hom-nay-5-4-2026-giao-dich-khoang-63000--68000-dong-kg-d804786.html,
05/04/2026,nongnghiepmoitruong.vn,Miền Trung - Tây Nguyên,Quảng Trị,64000,,https://nongnghiepmoitruong.vn/gia-heo-hoi-hom-nay-5-4-2026-giao-dich-khoang-63000--68000-dong-kg-d804786.html,
05/04/2026,nongnghiepmoitruong.vn,Miền Trung - Tây Nguyên,Thanh Hoá,64000,,https://nongnghiepmoitruong.vn/gia-heo-hoi-hom-nay-5-4-2026-giao-dich-khoang-63000--68000-dong-kg-d804786.html,
05/04/2026,nongnghiepmoitruong.vn,Miền Trung - Tây Nguyên,Đà Nẵng,64000,,https://nongnghiepmoitruong.vn/gia-heo-hoi-hom-nay-5-4-2026-giao-dich-khoang-63000--68000-dong-kg-d804786.html,
05/04/2026,nongnghiepmoitruong.vn,Miền Trung - Tây Nguyên,Đắk Lắk,64000,,https://nongnghiepmoitruong.vn/gia-heo-hoi-hom-nay-5-4-2026-giao-dich-khoang-63000--68000-dong-kg-d804786.html,
06/04/2026,nongnghiepmoitruong.vn,Miền Bắc,Bắc Ninh,65000,,https://nongnghiepmoitruong.vn/gia-heo-hoi-hom-nay-6-4-2026-tang-nhe-tai-mien-bac-d804878.html,
06/04/2026,nongnghiepmoitruong.vn,Miền Bắc,Cao Bằng,65000,,https://nongnghiepmoitruong.vn/gia-heo-hoi-hom-nay-6-4-2026-tang-nhe-tai-mien-bac-d804878.html,
06/04/2026,nongnghiepmoitruong.vn,Miền Bắc,Hà Nội,65000,,https://nongnghiepmoitruong.vn/gia-heo-hoi-hom-nay-6-4-2026-tang-nhe-tai-mien-bac-d804878.html,
06/04/2026,nongnghiepmoitruong.vn,Miền Bắc,Hưng Yên,65000,,https://nongnghiepmoitruong.vn/gia-heo-hoi-hom-nay-6-4-2026-tang-nhe-tai-mien-bac-d804878.html,
06/04/2026,nongnghiepmoitruong.vn,Miền Bắc,Hải Phòng,65000,,https://nongnghiepmoitruong.vn/gia-heo-hoi-hom-nay-6-4-2026-tang-nhe-tai-mien-bac-d804878.html,
06/04/2026,nongnghiepmoitruong.vn,Miền Bắc,Lai Châu,63000,,https://nongnghiepmoitruong.vn/gia-heo-hoi-hom-nay-6-4-2026-tang-nhe-tai-mien-bac-d804878.html,
06/04/2026,nongnghiepmoitruong.vn,Miền Bắc,Lào Cai,64000,,https://nongnghiepmoitruong.vn/gia-heo-hoi-hom-nay-6-4-2026-tang-nhe-tai-mien-bac-d804878.html,
06/04/2026,nongnghiepmoitruong.vn,Miền Bắc,Lạng Sơn,64000,,https://nongnghiepmoitruong.vn/gia-heo-hoi-hom-nay-6-4-2026-tang-nhe-tai-mien-bac-d804878.html,
06/04/2026,nongnghiepmoitruong.vn,Miền Bắc,Ninh Bình,65000,,https://nongnghiepmoitruong.vn/gia-heo-hoi-hom-nay-6-4-2026-tang-nhe-tai-mien-bac-d804878.html,
06/04/2026,nongnghiepmoitruong.vn,Miền Bắc,Phú Thọ,65000,1000.0,https://nongnghiepmoitruong.vn/gia-heo-hoi-hom-nay-6-4-2026-tang-nhe-tai-mien-bac-d804878.html,
06/04/2026,nongnghiepmoitruong.vn,Miền Bắc,Quảng Ninh,64000,,https://nongnghiepmoitruong.vn/gia-heo-hoi-hom-nay-6-4-2026-tang-nhe-tai-mien-bac-d804878.html,
06/04/2026,nongnghiepmoitruong.vn,Miền Bắc,Sơn La,65000,1000.0,https://nongnghiepmoitruong.vn/gia-heo-hoi-hom-nay-6-4-2026-tang-nhe-tai-mien-bac-d804878.html,
06/04/2026,nongnghiepmoitruong.vn,Miền Bắc,Thái Nguyên,65000,1000.0,https://nongnghiepmoitruong.vn/gia-heo-hoi-hom-nay-6-4-2026-tang-nhe-tai-mien-bac-d804878.html,
06/04/2026,nongnghiepmoitruong.vn,Miền Bắc,Tuyên Quang,64000,,https://nongnghiepmoitruong.vn/gia-heo-hoi-hom-nay-6-4-2026-tang-nhe-tai-mien-bac-d804878.html,
06/04/2026,nongnghiepmoitruong.vn,Miền Bắc,Điện Biên,64000,,https://nongnghiepmoitruong.vn/gia-heo-hoi-hom-nay-6-4-2026-tang-nhe-tai-mien-bac-d804878.html,
06/04/2026,nongnghiepmoitruong.vn,Miền Nam,An Giang,65000,,https://nongnghiepmoitruong.vn/gia-heo-hoi-hom-nay-6-4-2026-tang-nhe-tai-mien-bac-d804878.html,
06/04/2026,nongnghiepmoitruong.vn,Miền Nam,Cà Mau,66000,,https://nongnghiepmoitruong.vn/gia-heo-hoi-hom-nay-6-4-2026-tang-nhe-tai-mien-bac-d804878.html,
06/04/2026,nongnghiepmoitruong.vn,Miền Nam,Cần Thơ,66000,,https://nongnghiepmoitruong.vn/gia-heo-hoi-hom-nay-6-4-2026-tang-nhe-tai-mien-bac-d804878.html,
06/04/2026,nongnghiepmoitruong.vn,Miền Nam,TP HCM,68000,,https://nongnghiepmoitruong.vn/gia-heo-hoi-hom-nay-6-4-2026-tang-nhe-tai-mien-bac-d804878.html,
06/04/2026,nongnghiepmoitruong.vn,Miền Nam,Tây Ninh,68000,,https://nongnghiepmoitruong.vn/gia-heo-hoi-hom-nay-6-4-2026-tang-nhe-tai-mien-bac-d804878.html,
06/04/2026,nongnghiepmoitruong.vn,Miền Nam,Vĩnh Long,67000,,https://nongnghiepmoitruong.vn/gia-heo-hoi-hom-nay-6-4-2026-tang-nhe-tai-mien-bac-d804878.html,
06/04/2026,nongnghiepmoitruong.vn,Miền Nam,Đồng Nai,68000,,https://nongnghiepmoitruong.vn/gia-heo-hoi-hom-nay-6-4-2026-tang-nhe-tai-mien-bac-d804878.html,
06/04/2026,nongnghiepmoitruong.vn,Miền Nam,Đồng Tháp,68000,,https://nongnghiepmoitruong.vn/gia-heo-hoi-hom-nay-6-4-2026-tang-nhe-tai-mien-bac-d804878.html,
06/04/2026,nongnghiepmoitruong.vn,Miền Trung - Tây Nguyên,Gia Lai,64000,,https://nongnghiepmoitruong.vn/gia-heo-hoi-hom-nay-6-4-2026-tang-nhe-tai-mien-bac-d804878.html,
06/04/2026,nongnghiepmoitruong.vn,Miền Trung - Tây Nguyên,Huế,64000,,https://nongnghiepmoitruong.vn/gia-heo-hoi-hom-nay-6-4-2026-tang-nhe-tai-mien-bac-d804878.html,
06/04/2026,nongnghiepmoitruong.vn,Miền Trung - Tây Nguyên,Hà Tĩnh,63000,,https://nongnghiepmoitruong.vn/gia-heo-hoi-hom-nay-6-4-2026-tang-nhe-tai-mien-bac-d804878.html,
06/04/2026,nongnghiepmoitruong.vn,Miền Trung - Tây Nguyên,Khánh Hoà,65000,,https://nongnghiepmoitruong.vn/gia-heo-hoi-hom-nay-6-4-2026-tang-nhe-tai-mien-bac-d804878.html,
06/04/2026,nongnghiepmoitruong.vn,Miền Trung - Tây Nguyên,Lâm Đồng,66000,,https://nongnghiepmoitruong.vn/gia-heo-hoi-hom-nay-6-4-2026-tang-nhe-tai-mien-bac-d804878.html,
06/04/2026,nongnghiepmoitruong.vn,Miền Trung - Tây Nguyên,Nghệ An,64000,,https://nongnghiepmoitruong.vn/gia-heo-hoi-hom-nay-6-4-2026-tang-nhe-tai-mien-bac-d804878.html,
06/04/2026,nongnghiepmoitruong.vn,Miền Trung - Tây Nguyên,Quảng Ngãi,64000,,https://nongnghiepmoitruong.vn/gia-heo-hoi-hom-nay-6-4-2026-tang-nhe-tai-mien-bac-d804878.html,
06/04/2026,nongnghiepmoitruong.vn,Miền Trung - Tây Nguyên,Quảng Trị,64000,,https://nongnghiepmoitruong.vn/gia-heo-hoi-hom-nay-6-4-2026-tang-nhe-tai-mien-bac-d804878.html,
06/04/2026,nongnghiepmoitruong.vn,Miền Trung - Tây Nguyên,Thanh Hoá,64000,,https://nongnghiepmoitruong.vn/gia-heo-hoi-hom-nay-6-4-2026-tang-nhe-tai-mien-bac-d804878.html,
06/04/2026,nongnghiepmoitruong.vn,Miền Trung - Tây Nguyên,Đà Nẵng,64000,,https://nongnghiepmoitruong.vn/gia-heo-hoi-hom-nay-6-4-2026-tang-nhe-tai-mien-bac-d804878.html,
06/04/2026,nongnghiepmoitruong.vn,Miền Trung - Tây Nguyên,Đắk Lắk,65000,1000.0,https://nongnghiepmoitruong.vn/gia-heo-hoi-hom-nay-6-4-2026-tang-nhe-tai-mien-bac-d804878.html,
07/04/2026,nongnghiepmoitruong.vn,Miền Bắc,Bắc Ninh,65000,,https://nongnghiepmoitruong.vn/gia-heo-hoi-hom-nay-7-4-2026-cao-nhat-69000-dong-kg-d805052.html,
07/04/2026,nongnghiepmoitruong.vn,Miền Bắc,Cao Bằng,65000,,https://nongnghiepmoitruong.vn/gia-heo-hoi-hom-nay-7-4-2026-cao-nhat-69000-dong-kg-d805052.html,
07/04/2026,nongnghiepmoitruong.vn,Miền Bắc,Hà Nội,65000,,https://nongnghiepmoitruong.vn/gia-heo-hoi-hom-nay-7-4-2026-cao-nhat-69000-dong-kg-d805052.html,
07/04/2026,nongnghiepmoitruong.vn,Miền Bắc,Hưng Yên,65000,,https://nongnghiepmoitruong.vn/gia-heo-hoi-hom-nay-7-4-2026-cao-nhat-69000-dong-kg-d805052.html,
07/04/2026,nongnghiepmoitruong.vn,Miền Bắc,Hải Phòng,65000,,https://nongnghiepmoitruong.vn/gia-heo-hoi-hom-nay-7-4-2026-cao-nhat-69000-dong-kg-d805052.html,
07/04/2026,nongnghiepmoitruong.vn,Miền Bắc,Lai Châu,63000,,https://nongnghiepmoitruong.vn/gia-heo-hoi-hom-nay-7-4-2026-cao-nhat-69000-dong-kg-d805052.html,
07/04/2026,nongnghiepmoitruong.vn,Miền Bắc,Lào Cai,64000,,https://nongnghiepmoitruong.vn/gia-heo-hoi-hom-nay-7-4-2026-cao-nhat-69000-dong-kg-d805052.html,
07/04/2026,nongnghiepmoitruong.vn,Miền Bắc,Lạng Sơn,64000,,https://nongnghiepmoitruong.vn/gia-heo-hoi-hom-nay-7-4-2026-cao-nhat-69000-dong-kg-d805052.html,
07/04/2026,nongnghiepmoitruong.vn,Miền Bắc,Ninh Bình,65000,,https://nongnghiepmoitruong.vn/gia-heo-hoi-hom-nay-7-4-2026-cao-nhat-69000-dong-kg-d805052.html,
07/04/2026,nongnghiepmoitruong.vn,Miền Bắc,Phú Thọ,65000,,https://nongnghiepmoitruong.vn/gia-heo-hoi-hom-nay-7-4-2026-cao-nhat-69000-dong-kg-d805052.html,
07/04/2026,nongnghiepmoitruong.vn,Miền Bắc,Quảng Ninh,64000,,https://nongnghiepmoitruong.vn/gia-heo-hoi-hom-nay-7-4-2026-cao-nhat-69000-dong-kg-d805052.html,
07/04/2026,nongnghiepmoitruong.vn,Miền Bắc,Sơn La,65000,,https://nongnghiepmoitruong.vn/gia-heo-hoi-hom-nay-7-4-2026-cao-nhat-69000-dong-kg-d805052.html,
07/04/2026,nongnghiepmoitruong.vn,Miền Bắc,Thái Nguyên,65000,,https://nongnghiepmoitruong.vn/gia-heo-hoi-hom-nay-7-4-2026-cao-nhat-69000-dong-kg-d805052.html,
07/04/2026,nongnghiepmoitruong.vn,Miền Bắc,Tuyên Quang,64000,,https://nongnghiepmoitruong.vn/gia-heo-hoi-hom-nay-7-4-2026-cao-nhat-69000-dong-kg-d805052.html,
07/04/2026,nongnghiepmoitruong.vn,Miền Bắc,Điện Biên,64000,,https://nongnghiepmoitruong.vn/gia-heo-hoi-hom-nay-7-4-2026-cao-nhat-69000-dong-kg-d805052.html,
07/04/2026,nongnghiepmoitruong.vn,Miền Nam,An Giang,65000,,https://nongnghiepmoitruong.vn/gia-heo-hoi-hom-nay-7-4-2026-cao-nhat-69000-dong-kg-d805052.html,
07/04/2026,nongnghiepmoitruong.vn,Miền Nam,Cà Mau,66000,,https://nongnghiepmoitruong.vn/gia-heo-hoi-hom-nay-7-4-2026-cao-nhat-69000-dong-kg-d805052.html,
07/04/2026,nongnghiepmoitruong.vn,Miền Nam,Cần Thơ,66000,,https://nongnghiepmoitruong.vn/gia-heo-hoi-hom-nay-7-4-2026-cao-nhat-69000-dong-kg-d805052.html,
07/04/2026,nongnghiepmoitruong.vn,Miền Nam,TP HCM,68000,,https://nongnghiepmoitruong.vn/gia-heo-hoi-hom-nay-7-4-2026-cao-nhat-69000-dong-kg-d805052.html,
07/04/2026,nongnghiepmoitruong.vn,Miền Nam,Tây Ninh,68000,,https://nongnghiepmoitruong.vn/gia-heo-hoi-hom-nay-7-4-2026-cao-nhat-69000-dong-kg-d805052.html,
07/04/2026,nongnghiepmoitruong.vn,Miền Nam,Vĩnh Long,67000,,https://nongnghiepmoitruong.vn/gia-heo-hoi-hom-nay-7-4-2026-cao-nhat-69000-dong-kg-d805052.html,
07/04/2026,nongnghiepmoitruong.vn,Miền Nam,Đồng Nai,69000,1000.0,https://nongnghiepmoitruong.vn/gia-heo-hoi-hom-nay-7-4-2026-cao-nhat-69000-dong-kg-d805052.html,
07/04/2026,nongnghiepmoitruong.vn,Miền Nam,Đồng Tháp,68000,,https://nongnghiepmoitruong.vn/gia-heo-hoi-hom-nay-7-4-2026-cao-nhat-69000-dong-kg-d805052.html,
07/04/2026,nongnghiepmoitruong.vn,Miền Trung - Tây Nguyên,Gia Lai,64000,,https://nongnghiepmoitruong.vn/gia-heo-hoi-hom-nay-7-4-2026-cao-nhat-69000-dong-kg-d805052.html,
07/04/2026,nongnghiepmoitruong.vn,Miền Trung - Tây Nguyên,Huế,64000,,https://nongnghiepmoitruong.vn/gia-heo-hoi-hom-nay-7-4-2026-cao-nhat-69000-dong-kg-d805052.html,
07/04/2026,nongnghiepmoitruong.vn,Miền Trung - Tây Nguyên,Hà Tĩnh,63000,,https://nongnghiepmoitruong.vn/gia-heo-hoi-hom-nay-7-4-2026-cao-nhat-69000-dong-kg-d805052.html,
07/04/2026,nongnghiepmoitruong.vn,Miền Trung - Tây Nguyên,Khánh Hoà,65000,,https://nongnghiepmoitruong.vn/gia-heo-hoi-hom-nay-7-4-2026-cao-nhat-69000-dong-kg-d805052.html,
07/04/2026,nongnghiepmoitruong.vn,Miền Trung - Tây Nguyên,Lâm Đồng,67000,1000.0,https://nongnghiepmoitruong.vn/gia-heo-hoi-hom-nay-7-4-2026-cao-nhat-69000-dong-kg-d805052.html,
07/04/2026,nongnghiepmoitruong.vn,Miền Trung - Tây Nguyên,Nghệ An,64000,,https://nongnghiepmoitruong.vn/gia-heo-hoi-hom-nay-7-4-2026-cao-nhat-69000-dong-kg-d805052.html,
07/04/2026,nongnghiepmoitruong.vn,Miền Trung - Tây Nguyên,Quảng Ngãi,64000,,https://nongnghiepmoitruong.vn/gia-heo-hoi-hom-nay-7-4-2026-cao-nhat-69000-dong-kg-d805052.html,
07/04/2026,nongnghiepmoitruong.vn,Miền Trung - Tây Nguyên,Quảng Trị,64000,,https://nongnghiepmoitruong.vn/gia-heo-hoi-hom-nay-7-4-2026-cao-nhat-69000-dong-kg-d805052.html,
07/04/2026,nongnghiepmoitruong.vn,Miền Trung - Tây Nguyên,Thanh Hoá,64000,,https://nongnghiepmoitruong.vn/gia-heo-hoi-hom-nay-7-4-2026-cao-nhat-69000-dong-kg-d805052.html,
07/04/2026,nongnghiepmoitruong.vn,Miền Trung - Tây Nguyên,Đà Nẵng,64000,,https://nongnghiepmoitruong.vn/gia-heo-hoi-hom-nay-7-4-2026-cao-nhat-69000-dong-kg-d805052.html,
07/04/2026,nongnghiepmoitruong.vn,Miền Trung - Tây Nguyên,Đắk Lắk,65000,,https://nongnghiepmoitruong.vn/gia-heo-hoi-hom-nay-7-4-2026-cao-nhat-69000-dong-kg-d805052.html,
08/04/2026,nongnghiepmoitruong.vn,Miền Bắc,Bắc Ninh,65000,,https://nongnghiepmoitruong.vn/gia-heo-hoi-hom-nay-8-4-2026-mien-nam-tang-tai-nhieu-noi-d805243.html,
08/04/2026,nongnghiepmoitruong.vn,Miền Bắc,Cao Bằng,65000,,https://nongnghiepmoitruong.vn/gia-heo-hoi-hom-nay-8-4-2026-mien-nam-tang-tai-nhieu-noi-d805243.html,
08/04/2026,nongnghiepmoitruong.vn,Miền Bắc,Hà Nội,65000,,https://nongnghiepmoitruong.vn/gia-heo-hoi-hom-nay-8-4-2026-mien-nam-tang-tai-nhieu-noi-d805243.html,
08/04/2026,nongnghiepmoitruong.vn,Miền Bắc,Hưng Yên,65000,,https://nongnghiepmoitruong.vn/gia-heo-hoi-hom-nay-8-4-2026-mien-nam-tang-tai-nhieu-noi-d805243.html,
08/04/2026,nongnghiepmoitruong.vn,Miền Bắc,Hải Phòng,65000,,https://nongnghiepmoitruong.vn/gia-heo-hoi-hom-nay-8-4-2026-mien-nam-tang-tai-nhieu-noi-d805243.html,
08/04/2026,nongnghiepmoitruong.vn,Miền Bắc,Lai Châu,63000,,https://nongnghiepmoitruong.vn/gia-heo-hoi-hom-nay-8-4-2026-mien-nam-tang-tai-nhieu-noi-d805243.html,
08/04/2026,nongnghiepmoitruong.vn,Miền Bắc,Lào Cai,64000,,https://nongnghiepmoitruong.vn/gia-heo-hoi-hom-nay-8-4-2026-mien-nam-tang-tai-nhieu-noi-d805243.html,
08/04/2026,nongnghiepmoitruong.vn,Miền Bắc,Lạng Sơn,64000,,https://nongnghiepmoitruong.vn/gia-heo-hoi-hom-nay-8-4-2026-mien-nam-tang-tai-nhieu-noi-d805243.html,
08/04/2026,nongnghiepmoitruong.vn,Miền Bắc,Ninh Bình,65000,,https://nongnghiepmoitruong.vn/gia-heo-hoi-hom-nay-8-4-2026-mien-nam-tang-tai-nhieu-noi-d805243.html,
08/04/2026,nongnghiepmoitruong.vn,Miền Bắc,Phú Thọ,65000,,https://nongnghiepmoitruong.vn/gia-heo-hoi-hom-nay-8-4-2026-mien-nam-tang-tai-nhieu-noi-d805243.html,
08/04/2026,nongnghiepmoitruong.vn,Miền Bắc,Quảng Ninh,64000,,https://nongnghiepmoitruong.vn/gia-heo-hoi-hom-nay-8-4-2026-mien-nam-tang-tai-nhieu-noi-d805243.html,
08/04/2026,nongnghiepmoitruong.vn,Miền Bắc,Sơn La,65000,,https://nongnghiepmoitruong.vn/gia-heo-hoi-hom-nay-8-4-2026-mien-nam-tang-tai-nhieu-noi-d805243.html,
08/04/2026,nongnghiepmoitruong.vn,Miền Bắc,Thái Nguyên,65000,,https://nongnghiepmoitruong.vn/gia-heo-hoi-hom-nay-8-4-2026-mien-nam-tang-tai-nhieu-noi-d805243.html,
08/04/2026,nongnghiepmoitruong.vn,Miền Bắc,Tuyên Quang,64000,,https://nongnghiepmoitruong.vn/gia-heo-hoi-hom-nay-8-4-2026-mien-nam-tang-tai-nhieu-noi-d805243.html,
08/04/2026,nongnghiepmoitruong.vn,Miền Bắc,Điện Biên,64000,,https://nongnghiepmoitruong.vn/gia-heo-hoi-hom-nay-8-4-2026-mien-nam-tang-tai-nhieu-noi-d805243.html,
08/04/2026,nongnghiepmoitruong.vn,Miền Nam,An Giang,66000,1000.0,https://nongnghiepmoitruong.vn/gia-heo-hoi-hom-nay-8-4-2026-mien-nam-tang-tai-nhieu-noi-d805243.html,
08/04/2026,nongnghiepmoitruong.vn,Miền Nam,Cà Mau,67000,1000.0,https://nongnghiepmoitruong.vn/gia-heo-hoi-hom-nay-8-4-2026-mien-nam-tang-tai-nhieu-noi-d805243.html,
08/04/2026,nongnghiepmoitruong.vn,Miền Nam,Cần Thơ,66000,,https://nongnghiepmoitruong.vn/gia-heo-hoi-hom-nay-8-4-2026-mien-nam-tang-tai-nhieu-noi-d805243.html,
08/04/2026,nongnghiepmoitruong.vn,Miền Nam,TP HCM,69000,1000.0,https://nongnghiepmoitruong.vn/gia-heo-hoi-hom-nay-8-4-2026-mien-nam-tang-tai-nhieu-noi-d805243.html,
08/04/2026,nongnghiepmoitruong.vn,Miền Nam,Tây Ninh,68000,,https://nongnghiepmoitruong.vn/gia-heo-hoi-hom-nay-8-4-2026-mien-nam-tang-tai-nhieu-noi-d805243.html,
08/04/2026,nongnghiepmoitruong.vn,Miền Nam,Vĩnh Long,67000,,https://nongnghiepmoitruong.vn/gia-heo-hoi-hom-nay-8-4-2026-mien-nam-tang-tai-nhieu-noi-d805243.html,
08/04/2026,nongnghiepmoitruong.vn,Miền Nam,Đồng Nai,69000,,https://nongnghiepmoitruong.vn/gia-heo-hoi-hom-nay-8-4-2026-mien-nam-tang-tai-nhieu-noi-d805243.html,
08/04/2026,nongnghiepmoitruong.vn,Miền Nam,Đồng Tháp,68000,,https://nongnghiepmoitruong.vn/gia-heo-hoi-hom-nay-8-4-2026-mien-nam-tang-tai-nhieu-noi-d805243.html,
08/04/2026,nongnghiepmoitruong.vn,Miền Trung - Tây Nguyên,Gia Lai,64000,,https://nongnghiepmoitruong.vn/gia-heo-hoi-hom-nay-8-4-2026-mien-nam-tang-tai-nhieu-noi-d805243.html,
08/04/2026,nongnghiepmoitruong.vn,Miền Trung - Tây Nguyên,Huế,64000,,https://nongnghiepmoitruong.vn/gia-heo-hoi-hom-nay-8-4-2026-mien-nam-tang-tai-nhieu-noi-d805243.html,
08/04/2026,nongnghiepmoitruong.vn,Miền Trung - Tây Nguyên,Hà Tĩnh,63000,,https://nongnghiepmoitruong.vn/gia-heo-hoi-hom-nay-8-4-2026-mien-nam-tang-tai-nhieu-noi-d805243.html,
08/04/2026,nongnghiepmoitruong.vn,Miền Trung - Tây Nguyên,Khánh Hoà,65000,,https://nongnghiepmoitruong.vn/gia-heo-hoi-hom-nay-8-4-2026-mien-nam-tang-tai-nhieu-noi-d805243.html,
08/04/2026,nongnghiepmoitruong.vn,Miền Trung - Tây Nguyên,Lâm Đồng,68000,1000.0,https://nongnghiepmoitruong.vn/gia-heo-hoi-hom-nay-8-4-2026-mien-nam-tang-tai-nhieu-noi-d805243.html,
08/04/2026,nongnghiepmoitruong.vn,Miền Trung - Tây Nguyên,Nghệ An,64000,,https://nongnghiepmoitruong.vn/gia-heo-hoi-hom-nay-8-4-2026-mien-nam-tang-tai-nhieu-noi-d805243.html,
08/04/2026,nongnghiepmoitruong.vn,Miền Trung - Tây Nguyên,Quảng Ngãi,64000,,https://nongnghiepmoitruong.vn/gia-heo-hoi-hom-nay-8-4-2026-mien-nam-tang-tai-nhieu-noi-d805243.html,
08/04/2026,nongnghiepmoitruong.vn,Miền Trung - Tây Nguyên,Quảng Trị,64000,,https://nongnghiepmoitruong.vn/gia-heo-hoi-hom-nay-8-4-2026-mien-nam-tang-tai-nhieu-noi-d805243.html,
08/04/2026,nongnghiepmoitruong.vn,Miền Trung - Tây Nguyên,Thanh Hoá,64000,,https://nongnghiepmoitruong.vn/gia-heo-hoi-hom-nay-8-4-2026-mien-nam-tang-tai-nhieu-noi-d805243.html,
08/04/2026,nongnghiepmoitruong.vn,Miền Trung - Tây Nguyên,Đà Nẵng,64000,,https://nongnghiepmoitruong.vn/gia-heo-hoi-hom-nay-8-4-2026-mien-nam-tang-tai-nhieu-noi-d805243.html,
08/04/2026,nongnghiepmoitruong.vn,Miền Trung - Tây Nguyên,Đắk Lắk,67000,2000.0,https://nongnghiepmoitruong.vn/gia-heo-hoi-hom-nay-8-4-2026-mien-nam-tang-tai-nhieu-noi-d805243.html,
09/04/2026,nongnghiepmoitruong.vn,Miền Bắc,Bắc Ninh,65000,,https://nongnghiepmoitruong.vn/gia-heo-hoi-hom-nay-9-4-2026-di-ngang-tren-dien-rong-d805451.html,
09/04/2026,nongnghiepmoitruong.vn,Miền Bắc,Cao Bằng,65000,,https://nongnghiepmoitruong.vn/gia-heo-hoi-hom-nay-9-4-2026-di-ngang-tren-dien-rong-d805451.html,
09/04/2026,nongnghiepmoitruong.vn,Miền Bắc,Hà Nội,65000,,https://nongnghiepmoitruong.vn/gia-heo-hoi-hom-nay-9-4-2026-di-ngang-tren-dien-rong-d805451.html,
09/04/2026,nongnghiepmoitruong.vn,Miền Bắc,Hưng Yên,65000,,https://nongnghiepmoitruong.vn/gia-heo-hoi-hom-nay-9-4-2026-di-ngang-tren-dien-rong-d805451.html,
09/04/2026,nongnghiepmoitruong.vn,Miền Bắc,Hải Phòng,65000,,https://nongnghiepmoitruong.vn/gia-heo-hoi-hom-nay-9-4-2026-di-ngang-tren-dien-rong-d805451.html,
09/04/2026,nongnghiepmoitruong.vn,Miền Bắc,Lai Châu,63000,,https://nongnghiepmoitruong.vn/gia-heo-hoi-hom-nay-9-4-2026-di-ngang-tren-dien-rong-d805451.html,
09/04/2026,nongnghiepmoitruong.vn,Miền Bắc,Lào Cai,64000,,https://nongnghiepmoitruong.vn/gia-heo-hoi-hom-nay-9-4-2026-di-ngang-tren-dien-rong-d805451.html,
09/04/2026,nongnghiepmoitruong.vn,Miền Bắc,Lạng Sơn,64000,,https://nongnghiepmoitruong.vn/gia-heo-hoi-hom-nay-9-4-2026-di-ngang-tren-dien-rong-d805451.html,
09/04/2026,nongnghiepmoitruong.vn,Miền Bắc,Ninh Bình,65000,,https://nongnghiepmoitruong.vn/gia-heo-hoi-hom-nay-9-4-2026-di-ngang-tren-dien-rong-d805451.html,
09/04/2026,nongnghiepmoitruong.vn,Miền Bắc,Phú Thọ,65000,,https://nongnghiepmoitruong.vn/gia-heo-hoi-hom-nay-9-4-2026-di-ngang-tren-dien-rong-d805451.html,
09/04/2026,nongnghiepmoitruong.vn,Miền Bắc,Quảng Ninh,64000,,https://nongnghiepmoitruong.vn/gia-heo-hoi-hom-nay-9-4-2026-di-ngang-tren-dien-rong-d805451.html,
09/04/2026,nongnghiepmoitruong.vn,Miền Bắc,Sơn La,65000,,https://nongnghiepmoitruong.vn/gia-heo-hoi-hom-nay-9-4-2026-di-ngang-tren-dien-rong-d805451.html,
09/04/2026,nongnghiepmoitruong.vn,Miền Bắc,Thái Nguyên,65000,,https://nongnghiepmoitruong.vn/gia-heo-hoi-hom-nay-9-4-2026-di-ngang-tren-dien-rong-d805451.html,
09/04/2026,nongnghiepmoitruong.vn,Miền Bắc,Tuyên Quang,64000,,https://nongnghiepmoitruong.vn/gia-heo-hoi-hom-nay-9-4-2026-di-ngang-tren-dien-rong-d805451.html,
09/04/2026,nongnghiepmoitruong.vn,Miền Bắc,Điện Biên,64000,,https://nongnghiepmoitruong.vn/gia-heo-hoi-hom-nay-9-4-2026-di-ngang-tren-dien-rong-d805451.html,
09/04/2026,nongnghiepmoitruong.vn,Miền Nam,An Giang,66000,,https://nongnghiepmoitruong.vn/gia-heo-hoi-hom-nay-9-4-2026-di-ngang-tren-dien-rong-d805451.html,
09/04/2026,nongnghiepmoitruong.vn,Miền Nam,Cà Mau,67000,,https://nongnghiepmoitruong.vn/gia-heo-hoi-hom-nay-9-4-2026-di-ngang-tren-dien-rong-d805451.html,
09/04/2026,nongnghiepmoitruong.vn,Miền Nam,Cần Thơ,66000,,https://nongnghiepmoitruong.vn/gia-heo-hoi-hom-nay-9-4-2026-di-ngang-tren-dien-rong-d805451.html,
09/04/2026,nongnghiepmoitruong.vn,Miền Nam,TP HCM,69000,,https://nongnghiepmoitruong.vn/gia-heo-hoi-hom-nay-9-4-2026-di-ngang-tren-dien-rong-d805451.html,
09/04/2026,nongnghiepmoitruong.vn,Miền Nam,Tây Ninh,68000,,https://nongnghiepmoitruong.vn/gia-heo-hoi-hom-nay-9-4-2026-di-ngang-tren-dien-rong-d805451.html,
09/04/2026,nongnghiepmoitruong.vn,Miền Nam,Vĩnh Long,67000,,https://nongnghiepmoitruong.vn/gia-heo-hoi-hom-nay-9-4-2026-di-ngang-tren-dien-rong-d805451.html,
09/04/2026,nongnghiepmoitruong.vn,Miền Nam,Đồng Nai,69000,,https://nongnghiepmoitruong.vn/gia-heo-hoi-hom-nay-9-4-2026-di-ngang-tren-dien-rong-d805451.html,
09/04/2026,nongnghiepmoitruong.vn,Miền Nam,Đồng Tháp,68000,,https://nongnghiepmoitruong.vn/gia-heo-hoi-hom-nay-9-4-2026-di-ngang-tren-dien-rong-d805451.html,
09/04/2026,nongnghiepmoitruong.vn,Miền Trung - Tây Nguyên,Gia Lai,64000,,https://nongnghiepmoitruong.vn/gia-heo-hoi-hom-nay-9-4-2026-di-ngang-tren-dien-rong-d805451.html,
09/04/2026,nongnghiepmoitruong.vn,Miền Trung - Tây Nguyên,Huế,64000,,https://nongnghiepmoitruong.vn/gia-heo-hoi-hom-nay-9-4-2026-di-ngang-tren-dien-rong-d805451.html,
09/04/2026,nongnghiepmoitruong.vn,Miền Trung - Tây Nguyên,Hà Tĩnh,63000,,https://nongnghiepmoitruong.vn/gia-heo-hoi-hom-nay-9-4-2026-di-ngang-tren-dien-rong-d805451.html,
09/04/2026,nongnghiepmoitruong.vn,Miền Trung - Tây Nguyên,Khánh Hoà,65000,,https://nongnghiepmoitruong.vn/gia-heo-hoi-hom-nay-9-4-2026-di-ngang-tren-dien-rong-d805451.html,
09/04/2026,nongnghiepmoitruong.vn,Miền Trung - Tây Nguyên,Lâm Đồng,68000,,https://nongnghiepmoitruong.vn/gia-heo-hoi-hom-nay-9-4-2026-di-ngang-tren-dien-rong-d805451.html,
09/04/2026,nongnghiepmoitruong.vn,Miền Trung - Tây Nguyên,Nghệ An,64000,,https://nongnghiepmoitruong.vn/gia-heo-hoi-hom-nay-9-4-2026-di-ngang-tren-dien-rong-d805451.html,
09/04/2026,nongnghiepmoitruong.vn,Miền Trung - Tây Nguyên,Quảng Ngãi,64000,,https://nongnghiepmoitruong.vn/gia-heo-hoi-hom-nay-9-4-2026-di-ngang-tren-dien-rong-d805451.html,
09/04/2026,nongnghiepmoitruong.vn,Miền Trung - Tây Nguyên,Quảng Trị,64000,,https://nongnghiepmoitruong.vn/gia-heo-hoi-hom-nay-9-4-2026-di-ngang-tren-dien-rong-d805451.html,
09/04/2026,nongnghiepmoitruong.vn,Miền Trung - Tây Nguyên,Thanh Hoá,64000,,https://nongnghiepmoitruong.vn/gia-heo-hoi-hom-nay-9-4-2026-di-ngang-tren-dien-rong-d805451.html,
09/04/2026,nongnghiepmoitruong.vn,Miền Trung - Tây Nguyên,Đà Nẵng,64000,,https://nongnghiepmoitruong.vn/gia-heo-hoi-hom-nay-9-4-2026-di-ngang-tren-dien-rong-d805451.html,
09/04/2026,nongnghiepmoitruong.vn,Miền Trung - Tây Nguyên,Đắk Lắk,67000,,https://nongnghiepmoitruong.vn/gia-heo-hoi-hom-nay-9-4-2026-di-ngang-tren-dien-rong-d805451.html,
10/04/2026,nongnghiepmoitruong.vn,Miền Bắc,Bắc Ninh,65000,,https://nongnghiepmoitruong.vn/gia-heo-hoi-hom-nay-10-4-2026-khong-co-bien-dong-moi-d805652.html,
10/04/2026,nongnghiepmoitruong.vn,Miền Bắc,Cao Bằng,65000,,https://nongnghiepmoitruong.vn/gia-heo-hoi-hom-nay-10-4-2026-khong-co-bien-dong-moi-d805652.html,
10/04/2026,nongnghiepmoitruong.vn,Miền Bắc,Hà Nội,65000,,https://nongnghiepmoitruong.vn/gia-heo-hoi-hom-nay-10-4-2026-khong-co-bien-dong-moi-d805652.html,
10/04/2026,nongnghiepmoitruong.vn,Miền Bắc,Hưng Yên,65000,,https://nongnghiepmoitruong.vn/gia-heo-hoi-hom-nay-10-4-2026-khong-co-bien-dong-moi-d805652.html,
10/04/2026,nongnghiepmoitruong.vn,Miền Bắc,Hải Phòng,65000,,https://nongnghiepmoitruong.vn/gia-heo-hoi-hom-nay-10-4-2026-khong-co-bien-dong-moi-d805652.html,
10/04/2026,nongnghiepmoitruong.vn,Miền Bắc,Lai Châu,63000,,https://nongnghiepmoitruong.vn/gia-heo-hoi-hom-nay-10-4-2026-khong-co-bien-dong-moi-d805652.html,
10/04/2026,nongnghiepmoitruong.vn,Miền Bắc,Lào Cai,64000,,https://nongnghiepmoitruong.vn/gia-heo-hoi-hom-nay-10-4-2026-khong-co-bien-dong-moi-d805652.html,
10/04/2026,nongnghiepmoitruong.vn,Miền Bắc,Lạng Sơn,64000,,https://nongnghiepmoitruong.vn/gia-heo-hoi-hom-nay-10-4-2026-khong-co-bien-dong-moi-d805652.html,
10/04/2026,nongnghiepmoitruong.vn,Miền Bắc,Ninh Bình,65000,,https://nongnghiepmoitruong.vn/gia-heo-hoi-hom-nay-10-4-2026-khong-co-bien-dong-moi-d805652.html,
10/04/2026,nongnghiepmoitruong.vn,Miền Bắc,Phú Thọ,65000,,https://nongnghiepmoitruong.vn/gia-heo-hoi-hom-nay-10-4-2026-khong-co-bien-dong-moi-d805652.html,
10/04/2026,nongnghiepmoitruong.vn,Miền Bắc,Quảng Ninh,64000,,https://nongnghiepmoitruong.vn/gia-heo-hoi-hom-nay-10-4-2026-khong-co-bien-dong-moi-d805652.html,
10/04/2026,nongnghiepmoitruong.vn,Miền Bắc,Sơn La,65000,,https://nongnghiepmoitruong.vn/gia-heo-hoi-hom-nay-10-4-2026-khong-co-bien-dong-moi-d805652.html,
10/04/2026,nongnghiepmoitruong.vn,Miền Bắc,Thái Nguyên,65000,,https://nongnghiepmoitruong.vn/gia-heo-hoi-hom-nay-10-4-2026-khong-co-bien-dong-moi-d805652.html,
10/04/2026,nongnghiepmoitruong.vn,Miền Bắc,Tuyên Quang,64000,,https://nongnghiepmoitruong.vn/gia-heo-hoi-hom-nay-10-4-2026-khong-co-bien-dong-moi-d805652.html,
10/04/2026,nongnghiepmoitruong.vn,Miền Bắc,Điện Biên,64000,,https://nongnghiepmoitruong.vn/gia-heo-hoi-hom-nay-10-4-2026-khong-co-bien-dong-moi-d805652.html,
10/04/2026,nongnghiepmoitruong.vn,Miền Nam,An Giang,66000,,https://nongnghiepmoitruong.vn/gia-heo-hoi-hom-nay-10-4-2026-khong-co-bien-dong-moi-d805652.html,
10/04/2026,nongnghiepmoitruong.vn,Miền Nam,Cà Mau,67000,,https://nongnghiepmoitruong.vn/gia-heo-hoi-hom-nay-10-4-2026-khong-co-bien-dong-moi-d805652.html,
10/04/2026,nongnghiepmoitruong.vn,Miền Nam,Cần Thơ,66000,,https://nongnghiepmoitruong.vn/gia-heo-hoi-hom-nay-10-4-2026-khong-co-bien-dong-moi-d805652.html,
10/04/2026,nongnghiepmoitruong.vn,Miền Nam,TP HCM,69000,,https://nongnghiepmoitruong.vn/gia-heo-hoi-hom-nay-10-4-2026-khong-co-bien-dong-moi-d805652.html,
10/04/2026,nongnghiepmoitruong.vn,Miền Nam,Tây Ninh,68000,,https://nongnghiepmoitruong.vn/gia-heo-hoi-hom-nay-10-4-2026-khong-co-bien-dong-moi-d805652.html,
10/04/2026,nongnghiepmoitruong.vn,Miền Nam,Vĩnh Long,67000,,https://nongnghiepmoitruong.vn/gia-heo-hoi-hom-nay-10-4-2026-khong-co-bien-dong-moi-d805652.html,
10/04/2026,nongnghiepmoitruong.vn,Miền Nam,Đồng Nai,69000,,https://nongnghiepmoitruong.vn/gia-heo-hoi-hom-nay-10-4-2026-khong-co-bien-dong-moi-d805652.html,
10/04/2026,nongnghiepmoitruong.vn,Miền Nam,Đồng Tháp,68000,,https://nongnghiepmoitruong.vn/gia-heo-hoi-hom-nay-10-4-2026-khong-co-bien-dong-moi-d805652.html,
10/04/2026,nongnghiepmoitruong.vn,Miền Trung - Tây Nguyên,Gia Lai,64000,,https://nongnghiepmoitruong.vn/gia-heo-hoi-hom-nay-10-4-2026-khong-co-bien-dong-moi-d805652.html,
10/04/2026,nongnghiepmoitruong.vn,Miền Trung - Tây Nguyên,Huế,64000,,https://nongnghiepmoitruong.vn/gia-heo-hoi-hom-nay-10-4-2026-khong-co-bien-dong-moi-d805652.html,
10/04/2026,nongnghiepmoitruong.vn,Miền Trung - Tây Nguyên,Hà Tĩnh,63000,,https://nongnghiepmoitruong.vn/gia-heo-hoi-hom-nay-10-4-2026-khong-co-bien-dong-moi-d805652.html,
10/04/2026,nongnghiepmoitruong.vn,Miền Trung - Tây Nguyên,Khánh Hoà,65000,,https://nongnghiepmoitruong.vn/gia-heo-hoi-hom-nay-10-4-2026-khong-co-bien-dong-moi-d805652.html,
10/04/2026,nongnghiepmoitruong.vn,Miền Trung - Tây Nguyên,Lâm Đồng,68000,,https://nongnghiepmoitruong.vn/gia-heo-hoi-hom-nay-10-4-2026-khong-co-bien-dong-moi-d805652.html,
10/04/2026,nongnghiepmoitruong.vn,Miền Trung - Tây Nguyên,Nghệ An,64000,,https://nongnghiepmoitruong.vn/gia-heo-hoi-hom-nay-10-4-2026-khong-co-bien-dong-moi-d805652.html,
10/04/2026,nongnghiepmoitruong.vn,Miền Trung - Tây Nguyên,Quảng Ngãi,64000,,https://nongnghiepmoitruong.vn/gia-heo-hoi-hom-nay-10-4-2026-khong-co-bien-dong-moi-d805652.html,
10/04/2026,nongnghiepmoitruong.vn,Miền Trung - Tây Nguyên,Quảng Trị,64000,,https://nongnghiepmoitruong.vn/gia-heo-hoi-hom-nay-10-4-2026-khong-co-bien-dong-moi-d805652.html,
10/04/2026,nongnghiepmoitruong.vn,Miền Trung - Tây Nguyên,Thanh Hoá,64000,,https://nongnghiepmoitruong.vn/gia-heo-hoi-hom-nay-10-4-2026-khong-co-bien-dong-moi-d805652.html,
10/04/2026,nongnghiepmoitruong.vn,Miền Trung - Tây Nguyên,Đà Nẵng,64000,,https://nongnghiepmoitruong.vn/gia-heo-hoi-hom-nay-10-4-2026-khong-co-bien-dong-moi-d805652.html,
10/04/2026,nongnghiepmoitruong.vn,Miền Trung - Tây Nguyên,Đắk Lắk,67000,,https://nongnghiepmoitruong.vn/gia-heo-hoi-hom-nay-10-4-2026-khong-co-bien-dong-moi-d805652.html,
13/04/2026,nongnghiepmoitruong.vn,Miền Bắc,Bắc Ninh,65000,,https://nongnghiepmoitruong.vn/gia-heo-hoi-hom-nay-13-4-2026-giam-nhe-tai-mien-bac-d806090.html,
13/04/2026,nongnghiepmoitruong.vn,Miền Bắc,Cao Bằng,64000,-1000.0,https://nongnghiepmoitruong.vn/gia-heo-hoi-hom-nay-13-4-2026-giam-nhe-tai-mien-bac-d806090.html,
13/04/2026,nongnghiepmoitruong.vn,Miền Bắc,Hà Nội,65000,,https://nongnghiepmoitruong.vn/gia-heo-hoi-hom-nay-13-4-2026-giam-nhe-tai-mien-bac-d806090.html,
13/04/2026,nongnghiepmoitruong.vn,Miền Bắc,Hưng Yên,65000,,https://nongnghiepmoitruong.vn/gia-heo-hoi-hom-nay-13-4-2026-giam-nhe-tai-mien-bac-d806090.html,
13/04/2026,nongnghiepmoitruong.vn,Miền Bắc,Hải Phòng,64000,-1000.0,https://nongnghiepmoitruong.vn/gia-heo-hoi-hom-nay-13-4-2026-giam-nhe-tai-mien-bac-d806090.html,
13/04/2026,nongnghiepmoitruong.vn,Miền Bắc,Lai Châu,63000,,https://nongnghiepmoitruong.vn/gia-heo-hoi-hom-nay-13-4-2026-giam-nhe-tai-mien-bac-d806090.html,
13/04/2026,nongnghiepmoitruong.vn,Miền Bắc,Lào Cai,63000,-1000.0,https://nongnghiepmoitruong.vn/gia-heo-hoi-hom-nay-13-4-2026-giam-nhe-tai-mien-bac-d806090.html,
13/04/2026,nongnghiepmoitruong.vn,Miền Bắc,Lạng Sơn,63000,-1000.0,https://nongnghiepmoitruong.vn/gia-heo-hoi-hom-nay-13-4-2026-giam-nhe-tai-mien-bac-d806090.html,
13/04/2026,nongnghiepmoitruong.vn,Miền Bắc,Ninh Bình,63000,-1000.0,https://nongnghiepmoitruong.vn/gia-heo-hoi-hom-nay-13-4-2026-giam-nhe-tai-mien-bac-d806090.html,
13/04/2026,nongnghiepmoitruong.vn,Miền Bắc,Phú Thọ,64000,,https://nongnghiepmoitruong.vn/gia-heo-hoi-hom-nay-13-4-2026-giam-nhe-tai-mien-bac-d806090.html,
13/04/2026,nongnghiepmoitruong.vn,Miền Bắc,Quảng Ninh,64000,,https://nongnghiepmoitruong.vn/gia-heo-hoi-hom-nay-13-4-2026-giam-nhe-tai-mien-bac-d806090.html,
13/04/2026,nongnghiepmoitruong.vn,Miền Bắc,Sơn La,64000,-1000.0,https://nongnghiepmoitruong.vn/gia-heo-hoi-hom-nay-13-4-2026-giam-nhe-tai-mien-bac-d806090.html,
13/04/2026,nongnghiepmoitruong.vn,Miền Bắc,Thái Nguyên,64000,,https://nongnghiepmoitruong.vn/gia-heo-hoi-hom-nay-13-4-2026-giam-nhe-tai-mien-bac-d806090.html,
13/04/2026,nongnghiepmoitruong.vn,Miền Bắc,Tuyên Quang,64000,,https://nongnghiepmoitruong.vn/gia-heo-hoi-hom-nay-13-4-2026-giam-nhe-tai-mien-bac-d806090.html,
13/04/2026,nongnghiepmoitruong.vn,Miền Bắc,Điện Biên,64000,,https://nongnghiepmoitruong.vn/gia-heo-hoi-hom-nay-13-4-2026-giam-nhe-tai-mien-bac-d806090.html,
13/04/2026,nongnghiepmoitruong.vn,Miền Nam,An Giang,66000,,https://nongnghiepmoitruong.vn/gia-heo-hoi-hom-nay-13-4-2026-giam-nhe-tai-mien-bac-d806090.html,
13/04/2026,nongnghiepmoitruong.vn,Miền Nam,Cà Mau,67000,,https://nongnghiepmoitruong.vn/gia-heo-hoi-hom-nay-13-4-2026-giam-nhe-tai-mien-bac-d806090.html,
13/04/2026,nongnghiepmoitruong.vn,Miền Nam,Cần Thơ,66000,,https://nongnghiepmoitruong.vn/gia-heo-hoi-hom-nay-13-4-2026-giam-nhe-tai-mien-bac-d806090.html,
13/04/2026,nongnghiepmoitruong.vn,Miền Nam,TP HCM,69000,,https://nongnghiepmoitruong.vn/gia-heo-hoi-hom-nay-13-4-2026-giam-nhe-tai-mien-bac-d806090.html,
13/04/2026,nongnghiepmoitruong.vn,Miền Nam,Tây Ninh,68000,,https://nongnghiepmoitruong.vn/gia-heo-hoi-hom-nay-13-4-2026-giam-nhe-tai-mien-bac-d806090.html,
13/04/2026,nongnghiepmoitruong.vn,Miền Nam,Vĩnh Long,67000,,https://nongnghiepmoitruong.vn/gia-heo-hoi-hom-nay-13-4-2026-giam-nhe-tai-mien-bac-d806090.html,
13/04/2026,nongnghiepmoitruong.vn,Miền Nam,Đồng Nai,69000,,https://nongnghiepmoitruong.vn/gia-heo-hoi-hom-nay-13-4-2026-giam-nhe-tai-mien-bac-d806090.html,
13/04/2026,nongnghiepmoitruong.vn,Miền Nam,Đồng Tháp,68000,,https://nongnghiepmoitruong.vn/gia-heo-hoi-hom-nay-13-4-2026-giam-nhe-tai-mien-bac-d806090.html,
13/04/2026,nongnghiepmoitruong.vn,Miền Trung - Tây Nguyên,Gia Lai,63000,1000.0,https://nongnghiepmoitruong.vn/gia-heo-hoi-hom-nay-13-4-2026-giam-nhe-tai-mien-bac-d806090.html,
13/04/2026,nongnghiepmoitruong.vn,Miền Trung - Tây Nguyên,Huế,64000,,https://nongnghiepmoitruong.vn/gia-heo-hoi-hom-nay-13-4-2026-giam-nhe-tai-mien-bac-d806090.html,
13/04/2026,nongnghiepmoitruong.vn,Miền Trung - Tây Nguyên,Hà Tĩnh,62000,,https://nongnghiepmoitruong.vn/gia-heo-hoi-hom-nay-13-4-2026-giam-nhe-tai-mien-bac-d806090.html,
13/04/2026,nongnghiepmoitruong.vn,Miền Trung - Tây Nguyên,Khánh Hoà,64000,,https://nongnghiepmoitruong.vn/gia-heo-hoi-hom-nay-13-4-2026-giam-nhe-tai-mien-bac-d806090.html,
13/04/2026,nongnghiepmoitruong.vn,Miền Trung - Tây Nguyên,Lâm Đồng,68000,,https://nongnghiepmoitruong.vn/gia-heo-hoi-hom-nay-13-4-2026-giam-nhe-tai-mien-bac-d806090.html,
13/04/2026,nongnghiepmoitruong.vn,Miền Trung - Tây Nguyên,Nghệ An,63000,,https://nongnghiepmoitruong.vn/gia-heo-hoi-hom-nay-13-4-2026-giam-nhe-tai-mien-bac-d806090.html,
13/04/2026,nongnghiepmoitruong.vn,Miền Trung - Tây Nguyên,Quảng Ngãi,63000,,https://nongnghiepmoitruong.vn/gia-heo-hoi-hom-nay-13-4-2026-giam-nhe-tai-mien-bac-d806090.html,
13/04/2026,nongnghiepmoitruong.vn,Miền Trung - Tây Nguyên,Quảng Trị,64000,,https://nongnghiepmoitruong.vn/gia-heo-hoi-hom-nay-13-4-2026-giam-nhe-tai-mien-bac-d806090.html,
13/04/2026,nongnghiepmoitruong.vn,Miền Trung - Tây Nguyên,Thanh Hoá,63000,,https://nongnghiepmoitruong.vn/gia-heo-hoi-hom-nay-13-4-2026-giam-nhe-tai-mien-bac-d806090.html,
13/04/2026,nongnghiepmoitruong.vn,Miền Trung - Tây Nguyên,Đà Nẵng,63000,,https://nongnghiepmoitruong.vn/gia-heo-hoi-hom-nay-13-4-2026-giam-nhe-tai-mien-bac-d806090.html,
13/04/2026,nongnghiepmoitruong.vn,Miền Trung - Tây Nguyên,Đắk Lắk,68000,1000.0,https://nongnghiepmoitruong.vn/gia-heo-hoi-hom-nay-13-4-2026-giam-nhe-tai-mien-bac-d806090.html,
14/04/2026,nongnghiepmoitruong.vn,Miền Bắc,Bắc Ninh,65000,,https://nongnghiepmoitruong.vn/gia-heo-hoi-hom-nay-14-4-2026-mien-nam-cao-nhat-ca-nuoc-d806257.html,
14/04/2026,nongnghiepmoitruong.vn,Miền Bắc,Cao Bằng,64000,,https://nongnghiepmoitruong.vn/gia-heo-hoi-hom-nay-14-4-2026-mien-nam-cao-nhat-ca-nuoc-d806257.html,
14/04/2026,nongnghiepmoitruong.vn,Miền Bắc,Hà Nội,65000,,https://nongnghiepmoitruong.vn/gia-heo-hoi-hom-nay-14-4-2026-mien-nam-cao-nhat-ca-nuoc-d806257.html,
14/04/2026,nongnghiepmoitruong.vn,Miền Bắc,Hưng Yên,65000,,https://nongnghiepmoitruong.vn/gia-heo-hoi-hom-nay-14-4-2026-mien-nam-cao-nhat-ca-nuoc-d806257.html,
14/04/2026,nongnghiepmoitruong.vn,Miền Bắc,Hải Phòng,64000,,https://nongnghiepmoitruong.vn/gia-heo-hoi-hom-nay-14-4-2026-mien-nam-cao-nhat-ca-nuoc-d806257.html,
14/04/2026,nongnghiepmoitruong.vn,Miền Bắc,Lai Châu,63000,,https://nongnghiepmoitruong.vn/gia-heo-hoi-hom-nay-14-4-2026-mien-nam-cao-nhat-ca-nuoc-d806257.html,
14/04/2026,nongnghiepmoitruong.vn,Miền Bắc,Lào Cai,63000,,https://nongnghiepmoitruong.vn/gia-heo-hoi-hom-nay-14-4-2026-mien-nam-cao-nhat-ca-nuoc-d806257.html,
14/04/2026,nongnghiepmoitruong.vn,Miền Bắc,Lạng Sơn,63000,,https://nongnghiepmoitruong.vn/gia-heo-hoi-hom-nay-14-4-2026-mien-nam-cao-nhat-ca-nuoc-d806257.html,
14/04/2026,nongnghiepmoitruong.vn,Miền Bắc,Ninh Bình,63000,,https://nongnghiepmoitruong.vn/gia-heo-hoi-hom-nay-14-4-2026-mien-nam-cao-nhat-ca-nuoc-d806257.html,
14/04/2026,nongnghiepmoitruong.vn,Miền Bắc,Phú Thọ,64000,,https://nongnghiepmoitruong.vn/gia-heo-hoi-hom-nay-14-4-2026-mien-nam-cao-nhat-ca-nuoc-d806257.html,
14/04/2026,nongnghiepmoitruong.vn,Miền Bắc,Quảng Ninh,64000,,https://nongnghiepmoitruong.vn/gia-heo-hoi-hom-nay-14-4-2026-mien-nam-cao-nhat-ca-nuoc-d806257.html,
14/04/2026,nongnghiepmoitruong.vn,Miền Bắc,Sơn La,64000,,https://nongnghiepmoitruong.vn/gia-heo-hoi-hom-nay-14-4-2026-mien-nam-cao-nhat-ca-nuoc-d806257.html,
14/04/2026,nongnghiepmoitruong.vn,Miền Bắc,Thái Nguyên,64000,,https://nongnghiepmoitruong.vn/gia-heo-hoi-hom-nay-14-4-2026-mien-nam-cao-nhat-ca-nuoc-d806257.html,
14/04/2026,nongnghiepmoitruong.vn,Miền Bắc,Tuyên Quang,63000,-1000.0,https://nongnghiepmoitruong.vn/gia-heo-hoi-hom-nay-14-4-2026-mien-nam-cao-nhat-ca-nuoc-d806257.html,
14/04/2026,nongnghiepmoitruong.vn,Miền Bắc,Điện Biên,64000,,https://nongnghiepmoitruong.vn/gia-heo-hoi-hom-nay-14-4-2026-mien-nam-cao-nhat-ca-nuoc-d806257.html,
14/04/2026,nongnghiepmoitruong.vn,Miền Nam,An Giang,66000,,https://nongnghiepmoitruong.vn/gia-heo-hoi-hom-nay-14-4-2026-mien-nam-cao-nhat-ca-nuoc-d806257.html,
14/04/2026,nongnghiepmoitruong.vn,Miền Nam,Cà Mau,67000,,https://nongnghiepmoitruong.vn/gia-heo-hoi-hom-nay-14-4-2026-mien-nam-cao-nhat-ca-nuoc-d806257.html,
14/04/2026,nongnghiepmoitruong.vn,Miền Nam,Cần Thơ,66000,,https://nongnghiepmoitruong.vn/gia-heo-hoi-hom-nay-14-4-2026-mien-nam-cao-nhat-ca-nuoc-d806257.html,
14/04/2026,nongnghiepmoitruong.vn,Miền Nam,TP HCM,69000,,https://nongnghiepmoitruong.vn/gia-heo-hoi-hom-nay-14-4-2026-mien-nam-cao-nhat-ca-nuoc-d806257.html,
14/04/2026,nongnghiepmoitruong.vn,Miền Nam,Tây Ninh,68000,,https://nongnghiepmoitruong.vn/gia-heo-hoi-hom-nay-14-4-2026-mien-nam-cao-nhat-ca-nuoc-d806257.html,
14/04/2026,nongnghiepmoitruong.vn,Miền Nam,Vĩnh Long,67000,,https://nongnghiepmoitruong.vn/gia-heo-hoi-hom-nay-14-4-2026-mien-nam-cao-nhat-ca-nuoc-d806257.html,
14/04/2026,nongnghiepmoitruong.vn,Miền Nam,Đồng Nai,69000,,https://nongnghiepmoitruong.vn/gia-heo-hoi-hom-nay-14-4-2026-mien-nam-cao-nhat-ca-nuoc-d806257.html,
14/04/2026,nongnghiepmoitruong.vn,Miền Nam,Đồng Tháp,68000,,https://nongnghiepmoitruong.vn/gia-heo-hoi-hom-nay-14-4-2026-mien-nam-cao-nhat-ca-nuoc-d806257.html,
14/04/2026,nongnghiepmoitruong.vn,Miền Trung - Tây Nguyên,Gia Lai,63000,,https://nongnghiepmoitruong.vn/gia-heo-hoi-hom-nay-14-4-2026-mien-nam-cao-nhat-ca-nuoc-d806257.html,
14/04/2026,nongnghiepmoitruong.vn,Miền Trung - Tây Nguyên,Huế,64000,,https://nongnghiepmoitruong.vn/gia-heo-hoi-hom-nay-14-4-2026-mien-nam-cao-nhat-ca-nuoc-d806257.html,
14/04/2026,nongnghiepmoitruong.vn,Miền Trung - Tây Nguyên,Hà Tĩnh,62000,,https://nongnghiepmoitruong.vn/gia-heo-hoi-hom-nay-14-4-2026-mien-nam-cao-nhat-ca-nuoc-d806257.html,
14/04/2026,nongnghiepmoitruong.vn,Miền Trung - Tây Nguyên,Khánh Hoà,64000,,https://nongnghiepmoitruong.vn/gia-heo-hoi-hom-nay-14-4-2026-mien-nam-cao-nhat-ca-nuoc-d806257.html,
14/04/2026,nongnghiepmoitruong.vn,Miền Trung - Tây Nguyên,Lâm Đồng,68000,,https://nongnghiepmoitruong.vn/gia-heo-hoi-hom-nay-14-4-2026-mien-nam-cao-nhat-ca-nuoc-d806257.html,
14/04/2026,nongnghiepmoitruong.vn,Miền Trung - Tây Nguyên,Nghệ An,63000,,https://nongnghiepmoitruong.vn/gia-heo-hoi-hom-nay-14-4-2026-mien-nam-cao-nhat-ca-nuoc-d806257.html,
14/04/2026,nongnghiepmoitruong.vn,Miền Trung - Tây Nguyên,Quảng Ngãi,63000,,https://nongnghiepmoitruong.vn/gia-heo-hoi-hom-nay-14-4-2026-mien-nam-cao-nhat-ca-nuoc-d806257.html,
14/04/2026,nongnghiepmoitruong.vn,Miền Trung - Tây Nguyên,Quảng Trị,64000,,https://nongnghiepmoitruong.vn/gia-heo-hoi-hom-nay-14-4-2026-mien-nam-cao-nhat-ca-nuoc-d806257.html,
14/04/2026,nongnghiepmoitruong.vn,Miền Trung - Tây Nguyên,Thanh Hoá,63000,,https://nongnghiepmoitruong.vn/gia-heo-hoi-hom-nay-14-4-2026-mien-nam-cao-nhat-ca-nuoc-d806257.html,
14/04/2026,nongnghiepmoitruong.vn,Miền Trung - Tây Nguyên,Đà Nẵng,64000,1000.0,https://nongnghiepmoitruong.vn/gia-heo-hoi-hom-nay-14-4-2026-mien-nam-cao-nhat-ca-nuoc-d806257.html,
14/04/2026,nongnghiepmoitruong.vn,Miền Trung - Tây Nguyên,Đắk Lắk,68000,,https://nongnghiepmoitruong.vn/gia-heo-hoi-hom-nay-14-4-2026-mien-nam-cao-nhat-ca-nuoc-d806257.html,
15/04/2026,nongnghiepmoitruong.vn,Miền Bắc,Bắc Ninh,65000,,https://nongnghiepmoitruong.vn/gia-heo-hoi-hom-nay-15-4-2026-tang-o-nhieu-dia-phuong-d806453.html,
15/04/2026,nongnghiepmoitruong.vn,Miền Bắc,Cao Bằng,64000,,https://nongnghiepmoitruong.vn/gia-heo-hoi-hom-nay-15-4-2026-tang-o-nhieu-dia-phuong-d806453.html,
15/04/2026,nongnghiepmoitruong.vn,Miền Bắc,Hà Nội,65000,,https://nongnghiepmoitruong.vn/gia-heo-hoi-hom-nay-15-4-2026-tang-o-nhieu-dia-phuong-d806453.html,
15/04/2026,nongnghiepmoitruong.vn,Miền Bắc,Hưng Yên,65000,,https://nongnghiepmoitruong.vn/gia-heo-hoi-hom-nay-15-4-2026-tang-o-nhieu-dia-phuong-d806453.html,
15/04/2026,nongnghiepmoitruong.vn,Miền Bắc,Hải Phòng,64000,,https://nongnghiepmoitruong.vn/gia-heo-hoi-hom-nay-15-4-2026-tang-o-nhieu-dia-phuong-d806453.html,
15/04/2026,nongnghiepmoitruong.vn,Miền Bắc,Lai Châu,63000,,https://nongnghiepmoitruong.vn/gia-heo-hoi-hom-nay-15-4-2026-tang-o-nhieu-dia-phuong-d806453.html,
15/04/2026,nongnghiepmoitruong.vn,Miền Bắc,Lào Cai,64000,1000.0,https://nongnghiepmoitruong.vn/gia-heo-hoi-hom-nay-15-4-2026-tang-o-nhieu-dia-phuong-d806453.html,
15/04/2026,nongnghiepmoitruong.vn,Miền Bắc,Lạng Sơn,63000,,https://nongnghiepmoitruong.vn/gia-heo-hoi-hom-nay-15-4-2026-tang-o-nhieu-dia-phuong-d806453.html,
15/04/2026,nongnghiepmoitruong.vn,Miền Bắc,Ninh Bình,64000,1000.0,https://nongnghiepmoitruong.vn/gia-heo-hoi-hom-nay-15-4-2026-tang-o-nhieu-dia-phuong-d806453.html,
15/04/2026,nongnghiepmoitruong.vn,Miền Bắc,Phú Thọ,64000,,https://nongnghiepmoitruong.vn/gia-heo-hoi-hom-nay-15-4-2026-tang-o-nhieu-dia-phuong-d806453.html,
15/04/2026,nongnghiepmoitruong.vn,Miền Bắc,Quảng Ninh,64000,,https://nongnghiepmoitruong.vn/gia-heo-hoi-hom-nay-15-4-2026-tang-o-nhieu-dia-phuong-d806453.html,
15/04/2026,nongnghiepmoitruong.vn,Miền Bắc,Sơn La,64000,,https://nongnghiepmoitruong.vn/gia-heo-hoi-hom-nay-15-4-2026-tang-o-nhieu-dia-phuong-d806453.html,
15/04/2026,nongnghiepmoitruong.vn,Miền Bắc,Thái Nguyên,64000,,https://nongnghiepmoitruong.vn/gia-heo-hoi-hom-nay-15-4-2026-tang-o-nhieu-dia-phuong-d806453.html,
15/04/2026,nongnghiepmoitruong.vn,Miền Bắc,Tuyên Quang,63000,,https://nongnghiepmoitruong.vn/gia-heo-hoi-hom-nay-15-4-2026-tang-o-nhieu-dia-phuong-d806453.html,
15/04/2026,nongnghiepmoitruong.vn,Miền Bắc,Điện Biên,64000,,https://nongnghiepmoitruong.vn/gia-heo-hoi-hom-nay-15-4-2026-tang-o-nhieu-dia-phuong-d806453.html,
15/04/2026,nongnghiepmoitruong.vn,Miền Nam,An Giang,67000,1000.0,https://nongnghiepmoitruong.vn/gia-heo-hoi-hom-nay-15-4-2026-tang-o-nhieu-dia-phuong-d806453.html,
15/04/2026,nongnghiepmoitruong.vn,Miền Nam,Cà Mau,67000,,https://nongnghiepmoitruong.vn/gia-heo-hoi-hom-nay-15-4-2026-tang-o-nhieu-dia-phuong-d806453.html,
15/04/2026,nongnghiepmoitruong.vn,Miền Nam,Cần Thơ,67000,1000.0,https://nongnghiepmoitruong.vn/gia-heo-hoi-hom-nay-15-4-2026-tang-o-nhieu-dia-phuong-d806453.html,
15/04/2026,nongnghiepmoitruong.vn,Miền Nam,TP HCM,69000,,https://nongnghiepmoitruong.vn/gia-heo-hoi-hom-nay-15-4-2026-tang-o-nhieu-dia-phuong-d806453.html,
15/04/2026,nongnghiepmoitruong.vn,Miền Nam,Tây Ninh,69000,1000.0,https://nongnghiepmoitruong.vn/gia-heo-hoi-hom-nay-15-4-2026-tang-o-nhieu-dia-phuong-d806453.html,
15/04/2026,nongnghiepmoitruong.vn,Miền Nam,Vĩnh Long,68000,,https://nongnghiepmoitruong.vn/gia-heo-hoi-hom-nay-15-4-2026-tang-o-nhieu-dia-phuong-d806453.html,
15/04/2026,nongnghiepmoitruong.vn,Miền Nam,Đồng Nai,69000,,https://nongnghiepmoitruong.vn/gia-heo-hoi-hom-nay-15-4-2026-tang-o-nhieu-dia-phuong-d806453.html,
15/04/2026,nongnghiepmoitruong.vn,Miền Nam,Đồng Tháp,68000,,https://nongnghiepmoitruong.vn/gia-heo-hoi-hom-nay-15-4-2026-tang-o-nhieu-dia-phuong-d806453.html,
15/04/2026,nongnghiepmoitruong.vn,Miền Trung - Tây Nguyên,Gia Lai,64000,1000.0,https://nongnghiepmoitruong.vn/gia-heo-hoi-hom-nay-15-4-2026-tang-o-nhieu-dia-phuong-d806453.html,
15/04/2026,nongnghiepmoitruong.vn,Miền Trung - Tây Nguyên,Huế,64000,,https://nongnghiepmoitruong.vn/gia-heo-hoi-hom-nay-15-4-2026-tang-o-nhieu-dia-phuong-d806453.html,
15/04/2026,nongnghiepmoitruong.vn,Miền Trung - Tây Nguyên,Hà Tĩnh,63000,1000.0,https://nongnghiepmoitruong.vn/gia-heo-hoi-hom-nay-15-4-2026-tang-o-nhieu-dia-phuong-d806453.html,
15/04/2026,nongnghiepmoitruong.vn,Miền Trung - Tây Nguyên,Khánh Hoà,64000,,https://nongnghiepmoitruong.vn/gia-heo-hoi-hom-nay-15-4-2026-tang-o-nhieu-dia-phuong-d806453.html,
15/04/2026,nongnghiepmoitruong.vn,Miền Trung - Tây Nguyên,Lâm Đồng,68000,,https://nongnghiepmoitruong.vn/gia-heo-hoi-hom-nay-15-4-2026-tang-o-nhieu-dia-phuong-d806453.html,
15/04/2026,nongnghiepmoitruong.vn,Miền Trung - Tây Nguyên,Nghệ An,64000,1000.0,https://nongnghiepmoitruong.vn/gia-heo-hoi-hom-nay-15-4-2026-tang-o-nhieu-dia-phuong-d806453.html,
15/04/2026,nongnghiepmoitruong.vn,Miền Trung - Tây Nguyên,Quảng Ngãi,64000,1000.0,https://nongnghiepmoitruong.vn/gia-heo-hoi-hom-nay-15-4-2026-tang-o-nhieu-dia-phuong-d806453.html,
15/04/2026,nongnghiepmoitruong.vn,Miền Trung - Tây Nguyên,Quảng Trị,64000,,https://nongnghiepmoitruong.vn/gia-heo-hoi-hom-nay-15-4-2026-tang-o-nhieu-dia-phuong-d806453.html,
15/04/2026,nongnghiepmoitruong.vn,Miền Trung - Tây Nguyên,Thanh Hoá,64000,1000.0,https://nongnghiepmoitruong.vn/gia-heo-hoi-hom-nay-15-4-2026-tang-o-nhieu-dia-phuong-d806453.html,
15/04/2026,nongnghiepmoitruong.vn,Miền Trung - Tây Nguyên,Đà Nẵng,64000,,https://nongnghiepmoitruong.vn/gia-heo-hoi-hom-nay-15-4-2026-tang-o-nhieu-dia-phuong-d806453.html,
15/04/2026,nongnghiepmoitruong.vn,Miền Trung - Tây Nguyên,Đắk Lắk,68000,,https://nongnghiepmoitruong.vn/gia-heo-hoi-hom-nay-15-4-2026-tang-o-nhieu-dia-phuong-d806453.html,
16/04/2026,nongnghiepmoitruong.vn,Miền Bắc,Bắc Ninh,65000,,https://nongnghiepmoitruong.vn/gia-heo-hoi-hom-nay-16-4-2026-tang-nhe-o-mien-nam-d806694.html,
16/04/2026,nongnghiepmoitruong.vn,Miền Bắc,Cao Bằng,64000,,https://nongnghiepmoitruong.vn/gia-heo-hoi-hom-nay-16-4-2026-tang-nhe-o-mien-nam-d806694.html,
16/04/2026,nongnghiepmoitruong.vn,Miền Bắc,Hà Nội,65000,,https://nongnghiepmoitruong.vn/gia-heo-hoi-hom-nay-16-4-2026-tang-nhe-o-mien-nam-d806694.html,
16/04/2026,nongnghiepmoitruong.vn,Miền Bắc,Hưng Yên,65000,,https://nongnghiepmoitruong.vn/gia-heo-hoi-hom-nay-16-4-2026-tang-nhe-o-mien-nam-d806694.html,
16/04/2026,nongnghiepmoitruong.vn,Miền Bắc,Hải Phòng,64000,,https://nongnghiepmoitruong.vn/gia-heo-hoi-hom-nay-16-4-2026-tang-nhe-o-mien-nam-d806694.html,
16/04/2026,nongnghiepmoitruong.vn,Miền Bắc,Lai Châu,63000,,https://nongnghiepmoitruong.vn/gia-heo-hoi-hom-nay-16-4-2026-tang-nhe-o-mien-nam-d806694.html,
16/04/2026,nongnghiepmoitruong.vn,Miền Bắc,Lào Cai,64000,,https://nongnghiepmoitruong.vn/gia-heo-hoi-hom-nay-16-4-2026-tang-nhe-o-mien-nam-d806694.html,
16/04/2026,nongnghiepmoitruong.vn,Miền Bắc,Lạng Sơn,63000,,https://nongnghiepmoitruong.vn/gia-heo-hoi-hom-nay-16-4-2026-tang-nhe-o-mien-nam-d806694.html,
16/04/2026,nongnghiepmoitruong.vn,Miền Bắc,Ninh Bình,64000,,https://nongnghiepmoitruong.vn/gia-heo-hoi-hom-nay-16-4-2026-tang-nhe-o-mien-nam-d806694.html,
16/04/2026,nongnghiepmoitruong.vn,Miền Bắc,Phú Thọ,64000,,https://nongnghiepmoitruong.vn/gia-heo-hoi-hom-nay-16-4-2026-tang-nhe-o-mien-nam-d806694.html,
16/04/2026,nongnghiepmoitruong.vn,Miền Bắc,Quảng Ninh,64000,,https://nongnghiepmoitruong.vn/gia-heo-hoi-hom-nay-16-4-2026-tang-nhe-o-mien-nam-d806694.html,
16/04/2026,nongnghiepmoitruong.vn,Miền Bắc,Sơn La,64000,,https://nongnghiepmoitruong.vn/gia-heo-hoi-hom-nay-16-4-2026-tang-nhe-o-mien-nam-d806694.html,
16/04/2026,nongnghiepmoitruong.vn,Miền Bắc,Thái Nguyên,64000,,https://nongnghiepmoitruong.vn/gia-heo-hoi-hom-nay-16-4-2026-tang-nhe-o-mien-nam-d806694.html,
16/04/2026,nongnghiepmoitruong.vn,Miền Bắc,Tuyên Quang,63000,,https://nongnghiepmoitruong.vn/gia-heo-hoi-hom-nay-16-4-2026-tang-nhe-o-mien-nam-d806694.html,
16/04/2026,nongnghiepmoitruong.vn,Miền Bắc,Điện Biên,64000,,https://nongnghiepmoitruong.vn/gia-heo-hoi-hom-nay-16-4-2026-tang-nhe-o-mien-nam-d806694.html,
16/04/2026,nongnghiepmoitruong.vn,Miền Nam,An Giang,67000,,https://nongnghiepmoitruong.vn/gia-heo-hoi-hom-nay-16-4-2026-tang-nhe-o-mien-nam-d806694.html,
16/04/2026,nongnghiepmoitruong.vn,Miền Nam,Cà Mau,68000,1000.0,https://nongnghiepmoitruong.vn/gia-heo-hoi-hom-nay-16-4-2026-tang-nhe-o-mien-nam-d806694.html,
16/04/2026,nongnghiepmoitruong.vn,Miền Nam,Cần Thơ,67000,,https://nongnghiepmoitruong.vn/gia-heo-hoi-hom-nay-16-4-2026-tang-nhe-o-mien-nam-d806694.html,
16/04/2026,nongnghiepmoitruong.vn,Miền Nam,TP HCM,69000,,https://nongnghiepmoitruong.vn/gia-heo-hoi-hom-nay-16-4-2026-tang-nhe-o-mien-nam-d806694.html,
16/04/2026,nongnghiepmoitruong.vn,Miền Nam,Tây Ninh,69000,,https://nongnghiepmoitruong.vn/gia-heo-hoi-hom-nay-16-4-2026-tang-nhe-o-mien-nam-d806694.html,
16/04/2026,nongnghiepmoitruong.vn,Miền Nam,Vĩnh Long,69000,1000.0,https://nongnghiepmoitruong.vn/gia-heo-hoi-hom-nay-16-4-2026-tang-nhe-o-mien-nam-d806694.html,
16/04/2026,nongnghiepmoitruong.vn,Miền Nam,Đồng Nai,69000,,https://nongnghiepmoitruong.vn/gia-heo-hoi-hom-nay-16-4-2026-tang-nhe-o-mien-nam-d806694.html,
16/04/2026,nongnghiepmoitruong.vn,Miền Nam,Đồng Tháp,69000,1000.0,https://nongnghiepmoitruong.vn/gia-heo-hoi-hom-nay-16-4-2026-tang-nhe-o-mien-nam-d806694.html,
16/04/2026,nongnghiepmoitruong.vn,Miền Trung - Tây Nguyên,Gia Lai,64000,,https://nongnghiepmoitruong.vn/gia-heo-hoi-hom-nay-16-4-2026-tang-nhe-o-mien-nam-d806694.html,
16/04/2026,nongnghiepmoitruong.vn,Miền Trung - Tây Nguyên,Huế,64000,,https://nongnghiepmoitruong.vn/gia-heo-hoi-hom-nay-16-4-2026-tang-nhe-o-mien-nam-d806694.html,
16/04/2026,nongnghiepmoitruong.vn,Miền Trung - Tây Nguyên,Hà Tĩnh,63000,,https://nongnghiepmoitruong.vn/gia-heo-hoi-hom-nay-16-4-2026-tang-nhe-o-mien-nam-d806694.html,
16/04/2026,nongnghiepmoitruong.vn,Miền Trung - Tây Nguyên,Khánh Hoà,64000,,https://nongnghiepmoitruong.vn/gia-heo-hoi-hom-nay-16-4-2026-tang-nhe-o-mien-nam-d806694.html,
16/04/2026,nongnghiepmoitruong.vn,Miền Trung - Tây Nguyên,Lâm Đồng,68000,,https://nongnghiepmoitruong.vn/gia-heo-hoi-hom-nay-16-4-2026-tang-nhe-o-mien-nam-d806694.html,
16/04/2026,nongnghiepmoitruong.vn,Miền Trung - Tây Nguyên,Nghệ An,64000,,https://nongnghiepmoitruong.vn/gia-heo-hoi-hom-nay-16-4-2026-tang-nhe-o-mien-nam-d806694.html,
16/04/2026,nongnghiepmoitruong.vn,Miền Trung - Tây Nguyên,Quảng Ngãi,64000,,https://nongnghiepmoitruong.vn/gia-heo-hoi-hom-nay-16-4-2026-tang-nhe-o-mien-nam-d806694.html,
16/04/2026,nongnghiepmoitruong.vn,Miền Trung - Tây Nguyên,Quảng Trị,64000,,https://nongnghiepmoitruong.vn/gia-heo-hoi-hom-nay-16-4-2026-tang-nhe-o-mien-nam-d806694.html,
16/04/2026,nongnghiepmoitruong.vn,Miền Trung - Tây Nguyên,Thanh Hoá,64000,,https://nongnghiepmoitruong.vn/gia-heo-hoi-hom-nay-16-4-2026-tang-nhe-o-mien-nam-d806694.html,
16/04/2026,nongnghiepmoitruong.vn,Miền Trung - Tây Nguyên,Đà Nẵng,64000,,https://nongnghiepmoitruong.vn/gia-heo-hoi-hom-nay-16-4-2026-tang-nhe-o-mien-nam-d806694.html,
16/04/2026,nongnghiepmoitruong.vn,Miền Trung - Tây Nguyên,Đắk Lắk,68000,,https://nongnghiepmoitruong.vn/gia-heo-hoi-hom-nay-16-4-2026-tang-nhe-o-mien-nam-d806694.html,
17/04/2026,nongnghiepmoitruong.vn,Miền Bắc,Bắc Ninh,65000,,https://nongnghiepmoitruong.vn/gia-heo-hoi-hom-nay-17-4-2026-xu-huong-di-ngang-d806927.html,
17/04/2026,nongnghiepmoitruong.vn,Miền Bắc,Cao Bằng,64000,,https://nongnghiepmoitruong.vn/gia-heo-hoi-hom-nay-17-4-2026-xu-huong-di-ngang-d806927.html,
17/04/2026,nongnghiepmoitruong.vn,Miền Bắc,Hà Nội,65000,,https://nongnghiepmoitruong.vn/gia-heo-hoi-hom-nay-17-4-2026-xu-huong-di-ngang-d806927.html,
17/04/2026,nongnghiepmoitruong.vn,Miền Bắc,Hưng Yên,65000,,https://nongnghiepmoitruong.vn/gia-heo-hoi-hom-nay-17-4-2026-xu-huong-di-ngang-d806927.html,
17/04/2026,nongnghiepmoitruong.vn,Miền Bắc,Hải Phòng,64000,,https://nongnghiepmoitruong.vn/gia-heo-hoi-hom-nay-17-4-2026-xu-huong-di-ngang-d806927.html,
17/04/2026,nongnghiepmoitruong.vn,Miền Bắc,Lai Châu,63000,,https://nongnghiepmoitruong.vn/gia-heo-hoi-hom-nay-17-4-2026-xu-huong-di-ngang-d806927.html,
17/04/2026,nongnghiepmoitruong.vn,Miền Bắc,Lào Cai,64000,,https://nongnghiepmoitruong.vn/gia-heo-hoi-hom-nay-17-4-2026-xu-huong-di-ngang-d806927.html,
17/04/2026,nongnghiepmoitruong.vn,Miền Bắc,Lạng Sơn,63000,,https://nongnghiepmoitruong.vn/gia-heo-hoi-hom-nay-17-4-2026-xu-huong-di-ngang-d806927.html,
17/04/2026,nongnghiepmoitruong.vn,Miền Bắc,Ninh Bình,64000,,https://nongnghiepmoitruong.vn/gia-heo-hoi-hom-nay-17-4-2026-xu-huong-di-ngang-d806927.html,
17/04/2026,nongnghiepmoitruong.vn,Miền Bắc,Phú Thọ,64000,,https://nongnghiepmoitruong.vn/gia-heo-hoi-hom-nay-17-4-2026-xu-huong-di-ngang-d806927.html,
17/04/2026,nongnghiepmoitruong.vn,Miền Bắc,Quảng Ninh,64000,,https://nongnghiepmoitruong.vn/gia-heo-hoi-hom-nay-17-4-2026-xu-huong-di-ngang-d806927.html,
17/04/2026,nongnghiepmoitruong.vn,Miền Bắc,Sơn La,64000,,https://nongnghiepmoitruong.vn/gia-heo-hoi-hom-nay-17-4-2026-xu-huong-di-ngang-d806927.html,
17/04/2026,nongnghiepmoitruong.vn,Miền Bắc,Thái Nguyên,64000,,https://nongnghiepmoitruong.vn/gia-heo-hoi-hom-nay-17-4-2026-xu-huong-di-ngang-d806927.html,
17/04/2026,nongnghiepmoitruong.vn,Miền Bắc,Tuyên Quang,63000,,https://nongnghiepmoitruong.vn/gia-heo-hoi-hom-nay-17-4-2026-xu-huong-di-ngang-d806927.html,
17/04/2026,nongnghiepmoitruong.vn,Miền Bắc,Điện Biên,64000,,https://nongnghiepmoitruong.vn/gia-heo-hoi-hom-nay-17-4-2026-xu-huong-di-ngang-d806927.html,
17/04/2026,nongnghiepmoitruong.vn,Miền Nam,An Giang,67000,,https://nongnghiepmoitruong.vn/gia-heo-hoi-hom-nay-17-4-2026-xu-huong-di-ngang-d806927.html,
17/04/2026,nongnghiepmoitruong.vn,Miền Nam,Cà Mau,68000,,https://nongnghiepmoitruong.vn/gia-heo-hoi-hom-nay-17-4-2026-xu-huong-di-ngang-d806927.html,
17/04/2026,nongnghiepmoitruong.vn,Miền Nam,Cần Thơ,67000,,https://nongnghiepmoitruong.vn/gia-heo-hoi-hom-nay-17-4-2026-xu-huong-di-ngang-d806927.html,
17/04/2026,nongnghiepmoitruong.vn,Miền Nam,TP HCM,69000,,https://nongnghiepmoitruong.vn/gia-heo-hoi-hom-nay-17-4-2026-xu-huong-di-ngang-d806927.html,
17/04/2026,nongnghiepmoitruong.vn,Miền Nam,Tây Ninh,69000,,https://nongnghiepmoitruong.vn/gia-heo-hoi-hom-nay-17-4-2026-xu-huong-di-ngang-d806927.html,
17/04/2026,nongnghiepmoitruong.vn,Miền Nam,Vĩnh Long,69000,,https://nongnghiepmoitruong.vn/gia-heo-hoi-hom-nay-17-4-2026-xu-huong-di-ngang-d806927.html,
17/04/2026,nongnghiepmoitruong.vn,Miền Nam,Đồng Nai,69000,,https://nongnghiepmoitruong.vn/gia-heo-hoi-hom-nay-17-4-2026-xu-huong-di-ngang-d806927.html,
17/04/2026,nongnghiepmoitruong.vn,Miền Nam,Đồng Tháp,69000,,https://nongnghiepmoitruong.vn/gia-heo-hoi-hom-nay-17-4-2026-xu-huong-di-ngang-d806927.html,
17/04/2026,nongnghiepmoitruong.vn,Miền Trung - Tây Nguyên,Gia Lai,64000,,https://nongnghiepmoitruong.vn/gia-heo-hoi-hom-nay-17-4-2026-xu-huong-di-ngang-d806927.html,
17/04/2026,nongnghiepmoitruong.vn,Miền Trung - Tây Nguyên,Huế,64000,,https://nongnghiepmoitruong.vn/gia-heo-hoi-hom-nay-17-4-2026-xu-huong-di-ngang-d806927.html,
17/04/2026,nongnghiepmoitruong.vn,Miền Trung - Tây Nguyên,Hà Tĩnh,63000,,https://nongnghiepmoitruong.vn/gia-heo-hoi-hom-nay-17-4-2026-xu-huong-di-ngang-d806927.html,
17/04/2026,nongnghiepmoitruong.vn,Miền Trung - Tây Nguyên,Khánh Hoà,64000,,https://nongnghiepmoitruong.vn/gia-heo-hoi-hom-nay-17-4-2026-xu-huong-di-ngang-d806927.html,
17/04/2026,nongnghiepmoitruong.vn,Miền Trung - Tây Nguyên,Lâm Đồng,68000,,https://nongnghiepmoitruong.vn/gia-heo-hoi-hom-nay-17-4-2026-xu-huong-di-ngang-d806927.html,
17/04/2026,nongnghiepmoitruong.vn,Miền Trung - Tây Nguyên,Nghệ An,64000,,https://nongnghiepmoitruong.vn/gia-heo-hoi-hom-nay-17-4-2026-xu-huong-di-ngang-d806927.html,
17/04/2026,nongnghiepmoitruong.vn,Miền Trung - Tây Nguyên,Quảng Ngãi,64000,,https://nongnghiepmoitruong.vn/gia-heo-hoi-hom-nay-17-4-2026-xu-huong-di-ngang-d806927.html,
17/04/2026,nongnghiepmoitruong.vn,Miền Trung - Tây Nguyên,Quảng Trị,64000,,https://nongnghiepmoitruong.vn/gia-heo-hoi-hom-nay-17-4-2026-xu-huong-di-ngang-d806927.html,
17/04/2026,nongnghiepmoitruong.vn,Miền Trung - Tây Nguyên,Thanh Hoá,64000,,https://nongnghiepmoitruong.vn/gia-heo-hoi-hom-nay-17-4-2026-xu-huong-di-ngang-d806927.html,
17/04/2026,nongnghiepmoitruong.vn,Miền Trung - Tây Nguyên,Đà Nẵng,64000,,https://nongnghiepmoitruong.vn/gia-heo-hoi-hom-nay-17-4-2026-xu-huong-di-ngang-d806927.html,
17/04/2026,nongnghiepmoitruong.vn,Miền Trung - Tây Nguyên,Đắk Lắk,68000,,https://nongnghiepmoitruong.vn/gia-heo-hoi-hom-nay-17-4-2026-xu-huong-di-ngang-d806927.html,
18/04/2026,nongnghiepmoitruong.vn,Miền Bắc,Bắc Ninh,65000,,https://nongnghiepmoitruong.vn/gia-heo-hoi-hom-nay-18-4-2026-tang-nhe-tai-mien-bac-d807095.html,
18/04/2026,nongnghiepmoitruong.vn,Miền Bắc,Cao Bằng,64000,,https://nongnghiepmoitruong.vn/gia-heo-hoi-hom-nay-18-4-2026-tang-nhe-tai-mien-bac-d807095.html,
18/04/2026,nongnghiepmoitruong.vn,Miền Bắc,Hà Nội,65000,,https://nongnghiepmoitruong.vn/gia-heo-hoi-hom-nay-18-4-2026-tang-nhe-tai-mien-bac-d807095.html,
18/04/2026,nongnghiepmoitruong.vn,Miền Bắc,Hưng Yên,66000,1000.0,https://nongnghiepmoitruong.vn/gia-heo-hoi-hom-nay-18-4-2026-tang-nhe-tai-mien-bac-d807095.html,
18/04/2026,nongnghiepmoitruong.vn,Miền Bắc,Hải Phòng,65000,1000.0,https://nongnghiepmoitruong.vn/gia-heo-hoi-hom-nay-18-4-2026-tang-nhe-tai-mien-bac-d807095.html,
18/04/2026,nongnghiepmoitruong.vn,Miền Bắc,Lai Châu,63000,,https://nongnghiepmoitruong.vn/gia-heo-hoi-hom-nay-18-4-2026-tang-nhe-tai-mien-bac-d807095.html,
18/04/2026,nongnghiepmoitruong.vn,Miền Bắc,Lào Cai,64000,,https://nongnghiepmoitruong.vn/gia-heo-hoi-hom-nay-18-4-2026-tang-nhe-tai-mien-bac-d807095.html,
18/04/2026,nongnghiepmoitruong.vn,Miền Bắc,Lạng Sơn,64000,1000.0,https://nongnghiepmoitruong.vn/gia-heo-hoi-hom-nay-18-4-2026-tang-nhe-tai-mien-bac-d807095.html,
18/04/2026,nongnghiepmoitruong.vn,Miền Bắc,Ninh Bình,64000,,https://nongnghiepmoitruong.vn/gia-heo-hoi-hom-nay-18-4-2026-tang-nhe-tai-mien-bac-d807095.html,
18/04/2026,nongnghiepmoitruong.vn,Miền Bắc,Phú Thọ,64000,,https://nongnghiepmoitruong.vn/gia-heo-hoi-hom-nay-18-4-2026-tang-nhe-tai-mien-bac-d807095.html,
18/04/2026,nongnghiepmoitruong.vn,Miền Bắc,Quảng Ninh,64000,,https://nongnghiepmoitruong.vn/gia-heo-hoi-hom-nay-18-4-2026-tang-nhe-tai-mien-bac-d807095.html,
18/04/2026,nongnghiepmoitruong.vn,Miền Bắc,Sơn La,64000,,https://nongnghiepmoitruong.vn/gia-heo-hoi-hom-nay-18-4-2026-tang-nhe-tai-mien-bac-d807095.html,
18/04/2026,nongnghiepmoitruong.vn,Miền Bắc,Thái Nguyên,64000,,https://nongnghiepmoitruong.vn/gia-heo-hoi-hom-nay-18-4-2026-tang-nhe-tai-mien-bac-d807095.html,
18/04/2026,nongnghiepmoitruong.vn,Miền Bắc,Tuyên Quang,64000,1000.0,https://nongnghiepmoitruong.vn/gia-heo-hoi-hom-nay-18-4-2026-tang-nhe-tai-mien-bac-d807095.html,
18/04/2026,nongnghiepmoitruong.vn,Miền Bắc,Điện Biên,64000,,https://nongnghiepmoitruong.vn/gia-heo-hoi-hom-nay-18-4-2026-tang-nhe-tai-mien-bac-d807095.html,
18/04/2026,nongnghiepmoitruong.vn,Miền Nam,An Giang,67000,,https://nongnghiepmoitruong.vn/gia-heo-hoi-hom-nay-18-4-2026-tang-nhe-tai-mien-bac-d807095.html,
18/04/2026,nongnghiepmoitruong.vn,Miền Nam,Cà Mau,68000,,https://nongnghiepmoitruong.vn/gia-heo-hoi-hom-nay-18-4-2026-tang-nhe-tai-mien-bac-d807095.html,
18/04/2026,nongnghiepmoitruong.vn,Miền Nam,Cần Thơ,67000,,https://nongnghiepmoitruong.vn/gia-heo-hoi-hom-nay-18-4-2026-tang-nhe-tai-mien-bac-d807095.html,
18/04/2026,nongnghiepmoitruong.vn,Miền Nam,TP HCM,69000,,https://nongnghiepmoitruong.vn/gia-heo-hoi-hom-nay-18-4-2026-tang-nhe-tai-mien-bac-d807095.html,
18/04/2026,nongnghiepmoitruong.vn,Miền Nam,Tây Ninh,69000,,https://nongnghiepmoitruong.vn/gia-heo-hoi-hom-nay-18-4-2026-tang-nhe-tai-mien-bac-d807095.html,
18/04/2026,nongnghiepmoitruong.vn,Miền Nam,Vĩnh Long,69000,,https://nongnghiepmoitruong.vn/gia-heo-hoi-hom-nay-18-4-2026-tang-nhe-tai-mien-bac-d807095.html,
18/04/2026,nongnghiepmoitruong.vn,Miền Nam,Đồng Nai,69000,,https://nongnghiepmoitruong.vn/gia-heo-hoi-hom-nay-18-4-2026-tang-nhe-tai-mien-bac-d807095.html,
18/04/2026,nongnghiepmoitruong.vn,Miền Nam,Đồng Tháp,69000,,https://nongnghiepmoitruong.vn/gia-heo-hoi-hom-nay-18-4-2026-tang-nhe-tai-mien-bac-d807095.html,
18/04/2026,nongnghiepmoitruong.vn,Miền Trung - Tây Nguyên,Gia Lai,64000,,https://nongnghiepmoitruong.vn/gia-heo-hoi-hom-nay-18-4-2026-tang-nhe-tai-mien-bac-d807095.html,
18/04/2026,nongnghiepmoitruong.vn,Miền Trung - Tây Nguyên,Huế,64000,,https://nongnghiepmoitruong.vn/gia-heo-hoi-hom-nay-18-4-2026-tang-nhe-tai-mien-bac-d807095.html,
18/04/2026,nongnghiepmoitruong.vn,Miền Trung - Tây Nguyên,Hà Tĩnh,63000,,https://nongnghiepmoitruong.vn/gia-heo-hoi-hom-nay-18-4-2026-tang-nhe-tai-mien-bac-d807095.html,
18/04/2026,nongnghiepmoitruong.vn,Miền Trung - Tây Nguyên,Khánh Hoà,64000,,https://nongnghiepmoitruong.vn/gia-heo-hoi-hom-nay-18-4-2026-tang-nhe-tai-mien-bac-d807095.html,
18/04/2026,nongnghiepmoitruong.vn,Miền Trung - Tây Nguyên,Lâm Đồng,68000,,https://nongnghiepmoitruong.vn/gia-heo-hoi-hom-nay-18-4-2026-tang-nhe-tai-mien-bac-d807095.html,
18/04/2026,nongnghiepmoitruong.vn,Miền Trung - Tây Nguyên,Nghệ An,64000,,https://nongnghiepmoitruong.vn/gia-heo-hoi-hom-nay-18-4-2026-tang-nhe-tai-mien-bac-d807095.html,
18/04/2026,nongnghiepmoitruong.vn,Miền Trung - Tây Nguyên,Quảng Ngãi,64000,,https://nongnghiepmoitruong.vn/gia-heo-hoi-hom-nay-18-4-2026-tang-nhe-tai-mien-bac-d807095.html,
18/04/2026,nongnghiepmoitruong.vn,Miền Trung - Tây Nguyên,Quảng Trị,64000,,https://nongnghiepmoitruong.vn/gia-heo-hoi-hom-nay-18-4-2026-tang-nhe-tai-mien-bac-d807095.html,
18/04/2026,nongnghiepmoitruong.vn,Miền Trung - Tây Nguyên,Thanh Hoá,64000,,https://nongnghiepmoitruong.vn/gia-heo-hoi-hom-nay-18-4-2026-tang-nhe-tai-mien-bac-d807095.html,
18/04/2026,nongnghiepmoitruong.vn,Miền Trung - Tây Nguyên,Đà Nẵng,64000,,https://nongnghiepmoitruong.vn/gia-heo-hoi-hom-nay-18-4-2026-tang-nhe-tai-mien-bac-d807095.html,
18/04/2026,nongnghiepmoitruong.vn,Miền Trung - Tây Nguyên,Đắk Lắk,68000,,https://nongnghiepmoitruong.vn/gia-heo-hoi-hom-nay-18-4-2026-tang-nhe-tai-mien-bac-d807095.html,
19/04/2026,nongnghiepmoitruong.vn,Miền Bắc,Bắc Ninh,65000,,https://nongnghiepmoitruong.vn/gia-heo-hoi-hom-nay-19-4-2026-duy-tri-on-dinh-d807229.html,
19/04/2026,nongnghiepmoitruong.vn,Miền Bắc,Cao Bằng,64000,,https://nongnghiepmoitruong.vn/gia-heo-hoi-hom-nay-19-4-2026-duy-tri-on-dinh-d807229.html,
19/04/2026,nongnghiepmoitruong.vn,Miền Bắc,Hà Nội,65000,,https://nongnghiepmoitruong.vn/gia-heo-hoi-hom-nay-19-4-2026-duy-tri-on-dinh-d807229.html,
19/04/2026,nongnghiepmoitruong.vn,Miền Bắc,Hưng Yên,66000,,https://nongnghiepmoitruong.vn/gia-heo-hoi-hom-nay-19-4-2026-duy-tri-on-dinh-d807229.html,
19/04/2026,nongnghiepmoitruong.vn,Miền Bắc,Hải Phòng,65000,,https://nongnghiepmoitruong.vn/gia-heo-hoi-hom-nay-19-4-2026-duy-tri-on-dinh-d807229.html,
19/04/2026,nongnghiepmoitruong.vn,Miền Bắc,Lai Châu,63000,,https://nongnghiepmoitruong.vn/gia-heo-hoi-hom-nay-19-4-2026-duy-tri-on-dinh-d807229.html,
19/04/2026,nongnghiepmoitruong.vn,Miền Bắc,Lào Cai,64000,,https://nongnghiepmoitruong.vn/gia-heo-hoi-hom-nay-19-4-2026-duy-tri-on-dinh-d807229.html,
19/04/2026,nongnghiepmoitruong.vn,Miền Bắc,Lạng Sơn,64000,,https://nongnghiepmoitruong.vn/gia-heo-hoi-hom-nay-19-4-2026-duy-tri-on-dinh-d807229.html,
19/04/2026,nongnghiepmoitruong.vn,Miền Bắc,Ninh Bình,64000,,https://nongnghiepmoitruong.vn/gia-heo-hoi-hom-nay-19-4-2026-duy-tri-on-dinh-d807229.html,
19/04/2026,nongnghiepmoitruong.vn,Miền Bắc,Phú Thọ,64000,,https://nongnghiepmoitruong.vn/gia-heo-hoi-hom-nay-19-4-2026-duy-tri-on-dinh-d807229.html,
19/04/2026,nongnghiepmoitruong.vn,Miền Bắc,Quảng Ninh,64000,,https://nongnghiepmoitruong.vn/gia-heo-hoi-hom-nay-19-4-2026-duy-tri-on-dinh-d807229.html,
19/04/2026,nongnghiepmoitruong.vn,Miền Bắc,Sơn La,64000,,https://nongnghiepmoitruong.vn/gia-heo-hoi-hom-nay-19-4-2026-duy-tri-on-dinh-d807229.html,
19/04/2026,nongnghiepmoitruong.vn,Miền Bắc,Thái Nguyên,64000,,https://nongnghiepmoitruong.vn/gia-heo-hoi-hom-nay-19-4-2026-duy-tri-on-dinh-d807229.html,
19/04/2026,nongnghiepmoitruong.vn,Miền Bắc,Tuyên Quang,64000,,https://nongnghiepmoitruong.vn/gia-heo-hoi-hom-nay-19-4-2026-duy-tri-on-dinh-d807229.html,
19/04/2026,nongnghiepmoitruong.vn,Miền Bắc,Điện Biên,64000,,https://nongnghiepmoitruong.vn/gia-heo-hoi-hom-nay-19-4-2026-duy-tri-on-dinh-d807229.html,
19/04/2026,nongnghiepmoitruong.vn,Miền Nam,An Giang,67000,,https://nongnghiepmoitruong.vn/gia-heo-hoi-hom-nay-19-4-2026-duy-tri-on-dinh-d807229.html,
19/04/2026,nongnghiepmoitruong.vn,Miền Nam,Cà Mau,68000,,https://nongnghiepmoitruong.vn/gia-heo-hoi-hom-nay-19-4-2026-duy-tri-on-dinh-d807229.html,
19/04/2026,nongnghiepmoitruong.vn,Miền Nam,Cần Thơ,67000,,https://nongnghiepmoitruong.vn/gia-heo-hoi-hom-nay-19-4-2026-duy-tri-on-dinh-d807229.html,
19/04/2026,nongnghiepmoitruong.vn,Miền Nam,TP HCM,69000,,https://nongnghiepmoitruong.vn/gia-heo-hoi-hom-nay-19-4-2026-duy-tri-on-dinh-d807229.html,
19/04/2026,nongnghiepmoitruong.vn,Miền Nam,Tây Ninh,69000,,https://nongnghiepmoitruong.vn/gia-heo-hoi-hom-nay-19-4-2026-duy-tri-on-dinh-d807229.html,
19/04/2026,nongnghiepmoitruong.vn,Miền Nam,Vĩnh Long,69000,,https://nongnghiepmoitruong.vn/gia-heo-hoi-hom-nay-19-4-2026-duy-tri-on-dinh-d807229.html,
19/04/2026,nongnghiepmoitruong.vn,Miền Nam,Đồng Nai,69000,,https://nongnghiepmoitruong.vn/gia-heo-hoi-hom-nay-19-4-2026-duy-tri-on-dinh-d807229.html,
19/04/2026,nongnghiepmoitruong.vn,Miền Nam,Đồng Tháp,69000,,https://nongnghiepmoitruong.vn/gia-heo-hoi-hom-nay-19-4-2026-duy-tri-on-dinh-d807229.html,
19/04/2026,nongnghiepmoitruong.vn,Miền Trung - Tây Nguyên,Gia Lai,64000,,https://nongnghiepmoitruong.vn/gia-heo-hoi-hom-nay-19-4-2026-duy-tri-on-dinh-d807229.html,
19/04/2026,nongnghiepmoitruong.vn,Miền Trung - Tây Nguyên,Huế,64000,,https://nongnghiepmoitruong.vn/gia-heo-hoi-hom-nay-19-4-2026-duy-tri-on-dinh-d807229.html,
19/04/2026,nongnghiepmoitruong.vn,Miền Trung - Tây Nguyên,Hà Tĩnh,63000,,https://nongnghiepmoitruong.vn/gia-heo-hoi-hom-nay-19-4-2026-duy-tri-on-dinh-d807229.html,
19/04/2026,nongnghiepmoitruong.vn,Miền Trung - Tây Nguyên,Khánh Hoà,64000,,https://nongnghiepmoitruong.vn/gia-heo-hoi-hom-nay-19-4-2026-duy-tri-on-dinh-d807229.html,
19/04/2026,nongnghiepmoitruong.vn,Miền Trung - Tây Nguyên,Lâm Đồng,68000,,https://nongnghiepmoitruong.vn/gia-heo-hoi-hom-nay-19-4-2026-duy-tri-on-dinh-d807229.html,
19/04/2026,nongnghiepmoitruong.vn,Miền Trung - Tây Nguyên,Nghệ An,64000,,https://nongnghiepmoitruong.vn/gia-heo-hoi-hom-nay-19-4-2026-duy-tri-on-dinh-d807229.html,
19/04/2026,nongnghiepmoitruong.vn,Miền Trung - Tây Nguyên,Quảng Ngãi,64000,,https://nongnghiepmoitruong.vn/gia-heo-hoi-hom-nay-19-4-2026-duy-tri-on-dinh-d807229.html,
19/04/2026,nongnghiepmoitruong.vn,Miền Trung - Tây Nguyên,Quảng Trị,64000,,https://nongnghiepmoitruong.vn/gia-heo-hoi-hom-nay-19-4-2026-duy-tri-on-dinh-d807229.html,
19/04/2026,nongnghiepmoitruong.vn,Miền Trung - Tây Nguyên,Thanh Hoá,64000,,https://nongnghiepmoitruong.vn/gia-heo-hoi-hom-nay-19-4-2026-duy-tri-on-dinh-d807229.html,
19/04/2026,nongnghiepmoitruong.vn,Miền Trung - Tây Nguyên,Đà Nẵng,64000,,https://nongnghiepmoitruong.vn/gia-heo-hoi-hom-nay-19-4-2026-duy-tri-on-dinh-d807229.html,
19/04/2026,nongnghiepmoitruong.vn,Miền Trung - Tây Nguyên,Đắk Lắk,68000,,https://nongnghiepmoitruong.vn/gia-heo-hoi-hom-nay-19-4-2026-duy-tri-on-dinh-d807229.html,
20/04/2026,nongnghiepmoitruong.vn,Miền Bắc,Bắc Ninh,65000,,https://nongnghiepmoitruong.vn/gia-heo-hoi-hom-nay-20-4-2026-tang-tai-mien-trung--tay-nguyen-d807351.html,
20/04/2026,nongnghiepmoitruong.vn,Miền Bắc,Cao Bằng,64000,,https://nongnghiepmoitruong.vn/gia-heo-hoi-hom-nay-20-4-2026-tang-tai-mien-trung--tay-nguyen-d807351.html,
20/04/2026,nongnghiepmoitruong.vn,Miền Bắc,Hà Nội,65000,,https://nongnghiepmoitruong.vn/gia-heo-hoi-hom-nay-20-4-2026-tang-tai-mien-trung--tay-nguyen-d807351.html,
20/04/2026,nongnghiepmoitruong.vn,Miền Bắc,Hưng Yên,66000,1000.0,https://nongnghiepmoitruong.vn/gia-heo-hoi-hom-nay-20-4-2026-tang-tai-mien-trung--tay-nguyen-d807351.html,
20/04/2026,nongnghiepmoitruong.vn,Miền Bắc,Hải Phòng,65000,1000.0,https://nongnghiepmoitruong.vn/gia-heo-hoi-hom-nay-20-4-2026-tang-tai-mien-trung--tay-nguyen-d807351.html,
20/04/2026,nongnghiepmoitruong.vn,Miền Bắc,Lai Châu,63000,,https://nongnghiepmoitruong.vn/gia-heo-hoi-hom-nay-20-4-2026-tang-tai-mien-trung--tay-nguyen-d807351.html,
20/04/2026,nongnghiepmoitruong.vn,Miền Bắc,Lào Cai,64000,,https://nongnghiepmoitruong.vn/gia-heo-hoi-hom-nay-20-4-2026-tang-tai-mien-trung--tay-nguyen-d807351.html,
20/04/2026,nongnghiepmoitruong.vn,Miền Bắc,Lạng Sơn,64000,1000.0,https://nongnghiepmoitruong.vn/gia-heo-hoi-hom-nay-20-4-2026-tang-tai-mien-trung--tay-nguyen-d807351.html,
20/04/2026,nongnghiepmoitruong.vn,Miền Bắc,Ninh Bình,64000,,https://nongnghiepmoitruong.vn/gia-heo-hoi-hom-nay-20-4-2026-tang-tai-mien-trung--tay-nguyen-d807351.html,
20/04/2026,nongnghiepmoitruong.vn,Miền Bắc,Phú Thọ,64000,,https://nongnghiepmoitruong.vn/gia-heo-hoi-hom-nay-20-4-2026-tang-tai-mien-trung--tay-nguyen-d807351.html,
20/04/2026,nongnghiepmoitruong.vn,Miền Bắc,Quảng Ninh,64000,,https://nongnghiepmoitruong.vn/gia-heo-hoi-hom-nay-20-4-2026-tang-tai-mien-trung--tay-nguyen-d807351.html,
20/04/2026,nongnghiepmoitruong.vn,Miền Bắc,Sơn La,64000,,https://nongnghiepmoitruong.vn/gia-heo-hoi-hom-nay-20-4-2026-tang-tai-mien-trung--tay-nguyen-d807351.html,
20/04/2026,nongnghiepmoitruong.vn,Miền Bắc,Thái Nguyên,64000,,https://nongnghiepmoitruong.vn/gia-heo-hoi-hom-nay-20-4-2026-tang-tai-mien-trung--tay-nguyen-d807351.html,
20/04/2026,nongnghiepmoitruong.vn,Miền Bắc,Tuyên Quang,64000,1000.0,https://nongnghiepmoitruong.vn/gia-heo-hoi-hom-nay-20-4-2026-tang-tai-mien-trung--tay-nguyen-d807351.html,
20/04/2026,nongnghiepmoitruong.vn,Miền Bắc,Điện Biên,64000,,https://nongnghiepmoitruong.vn/gia-heo-hoi-hom-nay-20-4-2026-tang-tai-mien-trung--tay-nguyen-d807351.html,
20/04/2026,nongnghiepmoitruong.vn,Miền Nam,An Giang,67000,,https://nongnghiepmoitruong.vn/gia-heo-hoi-hom-nay-20-4-2026-tang-tai-mien-trung--tay-nguyen-d807351.html,
20/04/2026,nongnghiepmoitruong.vn,Miền Nam,Cà Mau,68000,,https://nongnghiepmoitruong.vn/gia-heo-hoi-hom-nay-20-4-2026-tang-tai-mien-trung--tay-nguyen-d807351.html,
20/04/2026,nongnghiepmoitruong.vn,Miền Nam,Cần Thơ,67000,,https://nongnghiepmoitruong.vn/gia-heo-hoi-hom-nay-20-4-2026-tang-tai-mien-trung--tay-nguyen-d807351.html,
20/04/2026,nongnghiepmoitruong.vn,Miền Nam,TP HCM,69000,,https://nongnghiepmoitruong.vn/gia-heo-hoi-hom-nay-20-4-2026-tang-tai-mien-trung--tay-nguyen-d807351.html,
20/04/2026,nongnghiepmoitruong.vn,Miền Nam,Tây Ninh,69000,,https://nongnghiepmoitruong.vn/gia-heo-hoi-hom-nay-20-4-2026-tang-tai-mien-trung--tay-nguyen-d807351.html,
20/04/2026,nongnghiepmoitruong.vn,Miền Nam,Vĩnh Long,69000,,https://nongnghiepmoitruong.vn/gia-heo-hoi-hom-nay-20-4-2026-tang-tai-mien-trung--tay-nguyen-d807351.html,
20/04/2026,nongnghiepmoitruong.vn,Miền Nam,Đồng Nai,69000,,https://nongnghiepmoitruong.vn/gia-heo-hoi-hom-nay-20-4-2026-tang-tai-mien-trung--tay-nguyen-d807351.html,
20/04/2026,nongnghiepmoitruong.vn,Miền Nam,Đồng Tháp,69000,,https://nongnghiepmoitruong.vn/gia-heo-hoi-hom-nay-20-4-2026-tang-tai-mien-trung--tay-nguyen-d807351.html,
20/04/2026,nongnghiepmoitruong.vn,Miền Trung - Tây Nguyên,Gia Lai,65000,1000.0,https://nongnghiepmoitruong.vn/gia-heo-hoi-hom-nay-20-4-2026-tang-tai-mien-trung--tay-nguyen-d807351.html,
20/04/2026,nongnghiepmoitruong.vn,Miền Trung - Tây Nguyên,Huế,64000,,https://nongnghiepmoitruong.vn/gia-heo-hoi-hom-nay-20-4-2026-tang-tai-mien-trung--tay-nguyen-d807351.html,
20/04/2026,nongnghiepmoitruong.vn,Miền Trung - Tây Nguyên,Hà Tĩnh,63000,,https://nongnghiepmoitruong.vn/gia-heo-hoi-hom-nay-20-4-2026-tang-tai-mien-trung--tay-nguyen-d807351.html,
20/04/2026,nongnghiepmoitruong.vn,Miền Trung - Tây Nguyên,Khánh Hoà,65000,1000.0,https://nongnghiepmoitruong.vn/gia-heo-hoi-hom-nay-20-4-2026-tang-tai-mien-trung--tay-nguyen-d807351.html,
20/04/2026,nongnghiepmoitruong.vn,Miền Trung - Tây Nguyên,Lâm Đồng,69000,1000.0,https://nongnghiepmoitruong.vn/gia-heo-hoi-hom-nay-20-4-2026-tang-tai-mien-trung--tay-nguyen-d807351.html,
20/04/2026,nongnghiepmoitruong.vn,Miền Trung - Tây Nguyên,Nghệ An,64000,,https://nongnghiepmoitruong.vn/gia-heo-hoi-hom-nay-20-4-2026-tang-tai-mien-trung--tay-nguyen-d807351.html,
20/04/2026,nongnghiepmoitruong.vn,Miền Trung - Tây Nguyên,Quảng Ngãi,64000,,https://nongnghiepmoitruong.vn/gia-heo-hoi-hom-nay-20-4-2026-tang-tai-mien-trung--tay-nguyen-d807351.html,
20/04/2026,nongnghiepmoitruong.vn,Miền Trung - Tây Nguyên,Quảng Trị,64000,,https://nongnghiepmoitruong.vn/gia-heo-hoi-hom-nay-20-4-2026-tang-tai-mien-trung--tay-nguyen-d807351.html,
20/04/2026,nongnghiepmoitruong.vn,Miền Trung - Tây Nguyên,Thanh Hoá,65000,1000.0,https://nongnghiepmoitruong.vn/gia-heo-hoi-hom-nay-20-4-2026-tang-tai-mien-trung--tay-nguyen-d807351.html,
20/04/2026,nongnghiepmoitruong.vn,Miền Trung - Tây Nguyên,Đà Nẵng,64000,,https://nongnghiepmoitruong.vn/gia-heo-hoi-hom-nay-20-4-2026-tang-tai-mien-trung--tay-nguyen-d807351.html,
20/04/2026,nongnghiepmoitruong.vn,Miền Trung - Tây Nguyên,Đắk Lắk,68000,,https://nongnghiepmoitruong.vn/gia-heo-hoi-hom-nay-20-4-2026-tang-tai-mien-trung--tay-nguyen-d807351.html,
04/05/2026,nongnghiepmoitruong.vn,Miền Bắc,Bắc Ninh,65000,,https://nongnghiepmoitruong.vn/gia-heo-hoi-hom-nay-4-5-2026-mien-nam-tang-nhe-d809281.html,
04/05/2026,nongnghiepmoitruong.vn,Miền Bắc,Cao Bằng,64000,,https://nongnghiepmoitruong.vn/gia-heo-hoi-hom-nay-4-5-2026-mien-nam-tang-nhe-d809281.html,
04/05/2026,nongnghiepmoitruong.vn,Miền Bắc,Hà Nội,65000,,https://nongnghiepmoitruong.vn/gia-heo-hoi-hom-nay-4-5-2026-mien-nam-tang-nhe-d809281.html,
04/05/2026,nongnghiepmoitruong.vn,Miền Bắc,Hưng Yên,66000,,https://nongnghiepmoitruong.vn/gia-heo-hoi-hom-nay-4-5-2026-mien-nam-tang-nhe-d809281.html,
04/05/2026,nongnghiepmoitruong.vn,Miền Bắc,Hải Phòng,65000,,https://nongnghiepmoitruong.vn/gia-heo-hoi-hom-nay-4-5-2026-mien-nam-tang-nhe-d809281.html,
04/05/2026,nongnghiepmoitruong.vn,Miền Bắc,Lai Châu,64000,,https://nongnghiepmoitruong.vn/gia-heo-hoi-hom-nay-4-5-2026-mien-nam-tang-nhe-d809281.html,
04/05/2026,nongnghiepmoitruong.vn,Miền Bắc,Lào Cai,64000,,https://nongnghiepmoitruong.vn/gia-heo-hoi-hom-nay-4-5-2026-mien-nam-tang-nhe-d809281.html,
04/05/2026,nongnghiepmoitruong.vn,Miền Bắc,Lạng Sơn,64000,,https://nongnghiepmoitruong.vn/gia-heo-hoi-hom-nay-4-5-2026-mien-nam-tang-nhe-d809281.html,
04/05/2026,nongnghiepmoitruong.vn,Miền Bắc,Ninh Bình,64000,,https://nongnghiepmoitruong.vn/gia-heo-hoi-hom-nay-4-5-2026-mien-nam-tang-nhe-d809281.html,
04/05/2026,nongnghiepmoitruong.vn,Miền Bắc,Phú Thọ,64000,,https://nongnghiepmoitruong.vn/gia-heo-hoi-hom-nay-4-5-2026-mien-nam-tang-nhe-d809281.html,
04/05/2026,nongnghiepmoitruong.vn,Miền Bắc,Quảng Ninh,65000,,https://nongnghiepmoitruong.vn/gia-heo-hoi-hom-nay-4-5-2026-mien-nam-tang-nhe-d809281.html,
04/05/2026,nongnghiepmoitruong.vn,Miền Bắc,Sơn La,64000,,https://nongnghiepmoitruong.vn/gia-heo-hoi-hom-nay-4-5-2026-mien-nam-tang-nhe-d809281.html,
04/05/2026,nongnghiepmoitruong.vn,Miền Bắc,Thái Nguyên,65000,,https://nongnghiepmoitruong.vn/gia-heo-hoi-hom-nay-4-5-2026-mien-nam-tang-nhe-d809281.html,
04/05/2026,nongnghiepmoitruong.vn,Miền Bắc,Tuyên Quang,64000,,https://nongnghiepmoitruong.vn/gia-heo-hoi-hom-nay-4-5-2026-mien-nam-tang-nhe-d809281.html,
04/05/2026,nongnghiepmoitruong.vn,Miền Bắc,Điện Biên,64000,,https://nongnghiepmoitruong.vn/gia-heo-hoi-hom-nay-4-5-2026-mien-nam-tang-nhe-d809281.html,
04/05/2026,nongnghiepmoitruong.vn,Miền Nam,An Giang,68000,,https://nongnghiepmoitruong.vn/gia-heo-hoi-hom-nay-4-5-2026-mien-nam-tang-nhe-d809281.html,
04/05/2026,nongnghiepmoitruong.vn,Miền Nam,Cà Mau,68000,,https://nongnghiepmoitruong.vn/gia-heo-hoi-hom-nay-4-5-2026-mien-nam-tang-nhe-d809281.html,
04/05/2026,nongnghiepmoitruong.vn,Miền Nam,Cần Thơ,68000,,https://nongnghiepmoitruong.vn/gia-heo-hoi-hom-nay-4-5-2026-mien-nam-tang-nhe-d809281.html,
04/05/2026,nongnghiepmoitruong.vn,Miền Nam,TP HCM,69000,,https://nongnghiepmoitruong.vn/gia-heo-hoi-hom-nay-4-5-2026-mien-nam-tang-nhe-d809281.html,
04/05/2026,nongnghiepmoitruong.vn,Miền Nam,Tây Ninh,68000,,https://nongnghiepmoitruong.vn/gia-heo-hoi-hom-nay-4-5-2026-mien-nam-tang-nhe-d809281.html,
04/05/2026,nongnghiepmoitruong.vn,Miền Nam,Vĩnh Long,69000,,https://nongnghiepmoitruong.vn/gia-heo-hoi-hom-nay-4-5-2026-mien-nam-tang-nhe-d809281.html,
04/05/2026,nongnghiepmoitruong.vn,Miền Nam,Đồng Nai,70000,1000.0,https://nongnghiepmoitruong.vn/gia-heo-hoi-hom-nay-4-5-2026-mien-nam-tang-nhe-d809281.html,
04/05/2026,nongnghiepmoitruong.vn,Miền Nam,Đồng Tháp,69000,,https://nongnghiepmoitruong.vn/gia-heo-hoi-hom-nay-4-5-2026-mien-nam-tang-nhe-d809281.html,
04/05/2026,nongnghiepmoitruong.vn,Miền Trung - Tây Nguyên,Gia Lai,65000,,https://nongnghiepmoitruong.vn/gia-heo-hoi-hom-nay-4-5-2026-mien-nam-tang-nhe-d809281.html,
04/05/2026,nongnghiepmoitruong.vn,Miền Trung - Tây Nguyên,Huế,64000,,https://nongnghiepmoitruong.vn/gia-heo-hoi-hom-nay-4-5-2026-mien-nam-tang-nhe-d809281.html,
04/05/2026,nongnghiepmoitruong.vn,Miền Trung - Tây Nguyên,Hà Tĩnh,64000,,https://nongnghiepmoitruong.vn/gia-heo-hoi-hom-nay-4-5-2026-mien-nam-tang-nhe-d809281.html,
04/05/2026,nongnghiepmoitruong.vn,Miền Trung - Tây Nguyên,Khánh Hoà,65000,,https://nongnghiepmoitruong.vn/gia-heo-hoi-hom-nay-4-5-2026-mien-nam-tang-nhe-d809281.html,
04/05/2026,nongnghiepmoitruong.vn,Miền Trung - Tây Nguyên,Lâm Đồng,69000,,https://nongnghiepmoitruong.vn/gia-heo-hoi-hom-nay-4-5-2026-mien-nam-tang-nhe-d809281.html,
04/05/2026,nongnghiepmoitruong.vn,Miền Trung - Tây Nguyên,Nghệ An,64000,,https://nongnghiepmoitruong.vn/gia-heo-hoi-hom-nay-4-5-2026-mien-nam-tang-nhe-d809281.html,
04/05/2026,nongnghiepmoitruong.vn,Miền Trung - Tây Nguyên,Quảng Ngãi,64000,,https://nongnghiepmoitruong.vn/gia-heo-hoi-hom-nay-4-5-2026-mien-nam-tang-nhe-d809281.html,
04/05/2026,nongnghiepmoitruong.vn,Miền Trung - Tây Nguyên,Quảng Trị,64000,,https://nongnghiepmoitruong.vn/gia-heo-hoi-hom-nay-4-5-2026-mien-nam-tang-nhe-d809281.html,
04/05/2026,nongnghiepmoitruong.vn,Miền Trung - Tây Nguyên,Thanh Hoá,65000,,https://nongnghiepmoitruong.vn/gia-heo-hoi-hom-nay-4-5-2026-mien-nam-tang-nhe-d809281.html,
04/05/2026,nongnghiepmoitruong.vn,Miền Trung - Tây Nguyên,Đà Nẵng,64000,,https://nongnghiepmoitruong.vn/gia-heo-hoi-hom-nay-4-5-2026-mien-nam-tang-nhe-d809281.html,
04/05/2026,nongnghiepmoitruong.vn,Miền Trung - Tây Nguyên,Đắk Lắk,68000,,https://nongnghiepmoitruong.vn/gia-heo-hoi-hom-nay-4-5-2026-mien-nam-tang-nhe-d809281.html,
05/05/2026,nongnghiepmoitruong.vn,Miền Bắc,Bắc Ninh,65000,,https://nongnghiepmoitruong.vn/gia-heo-hoi-hom-nay-5-5-2026-tang-giam-trai-chieu-d809492.html,
05/05/2026,nongnghiepmoitruong.vn,Miền Bắc,Cao Bằng,64000,,https://nongnghiepmoitruong.vn/gia-heo-hoi-hom-nay-5-5-2026-tang-giam-trai-chieu-d809492.html,
05/05/2026,nongnghiepmoitruong.vn,Miền Bắc,Hà Nội,65000,,https://nongnghiepmoitruong.vn/gia-heo-hoi-hom-nay-5-5-2026-tang-giam-trai-chieu-d809492.html,
05/05/2026,nongnghiepmoitruong.vn,Miền Bắc,Hưng Yên,66000,,https://nongnghiepmoitruong.vn/gia-heo-hoi-hom-nay-5-5-2026-tang-giam-trai-chieu-d809492.html,
05/05/2026,nongnghiepmoitruong.vn,Miền Bắc,Hải Phòng,65000,,https://nongnghiepmoitruong.vn/gia-heo-hoi-hom-nay-5-5-2026-tang-giam-trai-chieu-d809492.html,
05/05/2026,nongnghiepmoitruong.vn,Miền Bắc,Lai Châu,64000,,https://nongnghiepmoitruong.vn/gia-heo-hoi-hom-nay-5-5-2026-tang-giam-trai-chieu-d809492.html,
05/05/2026,nongnghiepmoitruong.vn,Miền Bắc,Lào Cai,64000,,https://nongnghiepmoitruong.vn/gia-heo-hoi-hom-nay-5-5-2026-tang-giam-trai-chieu-d809492.html,
05/05/2026,nongnghiepmoitruong.vn,Miền Bắc,Lạng Sơn,64000,,https://nongnghiepmoitruong.vn/gia-heo-hoi-hom-nay-5-5-2026-tang-giam-trai-chieu-d809492.html,
05/05/2026,nongnghiepmoitruong.vn,Miền Bắc,Ninh Bình,65000,1000.0,https://nongnghiepmoitruong.vn/gia-heo-hoi-hom-nay-5-5-2026-tang-giam-trai-chieu-d809492.html,
05/05/2026,nongnghiepmoitruong.vn,Miền Bắc,Phú Thọ,65000,1000.0,https://nongnghiepmoitruong.vn/gia-heo-hoi-hom-nay-5-5-2026-tang-giam-trai-chieu-d809492.html,
05/05/2026,nongnghiepmoitruong.vn,Miền Bắc,Quảng Ninh,65000,,https://nongnghiepmoitruong.vn/gia-heo-hoi-hom-nay-5-5-2026-tang-giam-trai-chieu-d809492.html,
05/05/2026,nongnghiepmoitruong.vn,Miền Bắc,Sơn La,64000,,https://nongnghiepmoitruong.vn/gia-heo-hoi-hom-nay-5-5-2026-tang-giam-trai-chieu-d809492.html,
05/05/2026,nongnghiepmoitruong.vn,Miền Bắc,Thái Nguyên,66000,1000.0,https://nongnghiepmoitruong.vn/gia-heo-hoi-hom-nay-5-5-2026-tang-giam-trai-chieu-d809492.html,
05/05/2026,nongnghiepmoitruong.vn,Miền Bắc,Tuyên Quang,65000,1000.0,https://nongnghiepmoitruong.vn/gia-heo-hoi-hom-nay-5-5-2026-tang-giam-trai-chieu-d809492.html,
05/05/2026,nongnghiepmoitruong.vn,Miền Bắc,Điện Biên,64000,,https://nongnghiepmoitruong.vn/gia-heo-hoi-hom-nay-5-5-2026-tang-giam-trai-chieu-d809492.html,
05/05/2026,nongnghiepmoitruong.vn,Miền Nam,An Giang,68000,,https://nongnghiepmoitruong.vn/gia-heo-hoi-hom-nay-5-5-2026-tang-giam-trai-chieu-d809492.html,
05/05/2026,nongnghiepmoitruong.vn,Miền Nam,Cà Mau,68000,,https://nongnghiepmoitruong.vn/gia-heo-hoi-hom-nay-5-5-2026-tang-giam-trai-chieu-d809492.html,
05/05/2026,nongnghiepmoitruong.vn,Miền Nam,Cần Thơ,68000,-1000.0,https://nongnghiepmoitruong.vn/gia-heo-hoi-hom-nay-5-5-2026-tang-giam-trai-chieu-d809492.html,
05/05/2026,nongnghiepmoitruong.vn,Miền Nam,TP HCM,69000,,https://nongnghiepmoitruong.vn/gia-heo-hoi-hom-nay-5-5-2026-tang-giam-trai-chieu-d809492.html,
05/05/2026,nongnghiepmoitruong.vn,Miền Nam,Tây Ninh,68000,,https://nongnghiepmoitruong.vn/gia-heo-hoi-hom-nay-5-5-2026-tang-giam-trai-chieu-d809492.html,
05/05/2026,nongnghiepmoitruong.vn,Miền Nam,Vĩnh Long,68000,-1000.0,https://nongnghiepmoitruong.vn/gia-heo-hoi-hom-nay-5-5-2026-tang-giam-trai-chieu-d809492.html,
05/05/2026,nongnghiepmoitruong.vn,Miền Nam,Đồng Nai,70000,,https://nongnghiepmoitruong.vn/gia-heo-hoi-hom-nay-5-5-2026-tang-giam-trai-chieu-d809492.html,
05/05/2026,nongnghiepmoitruong.vn,Miền Nam,Đồng Tháp,69000,,https://nongnghiepmoitruong.vn/gia-heo-hoi-hom-nay-5-5-2026-tang-giam-trai-chieu-d809492.html,
05/05/2026,nongnghiepmoitruong.vn,Miền Trung - Tây Nguyên,Gia Lai,65000,,https://nongnghiepmoitruong.vn/gia-heo-hoi-hom-nay-5-5-2026-tang-giam-trai-chieu-d809492.html,
05/05/2026,nongnghiepmoitruong.vn,Miền Trung - Tây Nguyên,Huế,64000,,https://nongnghiepmoitruong.vn/gia-heo-hoi-hom-nay-5-5-2026-tang-giam-trai-chieu-d809492.html,
05/05/2026,nongnghiepmoitruong.vn,Miền Trung - Tây Nguyên,Hà Tĩnh,64000,,https://nongnghiepmoitruong.vn/gia-heo-hoi-hom-nay-5-5-2026-tang-giam-trai-chieu-d809492.html,
05/05/2026,nongnghiepmoitruong.vn,Miền Trung - Tây Nguyên,Khánh Hoà,65000,,https://nongnghiepmoitruong.vn/gia-heo-hoi-hom-nay-5-5-2026-tang-giam-trai-chieu-d809492.html,
05/05/2026,nongnghiepmoitruong.vn,Miền Trung - Tây Nguyên,Lâm Đồng,69000,,https://nongnghiepmoitruong.vn/gia-heo-hoi-hom-nay-5-5-2026-tang-giam-trai-chieu-d809492.html,
05/05/2026,nongnghiepmoitruong.vn,Miền Trung - Tây Nguyên,Nghệ An,64000,,https://nongnghiepmoitruong.vn/gia-heo-hoi-hom-nay-5-5-2026-tang-giam-trai-chieu-d809492.html,
05/05/2026,nongnghiepmoitruong.vn,Miền Trung - Tây Nguyên,Quảng Ngãi,64000,,https://nongnghiepmoitruong.vn/gia-heo-hoi-hom-nay-5-5-2026-tang-giam-trai-chieu-d809492.html,
05/05/2026,nongnghiepmoitruong.vn,Miền Trung - Tây Nguyên,Quảng Trị,64000,,https://nongnghiepmoitruong.vn/gia-heo-hoi-hom-nay-5-5-2026-tang-giam-trai-chieu-d809492.html,
05/05/2026,nongnghiepmoitruong.vn,Miền Trung - Tây Nguyên,Thanh Hoá,65000,,https://nongnghiepmoitruong.vn/gia-heo-hoi-hom-nay-5-5-2026-tang-giam-trai-chieu-d809492.html,
05/05/2026,nongnghiepmoitruong.vn,Miền Trung - Tây Nguyên,Đà Nẵng,64000,,https://nongnghiepmoitruong.vn/gia-heo-hoi-hom-nay-5-5-2026-tang-giam-trai-chieu-d809492.html,
05/05/2026,nongnghiepmoitruong.vn,Miền Trung - Tây Nguyên,Đắk Lắk,68000,,https://nongnghiepmoitruong.vn/gia-heo-hoi-hom-nay-5-5-2026-tang-giam-trai-chieu-d809492.html,
06/05/2026,nongnghiepmoitruong.vn,Miền Bắc,Bắc Ninh,65000,,https://nongnghiepmoitruong.vn/gia-heo-hoi-hom-nay-6-5-2026-duy-tri-on-dinh-d809721.html,
06/05/2026,nongnghiepmoitruong.vn,Miền Bắc,Cao Bằng,64000,,https://nongnghiepmoitruong.vn/gia-heo-hoi-hom-nay-6-5-2026-duy-tri-on-dinh-d809721.html,
06/05/2026,nongnghiepmoitruong.vn,Miền Bắc,Hà Nội,65000,,https://nongnghiepmoitruong.vn/gia-heo-hoi-hom-nay-6-5-2026-duy-tri-on-dinh-d809721.html,
06/05/2026,nongnghiepmoitruong.vn,Miền Bắc,Hưng Yên,66000,,https://nongnghiepmoitruong.vn/gia-heo-hoi-hom-nay-6-5-2026-duy-tri-on-dinh-d809721.html,
06/05/2026,nongnghiepmoitruong.vn,Miền Bắc,Hải Phòng,65000,,https://nongnghiepmoitruong.vn/gia-heo-hoi-hom-nay-6-5-2026-duy-tri-on-dinh-d809721.html,
06/05/2026,nongnghiepmoitruong.vn,Miền Bắc,Lai Châu,64000,,https://nongnghiepmoitruong.vn/gia-heo-hoi-hom-nay-6-5-2026-duy-tri-on-dinh-d809721.html,
06/05/2026,nongnghiepmoitruong.vn,Miền Bắc,Lào Cai,64000,,https://nongnghiepmoitruong.vn/gia-heo-hoi-hom-nay-6-5-2026-duy-tri-on-dinh-d809721.html,
06/05/2026,nongnghiepmoitruong.vn,Miền Bắc,Lạng Sơn,64000,,https://nongnghiepmoitruong.vn/gia-heo-hoi-hom-nay-6-5-2026-duy-tri-on-dinh-d809721.html,
06/05/2026,nongnghiepmoitruong.vn,Miền Bắc,Ninh Bình,65000,,https://nongnghiepmoitruong.vn/gia-heo-hoi-hom-nay-6-5-2026-duy-tri-on-dinh-d809721.html,
06/05/2026,nongnghiepmoitruong.vn,Miền Bắc,Phú Thọ,65000,,https://nongnghiepmoitruong.vn/gia-heo-hoi-hom-nay-6-5-2026-duy-tri-on-dinh-d809721.html,
06/05/2026,nongnghiepmoitruong.vn,Miền Bắc,Quảng Ninh,65000,,https://nongnghiepmoitruong.vn/gia-heo-hoi-hom-nay-6-5-2026-duy-tri-on-dinh-d809721.html,
06/05/2026,nongnghiepmoitruong.vn,Miền Bắc,Sơn La,64000,,https://nongnghiepmoitruong.vn/gia-heo-hoi-hom-nay-6-5-2026-duy-tri-on-dinh-d809721.html,
06/05/2026,nongnghiepmoitruong.vn,Miền Bắc,Thái Nguyên,66000,,https://nongnghiepmoitruong.vn/gia-heo-hoi-hom-nay-6-5-2026-duy-tri-on-dinh-d809721.html,
06/05/2026,nongnghiepmoitruong.vn,Miền Bắc,Tuyên Quang,65000,,https://nongnghiepmoitruong.vn/gia-heo-hoi-hom-nay-6-5-2026-duy-tri-on-dinh-d809721.html,
06/05/2026,nongnghiepmoitruong.vn,Miền Bắc,Điện Biên,64000,,https://nongnghiepmoitruong.vn/gia-heo-hoi-hom-nay-6-5-2026-duy-tri-on-dinh-d809721.html,
06/05/2026,nongnghiepmoitruong.vn,Miền Nam,An Giang,68000,,https://nongnghiepmoitruong.vn/gia-heo-hoi-hom-nay-6-5-2026-duy-tri-on-dinh-d809721.html,
06/05/2026,nongnghiepmoitruong.vn,Miền Nam,Cà Mau,68000,,https://nongnghiepmoitruong.vn/gia-heo-hoi-hom-nay-6-5-2026-duy-tri-on-dinh-d809721.html,
06/05/2026,nongnghiepmoitruong.vn,Miền Nam,Cần Thơ,68000,,https://nongnghiepmoitruong.vn/gia-heo-hoi-hom-nay-6-5-2026-duy-tri-on-dinh-d809721.html,
06/05/2026,nongnghiepmoitruong.vn,Miền Nam,TP HCM,69000,,https://nongnghiepmoitruong.vn/gia-heo-hoi-hom-nay-6-5-2026-duy-tri-on-dinh-d809721.html,
06/05/2026,nongnghiepmoitruong.vn,Miền Nam,Tây Ninh,68000,,https://nongnghiepmoitruong.vn/gia-heo-hoi-hom-nay-6-5-2026-duy-tri-on-dinh-d809721.html,
06/05/2026,nongnghiepmoitruong.vn,Miền Nam,Vĩnh Long,68000,,https://nongnghiepmoitruong.vn/gia-heo-hoi-hom-nay-6-5-2026-duy-tri-on-dinh-d809721.html,
06/05/2026,nongnghiepmoitruong.vn,Miền Nam,Đồng Nai,70000,,https://nongnghiepmoitruong.vn/gia-heo-hoi-hom-nay-6-5-2026-duy-tri-on-dinh-d809721.html,
06/05/2026,nongnghiepmoitruong.vn,Miền Nam,Đồng Tháp,69000,,https://nongnghiepmoitruong.vn/gia-heo-hoi-hom-nay-6-5-2026-duy-tri-on-dinh-d809721.html,
06/05/2026,nongnghiepmoitruong.vn,Miền Trung - Tây Nguyên,Gia Lai,65000,,https://nongnghiepmoitruong.vn/gia-heo-hoi-hom-nay-6-5-2026-duy-tri-on-dinh-d809721.html,
06/05/2026,nongnghiepmoitruong.vn,Miền Trung - Tây Nguyên,Huế,64000,,https://nongnghiepmoitruong.vn/gia-heo-hoi-hom-nay-6-5-2026-duy-tri-on-dinh-d809721.html,
06/05/2026,nongnghiepmoitruong.vn,Miền Trung - Tây Nguyên,Hà Tĩnh,64000,,https://nongnghiepmoitruong.vn/gia-heo-hoi-hom-nay-6-5-2026-duy-tri-on-dinh-d809721.html,
06/05/2026,nongnghiepmoitruong.vn,Miền Trung - Tây Nguyên,Khánh Hoà,65000,,https://nongnghiepmoitruong.vn/gia-heo-hoi-hom-nay-6-5-2026-duy-tri-on-dinh-d809721.html,
06/05/2026,nongnghiepmoitruong.vn,Miền Trung - Tây Nguyên,Lâm Đồng,69000,,https://nongnghiepmoitruong.vn/gia-heo-hoi-hom-nay-6-5-2026-duy-tri-on-dinh-d809721.html,
06/05/2026,nongnghiepmoitruong.vn,Miền Trung - Tây Nguyên,Nghệ An,65000,,https://nongnghiepmoitruong.vn/gia-heo-hoi-hom-nay-6-5-2026-duy-tri-on-dinh-d809721.html,
06/05/2026,nongnghiepmoitruong.vn,Miền Trung - Tây Nguyên,Quảng Ngãi,64000,,https://nongnghiepmoitruong.vn/gia-heo-hoi-hom-nay-6-5-2026-duy-tri-on-dinh-d809721.html,
06/05/2026,nongnghiepmoitruong.vn,Miền Trung - Tây Nguyên,Quảng Trị,64000,,https://nongnghiepmoitruong.vn/gia-heo-hoi-hom-nay-6-5-2026-duy-tri-on-dinh-d809721.html,
06/05/2026,nongnghiepmoitruong.vn,Miền Trung - Tây Nguyên,Thanh Hoá,65000,,https://nongnghiepmoitruong.vn/gia-heo-hoi-hom-nay-6-5-2026-duy-tri-on-dinh-d809721.html,
06/05/2026,nongnghiepmoitruong.vn,Miền Trung - Tây Nguyên,Đà Nẵng,64000,,https://nongnghiepmoitruong.vn/gia-heo-hoi-hom-nay-6-5-2026-duy-tri-on-dinh-d809721.html,
06/05/2026,nongnghiepmoitruong.vn,Miền Trung - Tây Nguyên,Đắk Lắk,68000,,https://nongnghiepmoitruong.vn/gia-heo-hoi-hom-nay-6-5-2026-duy-tri-on-dinh-d809721.html,
07/05/2026,nongnghiepmoitruong.vn,Miền Bắc,Bắc Ninh,65000,1000.0,https://nongnghiepmoitruong.vn/gia-heo-hoi-hom-nay-7-5-2026-mien-bac-tang-nhe-d809932.html,
07/05/2026,nongnghiepmoitruong.vn,Miền Bắc,Cao Bằng,64000,,https://nongnghiepmoitruong.vn/gia-heo-hoi-hom-nay-7-5-2026-mien-bac-tang-nhe-d809932.html,
07/05/2026,nongnghiepmoitruong.vn,Miền Bắc,Hà Nội,65000,,https://nongnghiepmoitruong.vn/gia-heo-hoi-hom-nay-7-5-2026-mien-bac-tang-nhe-d809932.html,
07/05/2026,nongnghiepmoitruong.vn,Miền Bắc,Hưng Yên,66000,,https://nongnghiepmoitruong.vn/gia-heo-hoi-hom-nay-7-5-2026-mien-bac-tang-nhe-d809932.html,
07/05/2026,nongnghiepmoitruong.vn,Miền Bắc,Hải Phòng,65000,,https://nongnghiepmoitruong.vn/gia-heo-hoi-hom-nay-7-5-2026-mien-bac-tang-nhe-d809932.html,
07/05/2026,nongnghiepmoitruong.vn,Miền Bắc,Lai Châu,65000,1000.0,https://nongnghiepmoitruong.vn/gia-heo-hoi-hom-nay-7-5-2026-mien-bac-tang-nhe-d809932.html,
07/05/2026,nongnghiepmoitruong.vn,Miền Bắc,Lào Cai,64000,,https://nongnghiepmoitruong.vn/gia-heo-hoi-hom-nay-7-5-2026-mien-bac-tang-nhe-d809932.html,
07/05/2026,nongnghiepmoitruong.vn,Miền Bắc,Lạng Sơn,65000,1000.0,https://nongnghiepmoitruong.vn/gia-heo-hoi-hom-nay-7-5-2026-mien-bac-tang-nhe-d809932.html,
07/05/2026,nongnghiepmoitruong.vn,Miền Bắc,Ninh Bình,65000,,https://nongnghiepmoitruong.vn/gia-heo-hoi-hom-nay-7-5-2026-mien-bac-tang-nhe-d809932.html,
07/05/2026,nongnghiepmoitruong.vn,Miền Bắc,Phú Thọ,65000,,https://nongnghiepmoitruong.vn/gia-heo-hoi-hom-nay-7-5-2026-mien-bac-tang-nhe-d809932.html,
07/05/2026,nongnghiepmoitruong.vn,Miền Bắc,Quảng Ninh,65000,,https://nongnghiepmoitruong.vn/gia-heo-hoi-hom-nay-7-5-2026-mien-bac-tang-nhe-d809932.html,
07/05/2026,nongnghiepmoitruong.vn,Miền Bắc,Sơn La,64000,,https://nongnghiepmoitruong.vn/gia-heo-hoi-hom-nay-7-5-2026-mien-bac-tang-nhe-d809932.html,
07/05/2026,nongnghiepmoitruong.vn,Miền Bắc,Thái Nguyên,66000,,https://nongnghiepmoitruong.vn/gia-heo-hoi-hom-nay-7-5-2026-mien-bac-tang-nhe-d809932.html,
07/05/2026,nongnghiepmoitruong.vn,Miền Bắc,Tuyên Quang,65000,,https://nongnghiepmoitruong.vn/gia-heo-hoi-hom-nay-7-5-2026-mien-bac-tang-nhe-d809932.html,
07/05/2026,nongnghiepmoitruong.vn,Miền Bắc,Điện Biên,64000,,https://nongnghiepmoitruong.vn/gia-heo-hoi-hom-nay-7-5-2026-mien-bac-tang-nhe-d809932.html,
07/05/2026,nongnghiepmoitruong.vn,Miền Nam,An Giang,68000,,https://nongnghiepmoitruong.vn/gia-heo-hoi-hom-nay-7-5-2026-mien-bac-tang-nhe-d809932.html,
07/05/2026,nongnghiepmoitruong.vn,Miền Nam,Cà Mau,68000,,https://nongnghiepmoitruong.vn/gia-heo-hoi-hom-nay-7-5-2026-mien-bac-tang-nhe-d809932.html,
07/05/2026,nongnghiepmoitruong.vn,Miền Nam,Cần Thơ,68000,,https://nongnghiepmoitruong.vn/gia-heo-hoi-hom-nay-7-5-2026-mien-bac-tang-nhe-d809932.html,
07/05/2026,nongnghiepmoitruong.vn,Miền Nam,TP HCM,69000,,https://nongnghiepmoitruong.vn/gia-heo-hoi-hom-nay-7-5-2026-mien-bac-tang-nhe-d809932.html,
07/05/2026,nongnghiepmoitruong.vn,Miền Nam,Tây Ninh,68000,,https://nongnghiepmoitruong.vn/gia-heo-hoi-hom-nay-7-5-2026-mien-bac-tang-nhe-d809932.html,
07/05/2026,nongnghiepmoitruong.vn,Miền Nam,Vĩnh Long,68000,,https://nongnghiepmoitruong.vn/gia-heo-hoi-hom-nay-7-5-2026-mien-bac-tang-nhe-d809932.html,
07/05/2026,nongnghiepmoitruong.vn,Miền Nam,Đồng Nai,70000,,https://nongnghiepmoitruong.vn/gia-heo-hoi-hom-nay-7-5-2026-mien-bac-tang-nhe-d809932.html,
07/05/2026,nongnghiepmoitruong.vn,Miền Nam,Đồng Tháp,69000,,https://nongnghiepmoitruong.vn/gia-heo-hoi-hom-nay-7-5-2026-mien-bac-tang-nhe-d809932.html,
07/05/2026,nongnghiepmoitruong.vn,Miền Trung - Tây Nguyên,Gia Lai,65000,,https://nongnghiepmoitruong.vn/gia-heo-hoi-hom-nay-7-5-2026-mien-bac-tang-nhe-d809932.html,
07/05/2026,nongnghiepmoitruong.vn,Miền Trung - Tây Nguyên,Huế,64000,,https://nongnghiepmoitruong.vn/gia-heo-hoi-hom-nay-7-5-2026-mien-bac-tang-nhe-d809932.html,
07/05/2026,nongnghiepmoitruong.vn,Miền Trung - Tây Nguyên,Hà Tĩnh,64000,,https://nongnghiepmoitruong.vn/gia-heo-hoi-hom-nay-7-5-2026-mien-bac-tang-nhe-d809932.html,
07/05/2026,nongnghiepmoitruong.vn,Miền Trung - Tây Nguyên,Khánh Hoà,65000,,https://nongnghiepmoitruong.vn/gia-heo-hoi-hom-nay-7-5-2026-mien-bac-tang-nhe-d809932.html,
07/05/2026,nongnghiepmoitruong.vn,Miền Trung - Tây Nguyên,Lâm Đồng,69000,,https://nongnghiepmoitruong.vn/gia-heo-hoi-hom-nay-7-5-2026-mien-bac-tang-nhe-d809932.html,
07/05/2026,nongnghiepmoitruong.vn,Miền Trung - Tây Nguyên,Nghệ An,65000,,https://nongnghiepmoitruong.vn/gia-heo-hoi-hom-nay-7-5-2026-mien-bac-tang-nhe-d809932.html,
07/05/2026,nongnghiepmoitruong.vn,Miền Trung - Tây Nguyên,Quảng Ngãi,64000,,https://nongnghiepmoitruong.vn/gia-heo-hoi-hom-nay-7-5-2026-mien-bac-tang-nhe-d809932.html,
07/05/2026,nongnghiepmoitruong.vn,Miền Trung - Tây Nguyên,Quảng Trị,64000,,https://nongnghiepmoitruong.vn/gia-heo-hoi-hom-nay-7-5-2026-mien-bac-tang-nhe-d809932.html,
07/05/2026,nongnghiepmoitruong.vn,Miền Trung - Tây Nguyên,Thanh Hoá,65000,,https://nongnghiepmoitruong.vn/gia-heo-hoi-hom-nay-7-5-2026-mien-bac-tang-nhe-d809932.html,
07/05/2026,nongnghiepmoitruong.vn,Miền Trung - Tây Nguyên,Đà Nẵng,64000,,https://nongnghiepmoitruong.vn/gia-heo-hoi-hom-nay-7-5-2026-mien-bac-tang-nhe-d809932.html,
07/05/2026,nongnghiepmoitruong.vn,Miền Trung - Tây Nguyên,Đắk Lắk,68000,,https://nongnghiepmoitruong.vn/gia-heo-hoi-hom-nay-7-5-2026-mien-bac-tang-nhe-d809932.html,
08/05/2026,nongnghiepmoitruong.vn,Miền Bắc,Bắc Ninh,67000,1000.0,https://nongnghiepmoitruong.vn/gia-heo-hoi-hom-nay-8-5-2026-tang-tai-mien-bac-va-mien-trung-d810148.html,
08/05/2026,nongnghiepmoitruong.vn,Miền Bắc,Cao Bằng,65000,1000.0,https://nongnghiepmoitruong.vn/gia-heo-hoi-hom-nay-8-5-2026-tang-tai-mien-bac-va-mien-trung-d810148.html,
08/05/2026,nongnghiepmoitruong.vn,Miền Bắc,Hà Nội,66000,1000.0,https://nongnghiepmoitruong.vn/gia-heo-hoi-hom-nay-8-5-2026-tang-tai-mien-bac-va-mien-trung-d810148.html,
08/05/2026,nongnghiepmoitruong.vn,Miền Bắc,Hưng Yên,67000,1000.0,https://nongnghiepmoitruong.vn/gia-heo-hoi-hom-nay-8-5-2026-tang-tai-mien-bac-va-mien-trung-d810148.html,
08/05/2026,nongnghiepmoitruong.vn,Miền Bắc,Hải Phòng,66000,1000.0,https://nongnghiepmoitruong.vn/gia-heo-hoi-hom-nay-8-5-2026-tang-tai-mien-bac-va-mien-trung-d810148.html,
08/05/2026,nongnghiepmoitruong.vn,Miền Bắc,Lai Châu,66000,1000.0,https://nongnghiepmoitruong.vn/gia-heo-hoi-hom-nay-8-5-2026-tang-tai-mien-bac-va-mien-trung-d810148.html,
08/05/2026,nongnghiepmoitruong.vn,Miền Bắc,Lào Cai,65000,1000.0,https://nongnghiepmoitruong.vn/gia-heo-hoi-hom-nay-8-5-2026-tang-tai-mien-bac-va-mien-trung-d810148.html,
08/05/2026,nongnghiepmoitruong.vn,Miền Bắc,Lạng Sơn,65000,,https://nongnghiepmoitruong.vn/gia-heo-hoi-hom-nay-8-5-2026-tang-tai-mien-bac-va-mien-trung-d810148.html,
08/05/2026,nongnghiepmoitruong.vn,Miền Bắc,Ninh Bình,65000,,https://nongnghiepmoitruong.vn/gia-heo-hoi-hom-nay-8-5-2026-tang-tai-mien-bac-va-mien-trung-d810148.html,
08/05/2026,nongnghiepmoitruong.vn,Miền Bắc,Phú Thọ,65000,,https://nongnghiepmoitruong.vn/gia-heo-hoi-hom-nay-8-5-2026-tang-tai-mien-bac-va-mien-trung-d810148.html,
08/05/2026,nongnghiepmoitruong.vn,Miền Bắc,Quảng Ninh,65000,,https://nongnghiepmoitruong.vn/gia-heo-hoi-hom-nay-8-5-2026-tang-tai-mien-bac-va-mien-trung-d810148.html,
08/05/2026,nongnghiepmoitruong.vn,Miền Bắc,Sơn La,65000,1000.0,https://nongnghiepmoitruong.vn/gia-heo-hoi-hom-nay-8-5-2026-tang-tai-mien-bac-va-mien-trung-d810148.html,
08/05/2026,nongnghiepmoitruong.vn,Miền Bắc,Thái Nguyên,66000,,https://nongnghiepmoitruong.vn/gia-heo-hoi-hom-nay-8-5-2026-tang-tai-mien-bac-va-mien-trung-d810148.html,
08/05/2026,nongnghiepmoitruong.vn,Miền Bắc,Tuyên Quang,65000,,https://nongnghiepmoitruong.vn/gia-heo-hoi-hom-nay-8-5-2026-tang-tai-mien-bac-va-mien-trung-d810148.html,
08/05/2026,nongnghiepmoitruong.vn,Miền Bắc,Điện Biên,65000,1000.0,https://nongnghiepmoitruong.vn/gia-heo-hoi-hom-nay-8-5-2026-tang-tai-mien-bac-va-mien-trung-d810148.html,
08/05/2026,nongnghiepmoitruong.vn,Miền Nam,An Giang,68000,,https://nongnghiepmoitruong.vn/gia-heo-hoi-hom-nay-8-5-2026-tang-tai-mien-bac-va-mien-trung-d810148.html,
08/05/2026,nongnghiepmoitruong.vn,Miền Nam,Cà Mau,68000,,https://nongnghiepmoitruong.vn/gia-heo-hoi-hom-nay-8-5-2026-tang-tai-mien-bac-va-mien-trung-d810148.html,
08/05/2026,nongnghiepmoitruong.vn,Miền Nam,Cần Thơ,68000,,https://nongnghiepmoitruong.vn/gia-heo-hoi-hom-nay-8-5-2026-tang-tai-mien-bac-va-mien-trung-d810148.html,
08/05/2026,nongnghiepmoitruong.vn,Miền Nam,TP HCM,69000,,https://nongnghiepmoitruong.vn/gia-heo-hoi-hom-nay-8-5-2026-tang-tai-mien-bac-va-mien-trung-d810148.html,
08/05/2026,nongnghiepmoitruong.vn,Miền Nam,Tây Ninh,68000,,https://nongnghiepmoitruong.vn/gia-heo-hoi-hom-nay-8-5-2026-tang-tai-mien-bac-va-mien-trung-d810148.html,
08/05/2026,nongnghiepmoitruong.vn,Miền Nam,Vĩnh Long,68000,,https://nongnghiepmoitruong.vn/gia-heo-hoi-hom-nay-8-5-2026-tang-tai-mien-bac-va-mien-trung-d810148.html,
08/05/2026,nongnghiepmoitruong.vn,Miền Nam,Đồng Nai,70000,,https://nongnghiepmoitruong.vn/gia-heo-hoi-hom-nay-8-5-2026-tang-tai-mien-bac-va-mien-trung-d810148.html,
08/05/2026,nongnghiepmoitruong.vn,Miền Nam,Đồng Tháp,69000,,https://nongnghiepmoitruong.vn/gia-heo-hoi-hom-nay-8-5-2026-tang-tai-mien-bac-va-mien-trung-d810148.html,
08/05/2026,nongnghiepmoitruong.vn,Miền Trung - Tây Nguyên,Gia Lai,65000,,https://nongnghiepmoitruong.vn/gia-heo-hoi-hom-nay-8-5-2026-tang-tai-mien-bac-va-mien-trung-d810148.html,
08/05/2026,nongnghiepmoitruong.vn,Miền Trung - Tây Nguyên,Huế,65000,1000.0,https://nongnghiepmoitruong.vn/gia-heo-hoi-hom-nay-8-5-2026-tang-tai-mien-bac-va-mien-trung-d810148.html,
08/05/2026,nongnghiepmoitruong.vn,Miền Trung - Tây Nguyên,Hà Tĩnh,65000,1000.0,https://nongnghiepmoitruong.vn/gia-heo-hoi-hom-nay-8-5-2026-tang-tai-mien-bac-va-mien-trung-d810148.html,
08/05/2026,nongnghiepmoitruong.vn,Miền Trung - Tây Nguyên,Khánh Hoà,65000,,https://nongnghiepmoitruong.vn/gia-heo-hoi-hom-nay-8-5-2026-tang-tai-mien-bac-va-mien-trung-d810148.html,
08/05/2026,nongnghiepmoitruong.vn,Miền Trung - Tây Nguyên,Lâm Đồng,69000,,https://nongnghiepmoitruong.vn/gia-heo-hoi-hom-nay-8-5-2026-tang-tai-mien-bac-va-mien-trung-d810148.html,
08/05/2026,nongnghiepmoitruong.vn,Miền Trung - Tây Nguyên,Nghệ An,65000,,https://nongnghiepmoitruong.vn/gia-heo-hoi-hom-nay-8-5-2026-tang-tai-mien-bac-va-mien-trung-d810148.html,
08/05/2026,nongnghiepmoitruong.vn,Miền Trung - Tây Nguyên,Quảng Ngãi,65000,1000.0,https://nongnghiepmoitruong.vn/gia-heo-hoi-hom-nay-8-5-2026-tang-tai-mien-bac-va-mien-trung-d810148.html,
08/05/2026,nongnghiepmoitruong.vn,Miền Trung - Tây Nguyên,Quảng Trị,65000,1000.0,https://nongnghiepmoitruong.vn/gia-heo-hoi-hom-nay-8-5-2026-tang-tai-mien-bac-va-mien-trung-d810148.html,
08/05/2026,nongnghiepmoitruong.vn,Miền Trung - Tây Nguyên,Thanh Hoá,66000,1000.0,https://nongnghiepmoitruong.vn/gia-heo-hoi-hom-nay-8-5-2026-tang-tai-mien-bac-va-mien-trung-d810148.html,
08/05/2026,nongnghiepmoitruong.vn,Miền Trung - Tây Nguyên,Đà Nẵng,65000,1000.0,https://nongnghiepmoitruong.vn/gia-heo-hoi-hom-nay-8-5-2026-tang-tai-mien-bac-va-mien-trung-d810148.html,
08/05/2026,nongnghiepmoitruong.vn,Miền Trung - Tây Nguyên,Đắk Lắk,68000,,https://nongnghiepmoitruong.vn/gia-heo-hoi-hom-nay-8-5-2026-tang-tai-mien-bac-va-mien-trung-d810148.html,
09/05/2026,nongnghiepmoitruong.vn,Miền Bắc,Bắc Ninh,68000,1000.0,https://nongnghiepmoitruong.vn/gia-heo-hoi-hom-nay-9-5-2026-tang-gia-tren-ca-ba-mien-d810362.html,
09/05/2026,nongnghiepmoitruong.vn,Miền Bắc,Cao Bằng,66000,1000.0,https://nongnghiepmoitruong.vn/gia-heo-hoi-hom-nay-9-5-2026-tang-gia-tren-ca-ba-mien-d810362.html,
09/05/2026,nongnghiepmoitruong.vn,Miền Bắc,Hà Nội,68000,1000.0,https://nongnghiepmoitruong.vn/gia-heo-hoi-hom-nay-9-5-2026-tang-gia-tren-ca-ba-mien-d810362.html,
09/05/2026,nongnghiepmoitruong.vn,Miền Bắc,Hưng Yên,68000,1000.0,https://nongnghiepmoitruong.vn/gia-heo-hoi-hom-nay-9-5-2026-tang-gia-tren-ca-ba-mien-d810362.html,
09/05/2026,nongnghiepmoitruong.vn,Miền Bắc,Hải Phòng,67000,1000.0,https://nongnghiepmoitruong.vn/gia-heo-hoi-hom-nay-9-5-2026-tang-gia-tren-ca-ba-mien-d810362.html,
09/05/2026,nongnghiepmoitruong.vn,Miền Bắc,Lai Châu,66000,,https://nongnghiepmoitruong.vn/gia-heo-hoi-hom-nay-9-5-2026-tang-gia-tren-ca-ba-mien-d810362.html,
09/05/2026,nongnghiepmoitruong.vn,Miền Bắc,Lào Cai,66000,1000.0,https://nongnghiepmoitruong.vn/gia-heo-hoi-hom-nay-9-5-2026-tang-gia-tren-ca-ba-mien-d810362.html,
09/05/2026,nongnghiepmoitruong.vn,Miền Bắc,Lạng Sơn,66000,1000.0,https://nongnghiepmoitruong.vn/gia-heo-hoi-hom-nay-9-5-2026-tang-gia-tren-ca-ba-mien-d810362.html,
09/05/2026,nongnghiepmoitruong.vn,Miền Bắc,Ninh Bình,66000,1000.0,https://nongnghiepmoitruong.vn/gia-heo-hoi-hom-nay-9-5-2026-tang-gia-tren-ca-ba-mien-d810362.html,
09/05/2026,nongnghiepmoitruong.vn,Miền Bắc,Phú Thọ,66000,1000.0,https://nongnghiepmoitruong.vn/gia-heo-hoi-hom-nay-9-5-2026-tang-gia-tren-ca-ba-mien-d810362.html,
09/05/2026,nongnghiepmoitruong.vn,Miền Bắc,Quảng Ninh,67000,1000.0,https://nongnghiepmoitruong.vn/gia-heo-hoi-hom-nay-9-5-2026-tang-gia-tren-ca-ba-mien-d810362.html,
09/05/2026,nongnghiepmoitruong.vn,Miền Bắc,Sơn La,66000,1000.0,https://nongnghiepmoitruong.vn/gia-heo-hoi-hom-nay-9-5-2026-tang-gia-tren-ca-ba-mien-d810362.html,
09/05/2026,nongnghiepmoitruong.vn,Miền Bắc,Thái Nguyên,67000,1000.0,https://nongnghiepmoitruong.vn/gia-heo-hoi-hom-nay-9-5-2026-tang-gia-tren-ca-ba-mien-d810362.html,
09/05/2026,nongnghiepmoitruong.vn,Miền Bắc,Tuyên Quang,66000,1000.0,https://nongnghiepmoitruong.vn/gia-heo-hoi-hom-nay-9-5-2026-tang-gia-tren-ca-ba-mien-d810362.html,
09/05/2026,nongnghiepmoitruong.vn,Miền Bắc,Điện Biên,66000,1000.0,https://nongnghiepmoitruong.vn/gia-heo-hoi-hom-nay-9-5-2026-tang-gia-tren-ca-ba-mien-d810362.html,
09/05/2026,nongnghiepmoitruong.vn,Miền Nam,An Giang,68000,,https://nongnghiepmoitruong.vn/gia-heo-hoi-hom-nay-9-5-2026-tang-gia-tren-ca-ba-mien-d810362.html,
09/05/2026,nongnghiepmoitruong.vn,Miền Nam,Cà Mau,68000,,https://nongnghiepmoitruong.vn/gia-heo-hoi-hom-nay-9-5-2026-tang-gia-tren-ca-ba-mien-d810362.html,
09/05/2026,nongnghiepmoitruong.vn,Miền Nam,Cần Thơ,68000,,https://nongnghiepmoitruong.vn/gia-heo-hoi-hom-nay-9-5-2026-tang-gia-tren-ca-ba-mien-d810362.html,
09/05/2026,nongnghiepmoitruong.vn,Miền Nam,TP HCM,70000,1000.0,https://nongnghiepmoitruong.vn/gia-heo-hoi-hom-nay-9-5-2026-tang-gia-tren-ca-ba-mien-d810362.html,
09/05/2026,nongnghiepmoitruong.vn,Miền Nam,Tây Ninh,69000,1000.0,https://nongnghiepmoitruong.vn/gia-heo-hoi-hom-nay-9-5-2026-tang-gia-tren-ca-ba-mien-d810362.html,
09/05/2026,nongnghiepmoitruong.vn,Miền Nam,Vĩnh Long,69000,1000.0,https://nongnghiepmoitruong.vn/gia-heo-hoi-hom-nay-9-5-2026-tang-gia-tren-ca-ba-mien-d810362.html,
09/05/2026,nongnghiepmoitruong.vn,Miền Nam,Đồng Nai,71000,1000.0,https://nongnghiepmoitruong.vn/gia-heo-hoi-hom-nay-9-5-2026-tang-gia-tren-ca-ba-mien-d810362.html,
09/05/2026,nongnghiepmoitruong.vn,Miền Nam,Đồng Tháp,69000,,https://nongnghiepmoitruong.vn/gia-heo-hoi-hom-nay-9-5-2026-tang-gia-tren-ca-ba-mien-d810362.html,
09/05/2026,nongnghiepmoitruong.vn,Miền Trung - Tây Nguyên,Gia Lai,66000,1000.0,https://nongnghiepmoitruong.vn/gia-heo-hoi-hom-nay-9-5-2026-tang-gia-tren-ca-ba-mien-d810362.html,
09/05/2026,nongnghiepmoitruong.vn,Miền Trung - Tây Nguyên,Huế,66000,1000.0,https://nongnghiepmoitruong.vn/gia-heo-hoi-hom-nay-9-5-2026-tang-gia-tren-ca-ba-mien-d810362.html,
09/05/2026,nongnghiepmoitruong.vn,Miền Trung - Tây Nguyên,Hà Tĩnh,66000,1000.0,https://nongnghiepmoitruong.vn/gia-heo-hoi-hom-nay-9-5-2026-tang-gia-tren-ca-ba-mien-d810362.html,
09/05/2026,nongnghiepmoitruong.vn,Miền Trung - Tây Nguyên,Khánh Hoà,66000,1000.0,https://nongnghiepmoitruong.vn/gia-heo-hoi-hom-nay-9-5-2026-tang-gia-tren-ca-ba-mien-d810362.html,
09/05/2026,nongnghiepmoitruong.vn,Miền Trung - Tây Nguyên,Lâm Đồng,69000,,https://nongnghiepmoitruong.vn/gia-heo-hoi-hom-nay-9-5-2026-tang-gia-tren-ca-ba-mien-d810362.html,
09/05/2026,nongnghiepmoitruong.vn,Miền Trung - Tây Nguyên,Nghệ An,66000,1000.0,https://nongnghiepmoitruong.vn/gia-heo-hoi-hom-nay-9-5-2026-tang-gia-tren-ca-ba-mien-d810362.html,
09/05/2026,nongnghiepmoitruong.vn,Miền Trung - Tây Nguyên,Quảng Ngãi,66000,1000.0,https://nongnghiepmoitruong.vn/gia-heo-hoi-hom-nay-9-5-2026-tang-gia-tren-ca-ba-mien-d810362.html,
09/05/2026,nongnghiepmoitruong.vn,Miền Trung - Tây Nguyên,Quảng Trị,66000,1000.0,https://nongnghiepmoitruong.vn/gia-heo-hoi-hom-nay-9-5-2026-tang-gia-tren-ca-ba-mien-d810362.html,
09/05/2026,nongnghiepmoitruong.vn,Miền Trung - Tây Nguyên,Thanh Hoá,67000,1000.0,https://nongnghiepmoitruong.vn/gia-heo-hoi-hom-nay-9-5-2026-tang-gia-tren-ca-ba-mien-d810362.html,
09/05/2026,nongnghiepmoitruong.vn,Miền Trung - Tây Nguyên,Đà Nẵng,66000,1000.0,https://nongnghiepmoitruong.vn/gia-heo-hoi-hom-nay-9-5-2026-tang-gia-tren-ca-ba-mien-d810362.html,
09/05/2026,nongnghiepmoitruong.vn,Miền Trung - Tây Nguyên,Đắk Lắk,68000,,https://nongnghiepmoitruong.vn/gia-heo-hoi-hom-nay-9-5-2026-tang-gia-tren-ca-ba-mien-d810362.html,
13/05/2026,nongnghiepmoitruong.vn,Miền Bắc,Bắc Ninh,69000,,https://nongnghiepmoitruong.vn/gia-heo-hoi-hom-nay-13-5-2026-duy-tri-mat-bang-cao-d811001.html,
13/05/2026,nongnghiepmoitruong.vn,Miền Bắc,Cao Bằng,67000,,https://nongnghiepmoitruong.vn/gia-heo-hoi-hom-nay-13-5-2026-duy-tri-mat-bang-cao-d811001.html,
13/05/2026,nongnghiepmoitruong.vn,Miền Bắc,Hà Nội,69000,,https://nongnghiepmoitruong.vn/gia-heo-hoi-hom-nay-13-5-2026-duy-tri-mat-bang-cao-d811001.html,
13/05/2026,nongnghiepmoitruong.vn,Miền Bắc,Hưng Yên,69000,,https://nongnghiepmoitruong.vn/gia-heo-hoi-hom-nay-13-5-2026-duy-tri-mat-bang-cao-d811001.html,
13/05/2026,nongnghiepmoitruong.vn,Miền Bắc,Hải Phòng,68000,,https://nongnghiepmoitruong.vn/gia-heo-hoi-hom-nay-13-5-2026-duy-tri-mat-bang-cao-d811001.html,
13/05/2026,nongnghiepmoitruong.vn,Miền Bắc,Lai Châu,67000,,https://nongnghiepmoitruong.vn/gia-heo-hoi-hom-nay-13-5-2026-duy-tri-mat-bang-cao-d811001.html,
13/05/2026,nongnghiepmoitruong.vn,Miền Bắc,Lào Cai,67000,,https://nongnghiepmoitruong.vn/gia-heo-hoi-hom-nay-13-5-2026-duy-tri-mat-bang-cao-d811001.html,
13/05/2026,nongnghiepmoitruong.vn,Miền Bắc,Lạng Sơn,68000,,https://nongnghiepmoitruong.vn/gia-heo-hoi-hom-nay-13-5-2026-duy-tri-mat-bang-cao-d811001.html,
13/05/2026,nongnghiepmoitruong.vn,Miền Bắc,Ninh Bình,67000,,https://nongnghiepmoitruong.vn/gia-heo-hoi-hom-nay-13-5-2026-duy-tri-mat-bang-cao-d811001.html,
13/05/2026,nongnghiepmoitruong.vn,Miền Bắc,Phú Thọ,68000,,https://nongnghiepmoitruong.vn/gia-heo-hoi-hom-nay-13-5-2026-duy-tri-mat-bang-cao-d811001.html,
13/05/2026,nongnghiepmoitruong.vn,Miền Bắc,Quảng Ninh,68000,,https://nongnghiepmoitruong.vn/gia-heo-hoi-hom-nay-13-5-2026-duy-tri-mat-bang-cao-d811001.html,
13/05/2026,nongnghiepmoitruong.vn,Miền Bắc,Sơn La,68000,1000.0,https://nongnghiepmoitruong.vn/gia-heo-hoi-hom-nay-13-5-2026-duy-tri-mat-bang-cao-d811001.html,
13/05/2026,nongnghiepmoitruong.vn,Miền Bắc,Thái Nguyên,68000,,https://nongnghiepmoitruong.vn/gia-heo-hoi-hom-nay-13-5-2026-duy-tri-mat-bang-cao-d811001.html,
13/05/2026,nongnghiepmoitruong.vn,Miền Bắc,Tuyên Quang,67000,,https://nongnghiepmoitruong.vn/gia-heo-hoi-hom-nay-13-5-2026-duy-tri-mat-bang-cao-d811001.html,
13/05/2026,nongnghiepmoitruong.vn,Miền Bắc,Điện Biên,67000,,https://nongnghiepmoitruong.vn/gia-heo-hoi-hom-nay-13-5-2026-duy-tri-mat-bang-cao-d811001.html,
13/05/2026,nongnghiepmoitruong.vn,Miền Nam,An Giang,68000,,https://nongnghiepmoitruong.vn/gia-heo-hoi-hom-nay-13-5-2026-duy-tri-mat-bang-cao-d811001.html,
13/05/2026,nongnghiepmoitruong.vn,Miền Nam,Cà Mau,68000,,https://nongnghiepmoitruong.vn/gia-heo-hoi-hom-nay-13-5-2026-duy-tri-mat-bang-cao-d811001.html,
13/05/2026,nongnghiepmoitruong.vn,Miền Nam,Cần Thơ,68000,,https://nongnghiepmoitruong.vn/gia-heo-hoi-hom-nay-13-5-2026-duy-tri-mat-bang-cao-d811001.html,
13/05/2026,nongnghiepmoitruong.vn,Miền Nam,TP HCM,70000,,https://nongnghiepmoitruong.vn/gia-heo-hoi-hom-nay-13-5-2026-duy-tri-mat-bang-cao-d811001.html,
13/05/2026,nongnghiepmoitruong.vn,Miền Nam,Tây Ninh,69000,,https://nongnghiepmoitruong.vn/gia-heo-hoi-hom-nay-13-5-2026-duy-tri-mat-bang-cao-d811001.html,
13/05/2026,nongnghiepmoitruong.vn,Miền Nam,Vĩnh Long,69000,,https://nongnghiepmoitruong.vn/gia-heo-hoi-hom-nay-13-5-2026-duy-tri-mat-bang-cao-d811001.html,
13/05/2026,nongnghiepmoitruong.vn,Miền Nam,Đồng Nai,71000,,https://nongnghiepmoitruong.vn/gia-heo-hoi-hom-nay-13-5-2026-duy-tri-mat-bang-cao-d811001.html,
13/05/2026,nongnghiepmoitruong.vn,Miền Nam,Đồng Tháp,68000,,https://nongnghiepmoitruong.vn/gia-heo-hoi-hom-nay-13-5-2026-duy-tri-mat-bang-cao-d811001.html,
13/05/2026,nongnghiepmoitruong.vn,Miền Trung - Tây Nguyên,Gia Lai,67000,,https://nongnghiepmoitruong.vn/gia-heo-hoi-hom-nay-13-5-2026-duy-tri-mat-bang-cao-d811001.html,
13/05/2026,nongnghiepmoitruong.vn,Miền Trung - Tây Nguyên,Huế,66000,,https://nongnghiepmoitruong.vn/gia-heo-hoi-hom-nay-13-5-2026-duy-tri-mat-bang-cao-d811001.html,
13/05/2026,nongnghiepmoitruong.vn,Miền Trung - Tây Nguyên,Hà Tĩnh,67000,,https://nongnghiepmoitruong.vn/gia-heo-hoi-hom-nay-13-5-2026-duy-tri-mat-bang-cao-d811001.html,
13/05/2026,nongnghiepmoitruong.vn,Miền Trung - Tây Nguyên,Khánh Hoà,66000,,https://nongnghiepmoitruong.vn/gia-heo-hoi-hom-nay-13-5-2026-duy-tri-mat-bang-cao-d811001.html,
13/05/2026,nongnghiepmoitruong.vn,Miền Trung - Tây Nguyên,Lâm Đồng,69000,,https://nongnghiepmoitruong.vn/gia-heo-hoi-hom-nay-13-5-2026-duy-tri-mat-bang-cao-d811001.html,
13/05/2026,nongnghiepmoitruong.vn,Miền Trung - Tây Nguyên,Nghệ An,67000,,https://nongnghiepmoitruong.vn/gia-heo-hoi-hom-nay-13-5-2026-duy-tri-mat-bang-cao-d811001.html,
13/05/2026,nongnghiepmoitruong.vn,Miền Trung - Tây Nguyên,Quảng Ngãi,66000,,https://nongnghiepmoitruong.vn/gia-heo-hoi-hom-nay-13-5-2026-duy-tri-mat-bang-cao-d811001.html,
13/05/2026,nongnghiepmoitruong.vn,Miền Trung - Tây Nguyên,Quảng Trị,66000,,https://nongnghiepmoitruong.vn/gia-heo-hoi-hom-nay-13-5-2026-duy-tri-mat-bang-cao-d811001.html,
13/05/2026,nongnghiepmoitruong.vn,Miền Trung - Tây Nguyên,Thanh Hoá,68000,1000.0,https://nongnghiepmoitruong.vn/gia-heo-hoi-hom-nay-13-5-2026-duy-tri-mat-bang-cao-d811001.html,
13/05/2026,nongnghiepmoitruong.vn,Miền Trung - Tây Nguyên,Đà Nẵng,66000,,https://nongnghiepmoitruong.vn/gia-heo-hoi-hom-nay-13-5-2026-duy-tri-mat-bang-cao-d811001.html,
13/05/2026,nongnghiepmoitruong.vn,Miền Trung - Tây Nguyên,Đắk Lắk,68000,,https://nongnghiepmoitruong.vn/gia-heo-hoi-hom-nay-13-5-2026-duy-tri-mat-bang-cao-d811001.html,
14/05/2026,nongnghiepmoitruong.vn,Miền Bắc,Bắc Ninh,69000,0.0,https://nongnghiepmoitruong.vn/gia-heo-hoi-hom-nay-14-5-2026-duy-tri-di-ngang-d811217.html,
14/05/2026,nongnghiepmoitruong.vn,Miền Bắc,Cao Bằng,67000,0.0,https://nongnghiepmoitruong.vn/gia-heo-hoi-hom-nay-14-5-2026-duy-tri-di-ngang-d811217.html,
14/05/2026,nongnghiepmoitruong.vn,Miền Bắc,Hà Nội,69000,0.0,https://nongnghiepmoitruong.vn/gia-heo-hoi-hom-nay-14-5-2026-duy-tri-di-ngang-d811217.html,
14/05/2026,nongnghiepmoitruong.vn,Miền Bắc,Hưng Yên,69000,0.0,https://nongnghiepmoitruong.vn/gia-heo-hoi-hom-nay-14-5-2026-duy-tri-di-ngang-d811217.html,
14/05/2026,nongnghiepmoitruong.vn,Miền Bắc,Hải Phòng,68000,0.0,https://nongnghiepmoitruong.vn/gia-heo-hoi-hom-nay-14-5-2026-duy-tri-di-ngang-d811217.html,
14/05/2026,nongnghiepmoitruong.vn,Miền Bắc,Lai Châu,67000,0.0,https://nongnghiepmoitruong.vn/gia-heo-hoi-hom-nay-14-5-2026-duy-tri-di-ngang-d811217.html,
14/05/2026,nongnghiepmoitruong.vn,Miền Bắc,Lào Cai,67000,0.0,https://nongnghiepmoitruong.vn/gia-heo-hoi-hom-nay-14-5-2026-duy-tri-di-ngang-d811217.html,
14/05/2026,nongnghiepmoitruong.vn,Miền Bắc,Lạng Sơn,68000,0.0,https://nongnghiepmoitruong.vn/gia-heo-hoi-hom-nay-14-5-2026-duy-tri-di-ngang-d811217.html,
14/05/2026,nongnghiepmoitruong.vn,Miền Bắc,Ninh Bình,67000,0.0,https://nongnghiepmoitruong.vn/gia-heo-hoi-hom-nay-14-5-2026-duy-tri-di-ngang-d811217.html,
14/05/2026,nongnghiepmoitruong.vn,Miền Bắc,Phú Thọ,68000,0.0,https://nongnghiepmoitruong.vn/gia-heo-hoi-hom-nay-14-5-2026-duy-tri-di-ngang-d811217.html,
14/05/2026,nongnghiepmoitruong.vn,Miền Bắc,Quảng Ninh,68000,0.0,https://nongnghiepmoitruong.vn/gia-heo-hoi-hom-nay-14-5-2026-duy-tri-di-ngang-d811217.html,
14/05/2026,nongnghiepmoitruong.vn,Miền Bắc,Sơn La,68000,0.0,https://nongnghiepmoitruong.vn/gia-heo-hoi-hom-nay-14-5-2026-duy-tri-di-ngang-d811217.html,
14/05/2026,nongnghiepmoitruong.vn,Miền Bắc,Thái Nguyên,68000,0.0,https://nongnghiepmoitruong.vn/gia-heo-hoi-hom-nay-14-5-2026-duy-tri-di-ngang-d811217.html,
14/05/2026,nongnghiepmoitruong.vn,Miền Bắc,Tuyên Quang,67000,0.0,https://nongnghiepmoitruong.vn/gia-heo-hoi-hom-nay-14-5-2026-duy-tri-di-ngang-d811217.html,
14/05/2026,nongnghiepmoitruong.vn,Miền Bắc,Điện Biên,67000,0.0,https://nongnghiepmoitruong.vn/gia-heo-hoi-hom-nay-14-5-2026-duy-tri-di-ngang-d811217.html,
14/05/2026,nongnghiepmoitruong.vn,Miền Nam,An Giang,68000,0.0,https://nongnghiepmoitruong.vn/gia-heo-hoi-hom-nay-14-5-2026-duy-tri-di-ngang-d811217.html,
14/05/2026,nongnghiepmoitruong.vn,Miền Nam,Cà Mau,68000,0.0,https://nongnghiepmoitruong.vn/gia-heo-hoi-hom-nay-14-5-2026-duy-tri-di-ngang-d811217.html,
14/05/2026,nongnghiepmoitruong.vn,Miền Nam,Cần Thơ,68000,0.0,https://nongnghiepmoitruong.vn/gia-heo-hoi-hom-nay-14-5-2026-duy-tri-di-ngang-d811217.html,
14/05/2026,nongnghiepmoitruong.vn,Miền Nam,TP HCM,70000,0.0,https://nongnghiepmoitruong.vn/gia-heo-hoi-hom-nay-14-5-2026-duy-tri-di-ngang-d811217.html,
14/05/2026,nongnghiepmoitruong.vn,Miền Nam,Tây Ninh,69000,0.0,https://nongnghiepmoitruong.vn/gia-heo-hoi-hom-nay-14-5-2026-duy-tri-di-ngang-d811217.html,
14/05/2026,nongnghiepmoitruong.vn,Miền Nam,Vĩnh Long,69000,0.0,https://nongnghiepmoitruong.vn/gia-heo-hoi-hom-nay-14-5-2026-duy-tri-di-ngang-d811217.html,
14/05/2026,nongnghiepmoitruong.vn,Miền Nam,Đồng Nai,71000,0.0,https://nongnghiepmoitruong.vn/gia-heo-hoi-hom-nay-14-5-2026-duy-tri-di-ngang-d811217.html,
14/05/2026,nongnghiepmoitruong.vn,Miền Nam,Đồng Tháp,68000,0.0,https://nongnghiepmoitruong.vn/gia-heo-hoi-hom-nay-14-5-2026-duy-tri-di-ngang-d811217.html,
14/05/2026,nongnghiepmoitruong.vn,Miền Trung - Tây Nguyên,Gia Lai,67000,0.0,https://nongnghiepmoitruong.vn/gia-heo-hoi-hom-nay-14-5-2026-duy-tri-di-ngang-d811217.html,
14/05/2026,nongnghiepmoitruong.vn,Miền Trung - Tây Nguyên,Huế,66000,0.0,https://nongnghiepmoitruong.vn/gia-heo-hoi-hom-nay-14-5-2026-duy-tri-di-ngang-d811217.html,
14/05/2026,nongnghiepmoitruong.vn,Miền Trung - Tây Nguyên,Hà Tĩnh,67000,0.0,https://nongnghiepmoitruong.vn/gia-heo-hoi-hom-nay-14-5-2026-duy-tri-di-ngang-d811217.html,
14/05/2026,nongnghiepmoitruong.vn,Miền Trung - Tây Nguyên,Khánh Hoà,66000,0.0,https://nongnghiepmoitruong.vn/gia-heo-hoi-hom-nay-14-5-2026-duy-tri-di-ngang-d811217.html,
14/05/2026,nongnghiepmoitruong.vn,Miền Trung - Tây Nguyên,Lâm Đồng,69000,0.0,https://nongnghiepmoitruong.vn/gia-heo-hoi-hom-nay-14-5-2026-duy-tri-di-ngang-d811217.html,
14/05/2026,nongnghiepmoitruong.vn,Miền Trung - Tây Nguyên,Nghệ An,67000,0.0,https://nongnghiepmoitruong.vn/gia-heo-hoi-hom-nay-14-5-2026-duy-tri-di-ngang-d811217.html,
14/05/2026,nongnghiepmoitruong.vn,Miền Trung - Tây Nguyên,Quảng Ngãi,66000,0.0,https://nongnghiepmoitruong.vn/gia-heo-hoi-hom-nay-14-5-2026-duy-tri-di-ngang-d811217.html,
14/05/2026,nongnghiepmoitruong.vn,Miền Trung - Tây Nguyên,Quảng Trị,66000,0.0,https://nongnghiepmoitruong.vn/gia-heo-hoi-hom-nay-14-5-2026-duy-tri-di-ngang-d811217.html,
14/05/2026,nongnghiepmoitruong.vn,Miền Trung - Tây Nguyên,Thanh Hoá,68000,0.0,https://nongnghiepmoitruong.vn/gia-heo-hoi-hom-nay-14-5-2026-duy-tri-di-ngang-d811217.html,
14/05/2026,nongnghiepmoitruong.vn,Miền Trung - Tây Nguyên,Đà Nẵng,66000,0.0,https://nongnghiepmoitruong.vn/gia-heo-hoi-hom-nay-14-5-2026-duy-tri-di-ngang-d811217.html,
14/05/2026,nongnghiepmoitruong.vn,Miền Trung - Tây Nguyên,Đắk Lắk,68000,0.0,https://nongnghiepmoitruong.vn/gia-heo-hoi-hom-nay-14-5-2026-duy-tri-di-ngang-d811217.html,
15/05/2026,nongnghiepmoitruong.vn,Miền Bắc,Bắc Ninh,69000,0.0,https://nongnghiepmoitruong.vn/gia-heo-hoi-hom-nay-15-5-2026-duy-tri-on-dinh-d811463.html,
15/05/2026,nongnghiepmoitruong.vn,Miền Bắc,Cao Bằng,67000,0.0,https://nongnghiepmoitruong.vn/gia-heo-hoi-hom-nay-15-5-2026-duy-tri-on-dinh-d811463.html,
15/05/2026,nongnghiepmoitruong.vn,Miền Bắc,Hà Nội,69000,0.0,https://nongnghiepmoitruong.vn/gia-heo-hoi-hom-nay-15-5-2026-duy-tri-on-dinh-d811463.html,
15/05/2026,nongnghiepmoitruong.vn,Miền Bắc,Hưng Yên,69000,0.0,https://nongnghiepmoitruong.vn/gia-heo-hoi-hom-nay-15-5-2026-duy-tri-on-dinh-d811463.html,
15/05/2026,nongnghiepmoitruong.vn,Miền Bắc,Hải Phòng,68000,0.0,https://nongnghiepmoitruong.vn/gia-heo-hoi-hom-nay-15-5-2026-duy-tri-on-dinh-d811463.html,
15/05/2026,nongnghiepmoitruong.vn,Miền Bắc,Lai Châu,67000,0.0,https://nongnghiepmoitruong.vn/gia-heo-hoi-hom-nay-15-5-2026-duy-tri-on-dinh-d811463.html,
15/05/2026,nongnghiepmoitruong.vn,Miền Bắc,Lào Cai,67000,0.0,https://nongnghiepmoitruong.vn/gia-heo-hoi-hom-nay-15-5-2026-duy-tri-on-dinh-d811463.html,
15/05/2026,nongnghiepmoitruong.vn,Miền Bắc,Lạng Sơn,68000,0.0,https://nongnghiepmoitruong.vn/gia-heo-hoi-hom-nay-15-5-2026-duy-tri-on-dinh-d811463.html,
15/05/2026,nongnghiepmoitruong.vn,Miền Bắc,Ninh Bình,67000,0.0,https://nongnghiepmoitruong.vn/gia-heo-hoi-hom-nay-15-5-2026-duy-tri-on-dinh-d811463.html,
15/05/2026,nongnghiepmoitruong.vn,Miền Bắc,Phú Thọ,68000,0.0,https://nongnghiepmoitruong.vn/gia-heo-hoi-hom-nay-15-5-2026-duy-tri-on-dinh-d811463.html,
15/05/2026,nongnghiepmoitruong.vn,Miền Bắc,Quảng Ninh,68000,0.0,https://nongnghiepmoitruong.vn/gia-heo-hoi-hom-nay-15-5-2026-duy-tri-on-dinh-d811463.html,
15/05/2026,nongnghiepmoitruong.vn,Miền Bắc,Sơn La,68000,0.0,https://nongnghiepmoitruong.vn/gia-heo-hoi-hom-nay-15-5-2026-duy-tri-on-dinh-d811463.html,
15/05/2026,nongnghiepmoitruong.vn,Miền Bắc,Thái Nguyên,68000,0.0,https://nongnghiepmoitruong.vn/gia-heo-hoi-hom-nay-15-5-2026-duy-tri-on-dinh-d811463.html,
15/05/2026,nongnghiepmoitruong.vn,Miền Bắc,Tuyên Quang,67000,0.0,https://nongnghiepmoitruong.vn/gia-heo-hoi-hom-nay-15-5-2026-duy-tri-on-dinh-d811463.html,
15/05/2026,nongnghiepmoitruong.vn,Miền Bắc,Điện Biên,67000,0.0,https://nongnghiepmoitruong.vn/gia-heo-hoi-hom-nay-15-5-2026-duy-tri-on-dinh-d811463.html,
15/05/2026,nongnghiepmoitruong.vn,Miền Nam,An Giang,68000,0.0,https://nongnghiepmoitruong.vn/gia-heo-hoi-hom-nay-15-5-2026-duy-tri-on-dinh-d811463.html,
15/05/2026,nongnghiepmoitruong.vn,Miền Nam,Cà Mau,68000,0.0,https://nongnghiepmoitruong.vn/gia-heo-hoi-hom-nay-15-5-2026-duy-tri-on-dinh-d811463.html,
15/05/2026,nongnghiepmoitruong.vn,Miền Nam,Cần Thơ,68000,0.0,https://nongnghiepmoitruong.vn/gia-heo-hoi-hom-nay-15-5-2026-duy-tri-on-dinh-d811463.html,
15/05/2026,nongnghiepmoitruong.vn,Miền Nam,TP HCM,70000,0.0,https://nongnghiepmoitruong.vn/gia-heo-hoi-hom-nay-15-5-2026-duy-tri-on-dinh-d811463.html,
15/05/2026,nongnghiepmoitruong.vn,Miền Nam,Tây Ninh,69000,0.0,https://nongnghiepmoitruong.vn/gia-heo-hoi-hom-nay-15-5-2026-duy-tri-on-dinh-d811463.html,
15/05/2026,nongnghiepmoitruong.vn,Miền Nam,Vĩnh Long,69000,0.0,https://nongnghiepmoitruong.vn/gia-heo-hoi-hom-nay-15-5-2026-duy-tri-on-dinh-d811463.html,
15/05/2026,nongnghiepmoitruong.vn,Miền Nam,Đồng Nai,71000,0.0,https://nongnghiepmoitruong.vn/gia-heo-hoi-hom-nay-15-5-2026-duy-tri-on-dinh-d811463.html,
15/05/2026,nongnghiepmoitruong.vn,Miền Nam,Đồng Tháp,68000,0.0,https://nongnghiepmoitruong.vn/gia-heo-hoi-hom-nay-15-5-2026-duy-tri-on-dinh-d811463.html,
15/05/2026,nongnghiepmoitruong.vn,Miền Trung - Tây Nguyên,Gia Lai,67000,0.0,https://nongnghiepmoitruong.vn/gia-heo-hoi-hom-nay-15-5-2026-duy-tri-on-dinh-d811463.html,
15/05/2026,nongnghiepmoitruong.vn,Miền Trung - Tây Nguyên,Huế,66000,0.0,https://nongnghiepmoitruong.vn/gia-heo-hoi-hom-nay-15-5-2026-duy-tri-on-dinh-d811463.html,
15/05/2026,nongnghiepmoitruong.vn,Miền Trung - Tây Nguyên,Hà Tĩnh,67000,0.0,https://nongnghiepmoitruong.vn/gia-heo-hoi-hom-nay-15-5-2026-duy-tri-on-dinh-d811463.html,
15/05/2026,nongnghiepmoitruong.vn,Miền Trung - Tây Nguyên,Khánh Hoà,66000,0.0,https://nongnghiepmoitruong.vn/gia-heo-hoi-hom-nay-15-5-2026-duy-tri-on-dinh-d811463.html,
15/05/2026,nongnghiepmoitruong.vn,Miền Trung - Tây Nguyên,Lâm Đồng,69000,0.0,https://nongnghiepmoitruong.vn/gia-heo-hoi-hom-nay-15-5-2026-duy-tri-on-dinh-d811463.html,
15/05/2026,nongnghiepmoitruong.vn,Miền Trung - Tây Nguyên,Nghệ An,67000,0.0,https://nongnghiepmoitruong.vn/gia-heo-hoi-hom-nay-15-5-2026-duy-tri-on-dinh-d811463.html,
15/05/2026,nongnghiepmoitruong.vn,Miền Trung - Tây Nguyên,Quảng Ngãi,66000,0.0,https://nongnghiepmoitruong.vn/gia-heo-hoi-hom-nay-15-5-2026-duy-tri-on-dinh-d811463.html,
15/05/2026,nongnghiepmoitruong.vn,Miền Trung - Tây Nguyên,Quảng Trị,66000,0.0,https://nongnghiepmoitruong.vn/gia-heo-hoi-hom-nay-15-5-2026-duy-tri-on-dinh-d811463.html,
15/05/2026,nongnghiepmoitruong.vn,Miền Trung - Tây Nguyên,Thanh Hoá,68000,0.0,https://nongnghiepmoitruong.vn/gia-heo-hoi-hom-nay-15-5-2026-duy-tri-on-dinh-d811463.html,
15/05/2026,nongnghiepmoitruong.vn,Miền Trung - Tây Nguyên,Đà Nẵng,66000,0.0,https://nongnghiepmoitruong.vn/gia-heo-hoi-hom-nay-15-5-2026-duy-tri-on-dinh-d811463.html,
15/05/2026,nongnghiepmoitruong.vn,Miền Trung - Tây Nguyên,Đắk Lắk,68000,0.0,https://nongnghiepmoitruong.vn/gia-heo-hoi-hom-nay-15-5-2026-duy-tri-on-dinh-d811463.html,
18/05/2026,nongnghiepmoitruong.vn,Miền Bắc,Bắc Ninh,69000,0.0,https://nongnghiepmoitruong.vn/gia-heo-hoi-hom-nay-18-5-2026-dong-nai-giam-1000-dong-kg-d811868.html,
18/05/2026,nongnghiepmoitruong.vn,Miền Bắc,Cao Bằng,67000,0.0,https://nongnghiepmoitruong.vn/gia-heo-hoi-hom-nay-18-5-2026-dong-nai-giam-1000-dong-kg-d811868.html,
18/05/2026,nongnghiepmoitruong.vn,Miền Bắc,Hà Nội,69000,0.0,https://nongnghiepmoitruong.vn/gia-heo-hoi-hom-nay-18-5-2026-dong-nai-giam-1000-dong-kg-d811868.html,
18/05/2026,nongnghiepmoitruong.vn,Miền Bắc,Hưng Yên,69000,0.0,https://nongnghiepmoitruong.vn/gia-heo-hoi-hom-nay-18-5-2026-dong-nai-giam-1000-dong-kg-d811868.html,
18/05/2026,nongnghiepmoitruong.vn,Miền Bắc,Hải Phòng,68000,0.0,https://nongnghiepmoitruong.vn/gia-heo-hoi-hom-nay-18-5-2026-dong-nai-giam-1000-dong-kg-d811868.html,
18/05/2026,nongnghiepmoitruong.vn,Miền Bắc,Lai Châu,67000,0.0,https://nongnghiepmoitruong.vn/gia-heo-hoi-hom-nay-18-5-2026-dong-nai-giam-1000-dong-kg-d811868.html,
18/05/2026,nongnghiepmoitruong.vn,Miền Bắc,Lào Cai,67000,0.0,https://nongnghiepmoitruong.vn/gia-heo-hoi-hom-nay-18-5-2026-dong-nai-giam-1000-dong-kg-d811868.html,
18/05/2026,nongnghiepmoitruong.vn,Miền Bắc,Lạng Sơn,68000,0.0,https://nongnghiepmoitruong.vn/gia-heo-hoi-hom-nay-18-5-2026-dong-nai-giam-1000-dong-kg-d811868.html,
18/05/2026,nongnghiepmoitruong.vn,Miền Bắc,Ninh Bình,67000,0.0,https://nongnghiepmoitruong.vn/gia-heo-hoi-hom-nay-18-5-2026-dong-nai-giam-1000-dong-kg-d811868.html,
18/05/2026,nongnghiepmoitruong.vn,Miền Bắc,Phú Thọ,68000,0.0,https://nongnghiepmoitruong.vn/gia-heo-hoi-hom-nay-18-5-2026-dong-nai-giam-1000-dong-kg-d811868.html,
18/05/2026,nongnghiepmoitruong.vn,Miền Bắc,Quảng Ninh,68000,0.0,https://nongnghiepmoitruong.vn/gia-heo-hoi-hom-nay-18-5-2026-dong-nai-giam-1000-dong-kg-d811868.html,
18/05/2026,nongnghiepmoitruong.vn,Miền Bắc,Sơn La,68000,0.0,https://nongnghiepmoitruong.vn/gia-heo-hoi-hom-nay-18-5-2026-dong-nai-giam-1000-dong-kg-d811868.html,
18/05/2026,nongnghiepmoitruong.vn,Miền Bắc,Thái Nguyên,68000,0.0,https://nongnghiepmoitruong.vn/gia-heo-hoi-hom-nay-18-5-2026-dong-nai-giam-1000-dong-kg-d811868.html,
18/05/2026,nongnghiepmoitruong.vn,Miền Bắc,Tuyên Quang,67000,0.0,https://nongnghiepmoitruong.vn/gia-heo-hoi-hom-nay-18-5-2026-dong-nai-giam-1000-dong-kg-d811868.html,
18/05/2026,nongnghiepmoitruong.vn,Miền Bắc,Điện Biên,67000,0.0,https://nongnghiepmoitruong.vn/gia-heo-hoi-hom-nay-18-5-2026-dong-nai-giam-1000-dong-kg-d811868.html,
18/05/2026,nongnghiepmoitruong.vn,Miền Nam,An Giang,68000,0.0,https://nongnghiepmoitruong.vn/gia-heo-hoi-hom-nay-18-5-2026-dong-nai-giam-1000-dong-kg-d811868.html,
18/05/2026,nongnghiepmoitruong.vn,Miền Nam,Cà Mau,68000,0.0,https://nongnghiepmoitruong.vn/gia-heo-hoi-hom-nay-18-5-2026-dong-nai-giam-1000-dong-kg-d811868.html,
18/05/2026,nongnghiepmoitruong.vn,Miền Nam,Cần Thơ,68000,0.0,https://nongnghiepmoitruong.vn/gia-heo-hoi-hom-nay-18-5-2026-dong-nai-giam-1000-dong-kg-d811868.html,
18/05/2026,nongnghiepmoitruong.vn,Miền Nam,TP HCM,70000,0.0,https://nongnghiepmoitruong.vn/gia-heo-hoi-hom-nay-18-5-2026-dong-nai-giam-1000-dong-kg-d811868.html,
18/05/2026,nongnghiepmoitruong.vn,Miền Nam,Tây Ninh,69000,0.0,https://nongnghiepmoitruong.vn/gia-heo-hoi-hom-nay-18-5-2026-dong-nai-giam-1000-dong-kg-d811868.html,
18/05/2026,nongnghiepmoitruong.vn,Miền Nam,Vĩnh Long,69000,0.0,https://nongnghiepmoitruong.vn/gia-heo-hoi-hom-nay-18-5-2026-dong-nai-giam-1000-dong-kg-d811868.html,
18/05/2026,nongnghiepmoitruong.vn,Miền Nam,Đồng Nai,70000,-1000.0,https://nongnghiepmoitruong.vn/gia-heo-hoi-hom-nay-18-5-2026-dong-nai-giam-1000-dong-kg-d811868.html,
18/05/2026,nongnghiepmoitruong.vn,Miền Nam,Đồng Tháp,68000,0.0,https://nongnghiepmoitruong.vn/gia-heo-hoi-hom-nay-18-5-2026-dong-nai-giam-1000-dong-kg-d811868.html,
18/05/2026,nongnghiepmoitruong.vn,Miền Trung - Tây Nguyên,Gia Lai,67000,0.0,https://nongnghiepmoitruong.vn/gia-heo-hoi-hom-nay-18-5-2026-dong-nai-giam-1000-dong-kg-d811868.html,
18/05/2026,nongnghiepmoitruong.vn,Miền Trung - Tây Nguyên,Huế,66000,0.0,https://nongnghiepmoitruong.vn/gia-heo-hoi-hom-nay-18-5-2026-dong-nai-giam-1000-dong-kg-d811868.html,
18/05/2026,nongnghiepmoitruong.vn,Miền Trung - Tây Nguyên,Hà Tĩnh,67000,0.0,https://nongnghiepmoitruong.vn/gia-heo-hoi-hom-nay-18-5-2026-dong-nai-giam-1000-dong-kg-d811868.html,
18/05/2026,nongnghiepmoitruong.vn,Miền Trung - Tây Nguyên,Khánh Hoà,66000,0.0,https://nongnghiepmoitruong.vn/gia-heo-hoi-hom-nay-18-5-2026-dong-nai-giam-1000-dong-kg-d811868.html,
18/05/2026,nongnghiepmoitruong.vn,Miền Trung - Tây Nguyên,Lâm Đồng,69000,0.0,https://nongnghiepmoitruong.vn/gia-heo-hoi-hom-nay-18-5-2026-dong-nai-giam-1000-dong-kg-d811868.html,
18/05/2026,nongnghiepmoitruong.vn,Miền Trung - Tây Nguyên,Nghệ An,67000,0.0,https://nongnghiepmoitruong.vn/gia-heo-hoi-hom-nay-18-5-2026-dong-nai-giam-1000-dong-kg-d811868.html,
18/05/2026,nongnghiepmoitruong.vn,Miền Trung - Tây Nguyên,Quảng Ngãi,66000,0.0,https://nongnghiepmoitruong.vn/gia-heo-hoi-hom-nay-18-5-2026-dong-nai-giam-1000-dong-kg-d811868.html,
18/05/2026,nongnghiepmoitruong.vn,Miền Trung - Tây Nguyên,Quảng Trị,66000,0.0,https://nongnghiepmoitruong.vn/gia-heo-hoi-hom-nay-18-5-2026-dong-nai-giam-1000-dong-kg-d811868.html,
18/05/2026,nongnghiepmoitruong.vn,Miền Trung - Tây Nguyên,Thanh Hoá,68000,0.0,https://nongnghiepmoitruong.vn/gia-heo-hoi-hom-nay-18-5-2026-dong-nai-giam-1000-dong-kg-d811868.html,
18/05/2026,nongnghiepmoitruong.vn,Miền Trung - Tây Nguyên,Đà Nẵng,66000,0.0,https://nongnghiepmoitruong.vn/gia-heo-hoi-hom-nay-18-5-2026-dong-nai-giam-1000-dong-kg-d811868.html,
18/05/2026,nongnghiepmoitruong.vn,Miền Trung - Tây Nguyên,Đắk Lắk,68000,0.0,https://nongnghiepmoitruong.vn/gia-heo-hoi-hom-nay-18-5-2026-dong-nai-giam-1000-dong-kg-d811868.html,
19/05/2026,nongnghiepmoitruong.vn,Miền Bắc,Bắc Ninh,69000,0.0,https://nongnghiepmoitruong.vn/gia-heo-hoi-hom-nay-19-5-2026-mien-nam-giam-tai-nhieu-noi-d812058.html,
19/05/2026,nongnghiepmoitruong.vn,Miền Bắc,Cao Bằng,67000,0.0,https://nongnghiepmoitruong.vn/gia-heo-hoi-hom-nay-19-5-2026-mien-nam-giam-tai-nhieu-noi-d812058.html,
19/05/2026,nongnghiepmoitruong.vn,Miền Bắc,Hà Nội,69000,0.0,https://nongnghiepmoitruong.vn/gia-heo-hoi-hom-nay-19-5-2026-mien-nam-giam-tai-nhieu-noi-d812058.html,
19/05/2026,nongnghiepmoitruong.vn,Miền Bắc,Hưng Yên,69000,0.0,https://nongnghiepmoitruong.vn/gia-heo-hoi-hom-nay-19-5-2026-mien-nam-giam-tai-nhieu-noi-d812058.html,
19/05/2026,nongnghiepmoitruong.vn,Miền Bắc,Hải Phòng,68000,0.0,https://nongnghiepmoitruong.vn/gia-heo-hoi-hom-nay-19-5-2026-mien-nam-giam-tai-nhieu-noi-d812058.html,
19/05/2026,nongnghiepmoitruong.vn,Miền Bắc,Lai Châu,67000,0.0,https://nongnghiepmoitruong.vn/gia-heo-hoi-hom-nay-19-5-2026-mien-nam-giam-tai-nhieu-noi-d812058.html,
19/05/2026,nongnghiepmoitruong.vn,Miền Bắc,Lào Cai,67000,0.0,https://nongnghiepmoitruong.vn/gia-heo-hoi-hom-nay-19-5-2026-mien-nam-giam-tai-nhieu-noi-d812058.html,
19/05/2026,nongnghiepmoitruong.vn,Miền Bắc,Lạng Sơn,68000,0.0,https://nongnghiepmoitruong.vn/gia-heo-hoi-hom-nay-19-5-2026-mien-nam-giam-tai-nhieu-noi-d812058.html,
19/05/2026,nongnghiepmoitruong.vn,Miền Bắc,Ninh Bình,67000,0.0,https://nongnghiepmoitruong.vn/gia-heo-hoi-hom-nay-19-5-2026-mien-nam-giam-tai-nhieu-noi-d812058.html,
19/05/2026,nongnghiepmoitruong.vn,Miền Bắc,Phú Thọ,68000,0.0,https://nongnghiepmoitruong.vn/gia-heo-hoi-hom-nay-19-5-2026-mien-nam-giam-tai-nhieu-noi-d812058.html,
19/05/2026,nongnghiepmoitruong.vn,Miền Bắc,Quảng Ninh,68000,0.0,https://nongnghiepmoitruong.vn/gia-heo-hoi-hom-nay-19-5-2026-mien-nam-giam-tai-nhieu-noi-d812058.html,
19/05/2026,nongnghiepmoitruong.vn,Miền Bắc,Sơn La,68000,0.0,https://nongnghiepmoitruong.vn/gia-heo-hoi-hom-nay-19-5-2026-mien-nam-giam-tai-nhieu-noi-d812058.html,
19/05/2026,nongnghiepmoitruong.vn,Miền Bắc,Thái Nguyên,68000,0.0,https://nongnghiepmoitruong.vn/gia-heo-hoi-hom-nay-19-5-2026-mien-nam-giam-tai-nhieu-noi-d812058.html,
19/05/2026,nongnghiepmoitruong.vn,Miền Bắc,Tuyên Quang,67000,0.0,https://nongnghiepmoitruong.vn/gia-heo-hoi-hom-nay-19-5-2026-mien-nam-giam-tai-nhieu-noi-d812058.html,
19/05/2026,nongnghiepmoitruong.vn,Miền Bắc,Điện Biên,67000,0.0,https://nongnghiepmoitruong.vn/gia-heo-hoi-hom-nay-19-5-2026-mien-nam-giam-tai-nhieu-noi-d812058.html,
19/05/2026,nongnghiepmoitruong.vn,Miền Nam,An Giang,68000,0.0,https://nongnghiepmoitruong.vn/gia-heo-hoi-hom-nay-19-5-2026-mien-nam-giam-tai-nhieu-noi-d812058.html,
19/05/2026,nongnghiepmoitruong.vn,Miền Nam,Cà Mau,67000,-1000.0,https://nongnghiepmoitruong.vn/gia-heo-hoi-hom-nay-19-5-2026-mien-nam-giam-tai-nhieu-noi-d812058.html,
19/05/2026,nongnghiepmoitruong.vn,Miền Nam,Cần Thơ,68000,0.0,https://nongnghiepmoitruong.vn/gia-heo-hoi-hom-nay-19-5-2026-mien-nam-giam-tai-nhieu-noi-d812058.html,
19/05/2026,nongnghiepmoitruong.vn,Miền Nam,TP HCM,70000,0.0,https://nongnghiepmoitruong.vn/gia-heo-hoi-hom-nay-19-5-2026-mien-nam-giam-tai-nhieu-noi-d812058.html,
19/05/2026,nongnghiepmoitruong.vn,Miền Nam,Tây Ninh,68000,-1000.0,https://nongnghiepmoitruong.vn/gia-heo-hoi-hom-nay-19-5-2026-mien-nam-giam-tai-nhieu-noi-d812058.html,
19/05/2026,nongnghiepmoitruong.vn,Miền Nam,Vĩnh Long,68000,-1000.0,https://nongnghiepmoitruong.vn/gia-heo-hoi-hom-nay-19-5-2026-mien-nam-giam-tai-nhieu-noi-d812058.html,
19/05/2026,nongnghiepmoitruong.vn,Miền Nam,Đồng Nai,70000,0.0,https://nongnghiepmoitruong.vn/gia-heo-hoi-hom-nay-19-5-2026-mien-nam-giam-tai-nhieu-noi-d812058.html,
19/05/2026,nongnghiepmoitruong.vn,Miền Nam,Đồng Tháp,67000,-1000.0,https://nongnghiepmoitruong.vn/gia-heo-hoi-hom-nay-19-5-2026-mien-nam-giam-tai-nhieu-noi-d812058.html,
19/05/2026,nongnghiepmoitruong.vn,Miền Trung - Tây Nguyên,Gia Lai,67000,0.0,https://nongnghiepmoitruong.vn/gia-heo-hoi-hom-nay-19-5-2026-mien-nam-giam-tai-nhieu-noi-d812058.html,
19/05/2026,nongnghiepmoitruong.vn,Miền Trung - Tây Nguyên,Huế,66000,0.0,https://nongnghiepmoitruong.vn/gia-heo-hoi-hom-nay-19-5-2026-mien-nam-giam-tai-nhieu-noi-d812058.html,
19/05/2026,nongnghiepmoitruong.vn,Miền Trung - Tây Nguyên,Hà Tĩnh,67000,0.0,https://nongnghiepmoitruong.vn/gia-heo-hoi-hom-nay-19-5-2026-mien-nam-giam-tai-nhieu-noi-d812058.html,
19/05/2026,nongnghiepmoitruong.vn,Miền Trung - Tây Nguyên,Khánh Hoà,66000,0.0,https://nongnghiepmoitruong.vn/gia-heo-hoi-hom-nay-19-5-2026-mien-nam-giam-tai-nhieu-noi-d812058.html,
19/05/2026,nongnghiepmoitruong.vn,Miền Trung - Tây Nguyên,Lâm Đồng,69000,0.0,https://nongnghiepmoitruong.vn/gia-heo-hoi-hom-nay-19-5-2026-mien-nam-giam-tai-nhieu-noi-d812058.html,
19/05/2026,nongnghiepmoitruong.vn,Miền Trung - Tây Nguyên,Nghệ An,67000,0.0,https://nongnghiepmoitruong.vn/gia-heo-hoi-hom-nay-19-5-2026-mien-nam-giam-tai-nhieu-noi-d812058.html,
19/05/2026,nongnghiepmoitruong.vn,Miền Trung - Tây Nguyên,Quảng Ngãi,66000,0.0,https://nongnghiepmoitruong.vn/gia-heo-hoi-hom-nay-19-5-2026-mien-nam-giam-tai-nhieu-noi-d812058.html,
19/05/2026,nongnghiepmoitruong.vn,Miền Trung - Tây Nguyên,Quảng Trị,66000,0.0,https://nongnghiepmoitruong.vn/gia-heo-hoi-hom-nay-19-5-2026-mien-nam-giam-tai-nhieu-noi-d812058.html,
19/05/2026,nongnghiepmoitruong.vn,Miền Trung - Tây Nguyên,Thanh Hoá,68000,0.0,https://nongnghiepmoitruong.vn/gia-heo-hoi-hom-nay-19-5-2026-mien-nam-giam-tai-nhieu-noi-d812058.html,
19/05/2026,nongnghiepmoitruong.vn,Miền Trung - Tây Nguyên,Đà Nẵng,66000,0.0,https://nongnghiepmoitruong.vn/gia-heo-hoi-hom-nay-19-5-2026-mien-nam-giam-tai-nhieu-noi-d812058.html,
19/05/2026,nongnghiepmoitruong.vn,Miền Trung - Tây Nguyên,Đắk Lắk,68000,0.0,https://nongnghiepmoitruong.vn/gia-heo-hoi-hom-nay-19-5-2026-mien-nam-giam-tai-nhieu-noi-d812058.html,
20/05/2026,nongnghiepmoitruong.vn,Miền Bắc,Bắc Ninh,68000,-1000.0,https://nongnghiepmoitruong.vn/gia-heo-hoi-hom-nay-20-5-2026-giam-o-mot-so-dia-phuong-d812285.html,
20/05/2026,nongnghiepmoitruong.vn,Miền Bắc,Cao Bằng,67000,0.0,https://nongnghiepmoitruong.vn/gia-heo-hoi-hom-nay-20-5-2026-giam-o-mot-so-dia-phuong-d812285.html,
20/05/2026,nongnghiepmoitruong.vn,Miền Bắc,Hà Nội,68000,-1000.0,https://nongnghiepmoitruong.vn/gia-heo-hoi-hom-nay-20-5-2026-giam-o-mot-so-dia-phuong-d812285.html,
20/05/2026,nongnghiepmoitruong.vn,Miền Bắc,Hưng Yên,69000,0.0,https://nongnghiepmoitruong.vn/gia-heo-hoi-hom-nay-20-5-2026-giam-o-mot-so-dia-phuong-d812285.html,
20/05/2026,nongnghiepmoitruong.vn,Miền Bắc,Hải Phòng,68000,0.0,https://nongnghiepmoitruong.vn/gia-heo-hoi-hom-nay-20-5-2026-giam-o-mot-so-dia-phuong-d812285.html,
20/05/2026,nongnghiepmoitruong.vn,Miền Bắc,Lai Châu,67000,0.0,https://nongnghiepmoitruong.vn/gia-heo-hoi-hom-nay-20-5-2026-giam-o-mot-so-dia-phuong-d812285.html,
20/05/2026,nongnghiepmoitruong.vn,Miền Bắc,Lào Cai,67000,0.0,https://nongnghiepmoitruong.vn/gia-heo-hoi-hom-nay-20-5-2026-giam-o-mot-so-dia-phuong-d812285.html,
20/05/2026,nongnghiepmoitruong.vn,Miền Bắc,Lạng Sơn,68000,0.0,https://nongnghiepmoitruong.vn/gia-heo-hoi-hom-nay-20-5-2026-giam-o-mot-so-dia-phuong-d812285.html,
20/05/2026,nongnghiepmoitruong.vn,Miền Bắc,Ninh Bình,67000,0.0,https://nongnghiepmoitruong.vn/gia-heo-hoi-hom-nay-20-5-2026-giam-o-mot-so-dia-phuong-d812285.html,
20/05/2026,nongnghiepmoitruong.vn,Miền Bắc,Phú Thọ,68000,0.0,https://nongnghiepmoitruong.vn/gia-heo-hoi-hom-nay-20-5-2026-giam-o-mot-so-dia-phuong-d812285.html,
20/05/2026,nongnghiepmoitruong.vn,Miền Bắc,Quảng Ninh,68000,0.0,https://nongnghiepmoitruong.vn/gia-heo-hoi-hom-nay-20-5-2026-giam-o-mot-so-dia-phuong-d812285.html,
20/05/2026,nongnghiepmoitruong.vn,Miền Bắc,Sơn La,68000,0.0,https://nongnghiepmoitruong.vn/gia-heo-hoi-hom-nay-20-5-2026-giam-o-mot-so-dia-phuong-d812285.html,
20/05/2026,nongnghiepmoitruong.vn,Miền Bắc,Thái Nguyên,68000,0.0,https://nongnghiepmoitruong.vn/gia-heo-hoi-hom-nay-20-5-2026-giam-o-mot-so-dia-phuong-d812285.html,
20/05/2026,nongnghiepmoitruong.vn,Miền Bắc,Tuyên Quang,67000,0.0,https://nongnghiepmoitruong.vn/gia-heo-hoi-hom-nay-20-5-2026-giam-o-mot-so-dia-phuong-d812285.html,
20/05/2026,nongnghiepmoitruong.vn,Miền Bắc,Điện Biên,67000,0.0,https://nongnghiepmoitruong.vn/gia-heo-hoi-hom-nay-20-5-2026-giam-o-mot-so-dia-phuong-d812285.html,
20/05/2026,nongnghiepmoitruong.vn,Miền Nam,An Giang,68000,0.0,https://nongnghiepmoitruong.vn/gia-heo-hoi-hom-nay-20-5-2026-giam-o-mot-so-dia-phuong-d812285.html,
20/05/2026,nongnghiepmoitruong.vn,Miền Nam,Cà Mau,67000,0.0,https://nongnghiepmoitruong.vn/gia-heo-hoi-hom-nay-20-5-2026-giam-o-mot-so-dia-phuong-d812285.html,
20/05/2026,nongnghiepmoitruong.vn,Miền Nam,Cần Thơ,68000,0.0,https://nongnghiepmoitruong.vn/gia-heo-hoi-hom-nay-20-5-2026-giam-o-mot-so-dia-phuong-d812285.html,
20/05/2026,nongnghiepmoitruong.vn,Miền Nam,TP HCM,69000,-1000.0,https://nongnghiepmoitruong.vn/gia-heo-hoi-hom-nay-20-5-2026-giam-o-mot-so-dia-phuong-d812285.html,
20/05/2026,nongnghiepmoitruong.vn,Miền Nam,Tây Ninh,68000,0.0,https://nongnghiepmoitruong.vn/gia-heo-hoi-hom-nay-20-5-2026-giam-o-mot-so-dia-phuong-d812285.html,
20/05/2026,nongnghiepmoitruong.vn,Miền Nam,Vĩnh Long,68000,0.0,https://nongnghiepmoitruong.vn/gia-heo-hoi-hom-nay-20-5-2026-giam-o-mot-so-dia-phuong-d812285.html,
20/05/2026,nongnghiepmoitruong.vn,Miền Nam,Đồng Nai,70000,0.0,https://nongnghiepmoitruong.vn/gia-heo-hoi-hom-nay-20-5-2026-giam-o-mot-so-dia-phuong-d812285.html,
20/05/2026,nongnghiepmoitruong.vn,Miền Nam,Đồng Tháp,67000,0.0,https://nongnghiepmoitruong.vn/gia-heo-hoi-hom-nay-20-5-2026-giam-o-mot-so-dia-phuong-d812285.html,
20/05/2026,nongnghiepmoitruong.vn,Miền Trung - Tây Nguyên,Gia Lai,67000,0.0,https://nongnghiepmoitruong.vn/gia-heo-hoi-hom-nay-20-5-2026-giam-o-mot-so-dia-phuong-d812285.html,
20/05/2026,nongnghiepmoitruong.vn,Miền Trung - Tây Nguyên,Huế,66000,0.0,https://nongnghiepmoitruong.vn/gia-heo-hoi-hom-nay-20-5-2026-giam-o-mot-so-dia-phuong-d812285.html,
20/05/2026,nongnghiepmoitruong.vn,Miền Trung - Tây Nguyên,Hà Tĩnh,67000,0.0,https://nongnghiepmoitruong.vn/gia-heo-hoi-hom-nay-20-5-2026-giam-o-mot-so-dia-phuong-d812285.html,
20/05/2026,nongnghiepmoitruong.vn,Miền Trung - Tây Nguyên,Khánh Hoà,66000,0.0,https://nongnghiepmoitruong.vn/gia-heo-hoi-hom-nay-20-5-2026-giam-o-mot-so-dia-phuong-d812285.html,
20/05/2026,nongnghiepmoitruong.vn,Miền Trung - Tây Nguyên,Lâm Đồng,69000,0.0,https://nongnghiepmoitruong.vn/gia-heo-hoi-hom-nay-20-5-2026-giam-o-mot-so-dia-phuong-d812285.html,
20/05/2026,nongnghiepmoitruong.vn,Miền Trung - Tây Nguyên,Nghệ An,67000,0.0,https://nongnghiepmoitruong.vn/gia-heo-hoi-hom-nay-20-5-2026-giam-o-mot-so-dia-phuong-d812285.html,
20/05/2026,nongnghiepmoitruong.vn,Miền Trung - Tây Nguyên,Quảng Ngãi,66000,0.0,https://nongnghiepmoitruong.vn/gia-heo-hoi-hom-nay-20-5-2026-giam-o-mot-so-dia-phuong-d812285.html,
20/05/2026,nongnghiepmoitruong.vn,Miền Trung - Tây Nguyên,Quảng Trị,66000,0.0,https://nongnghiepmoitruong.vn/gia-heo-hoi-hom-nay-20-5-2026-giam-o-mot-so-dia-phuong-d812285.html,
20/05/2026,nongnghiepmoitruong.vn,Miền Trung - Tây Nguyên,Thanh Hoá,68000,0.0,https://nongnghiepmoitruong.vn/gia-heo-hoi-hom-nay-20-5-2026-giam-o-mot-so-dia-phuong-d812285.html,
20/05/2026,nongnghiepmoitruong.vn,Miền Trung - Tây Nguyên,Đà Nẵng,66000,0.0,https://nongnghiepmoitruong.vn/gia-heo-hoi-hom-nay-20-5-2026-giam-o-mot-so-dia-phuong-d812285.html,
20/05/2026,nongnghiepmoitruong.vn,Miền Trung - Tây Nguyên,Đắk Lắk,68000,0.0,https://nongnghiepmoitruong.vn/gia-heo-hoi-hom-nay-20-5-2026-giam-o-mot-so-dia-phuong-d812285.html,
02/06/2026,nongnghiepmoitruong.vn,Miền Bắc,Bắc Ninh,68000,,https://nongnghiepmoitruong.vn/gia-heo-hoi-hom-nay-2-6-2026-giam-nhe-tai-mien-nam-d814341.html,
02/06/2026,nongnghiepmoitruong.vn,Miền Bắc,Cao Bằng,67000,,https://nongnghiepmoitruong.vn/gia-heo-hoi-hom-nay-2-6-2026-giam-nhe-tai-mien-nam-d814341.html,
02/06/2026,nongnghiepmoitruong.vn,Miền Bắc,Hà Nội,68000,,https://nongnghiepmoitruong.vn/gia-heo-hoi-hom-nay-2-6-2026-giam-nhe-tai-mien-nam-d814341.html,
02/06/2026,nongnghiepmoitruong.vn,Miền Bắc,Hưng Yên,68000,,https://nongnghiepmoitruong.vn/gia-heo-hoi-hom-nay-2-6-2026-giam-nhe-tai-mien-nam-d814341.html,
02/06/2026,nongnghiepmoitruong.vn,Miền Bắc,Hải Phòng,68000,,https://nongnghiepmoitruong.vn/gia-heo-hoi-hom-nay-2-6-2026-giam-nhe-tai-mien-nam-d814341.html,
02/06/2026,nongnghiepmoitruong.vn,Miền Bắc,Lai Châu,68000,,https://nongnghiepmoitruong.vn/gia-heo-hoi-hom-nay-2-6-2026-giam-nhe-tai-mien-nam-d814341.html,
02/06/2026,nongnghiepmoitruong.vn,Miền Bắc,Lào Cai,67000,,https://nongnghiepmoitruong.vn/gia-heo-hoi-hom-nay-2-6-2026-giam-nhe-tai-mien-nam-d814341.html,
02/06/2026,nongnghiepmoitruong.vn,Miền Bắc,Lạng Sơn,68000,,https://nongnghiepmoitruong.vn/gia-heo-hoi-hom-nay-2-6-2026-giam-nhe-tai-mien-nam-d814341.html,
02/06/2026,nongnghiepmoitruong.vn,Miền Bắc,Ninh Bình,68000,,https://nongnghiepmoitruong.vn/gia-heo-hoi-hom-nay-2-6-2026-giam-nhe-tai-mien-nam-d814341.html,
02/06/2026,nongnghiepmoitruong.vn,Miền Bắc,Phú Thọ,68000,,https://nongnghiepmoitruong.vn/gia-heo-hoi-hom-nay-2-6-2026-giam-nhe-tai-mien-nam-d814341.html,
02/06/2026,nongnghiepmoitruong.vn,Miền Bắc,Quảng Ninh,67000,,https://nongnghiepmoitruong.vn/gia-heo-hoi-hom-nay-2-6-2026-giam-nhe-tai-mien-nam-d814341.html,
02/06/2026,nongnghiepmoitruong.vn,Miền Bắc,Sơn La,67000,,https://nongnghiepmoitruong.vn/gia-heo-hoi-hom-nay-2-6-2026-giam-nhe-tai-mien-nam-d814341.html,
02/06/2026,nongnghiepmoitruong.vn,Miền Bắc,Thái Nguyên,68000,,https://nongnghiepmoitruong.vn/gia-heo-hoi-hom-nay-2-6-2026-giam-nhe-tai-mien-nam-d814341.html,
02/06/2026,nongnghiepmoitruong.vn,Miền Bắc,Tuyên Quang,67000,,https://nongnghiepmoitruong.vn/gia-heo-hoi-hom-nay-2-6-2026-giam-nhe-tai-mien-nam-d814341.html,
02/06/2026,nongnghiepmoitruong.vn,Miền Bắc,Điện Biên,67000,,https://nongnghiepmoitruong.vn/gia-heo-hoi-hom-nay-2-6-2026-giam-nhe-tai-mien-nam-d814341.html,
02/06/2026,nongnghiepmoitruong.vn,Miền Nam,An Giang,67000,,https://nongnghiepmoitruong.vn/gia-heo-hoi-hom-nay-2-6-2026-giam-nhe-tai-mien-nam-d814341.html,
02/06/2026,nongnghiepmoitruong.vn,Miền Nam,Cà Mau,67000,,https://nongnghiepmoitruong.vn/gia-heo-hoi-hom-nay-2-6-2026-giam-nhe-tai-mien-nam-d814341.html,
02/06/2026,nongnghiepmoitruong.vn,Miền Nam,Cần Thơ,67000,,https://nongnghiepmoitruong.vn/gia-heo-hoi-hom-nay-2-6-2026-giam-nhe-tai-mien-nam-d814341.html,
02/06/2026,nongnghiepmoitruong.vn,Miền Nam,TP HCM,67000,-1000.0,https://nongnghiepmoitruong.vn/gia-heo-hoi-hom-nay-2-6-2026-giam-nhe-tai-mien-nam-d814341.html,
02/06/2026,nongnghiepmoitruong.vn,Miền Nam,Tây Ninh,67000,-1000.0,https://nongnghiepmoitruong.vn/gia-heo-hoi-hom-nay-2-6-2026-giam-nhe-tai-mien-nam-d814341.html,
02/06/2026,nongnghiepmoitruong.vn,Miền Nam,Vĩnh Long,67000,-1000.0,https://nongnghiepmoitruong.vn/gia-heo-hoi-hom-nay-2-6-2026-giam-nhe-tai-mien-nam-d814341.html,
02/06/2026,nongnghiepmoitruong.vn,Miền Nam,Đồng Nai,67000,-1000.0,https://nongnghiepmoitruong.vn/gia-heo-hoi-hom-nay-2-6-2026-giam-nhe-tai-mien-nam-d814341.html,
02/06/2026,nongnghiepmoitruong.vn,Miền Nam,Đồng Tháp,67000,,https://nongnghiepmoitruong.vn/gia-heo-hoi-hom-nay-2-6-2026-giam-nhe-tai-mien-nam-d814341.html,
02/06/2026,nongnghiepmoitruong.vn,Miền Trung - Tây Nguyên,Gia Lai,66000,,https://nongnghiepmoitruong.vn/gia-heo-hoi-hom-nay-2-6-2026-giam-nhe-tai-mien-nam-d814341.html,
02/06/2026,nongnghiepmoitruong.vn,Miền Trung - Tây Nguyên,Huế,66000,,https://nongnghiepmoitruong.vn/gia-heo-hoi-hom-nay-2-6-2026-giam-nhe-tai-mien-nam-d814341.html,
02/06/2026,nongnghiepmoitruong.vn,Miền Trung - Tây Nguyên,Hà Tĩnh,67000,,https://nongnghiepmoitruong.vn/gia-heo-hoi-hom-nay-2-6-2026-giam-nhe-tai-mien-nam-d814341.html,
02/06/2026,nongnghiepmoitruong.vn,Miền Trung - Tây Nguyên,Khánh Hoà,66000,,https://nongnghiepmoitruong.vn/gia-heo-hoi-hom-nay-2-6-2026-giam-nhe-tai-mien-nam-d814341.html,
02/06/2026,nongnghiepmoitruong.vn,Miền Trung - Tây Nguyên,Lâm Đồng,67000,-1000.0,https://nongnghiepmoitruong.vn/gia-heo-hoi-hom-nay-2-6-2026-giam-nhe-tai-mien-nam-d814341.html,
02/06/2026,nongnghiepmoitruong.vn,Miền Trung - Tây Nguyên,Nghệ An,68000,,https://nongnghiepmoitruong.vn/gia-heo-hoi-hom-nay-2-6-2026-giam-nhe-tai-mien-nam-d814341.html,
02/06/2026,nongnghiepmoitruong.vn,Miền Trung - Tây Nguyên,Quảng Ngãi,66000,,https://nongnghiepmoitruong.vn/gia-heo-hoi-hom-nay-2-6-2026-giam-nhe-tai-mien-nam-d814341.html,
02/06/2026,nongnghiepmoitruong.vn,Miền Trung - Tây Nguyên,Quảng Trị,66000,,https://nongnghiepmoitruong.vn/gia-heo-hoi-hom-nay-2-6-2026-giam-nhe-tai-mien-nam-d814341.html,
02/06/2026,nongnghiepmoitruong.vn,Miền Trung - Tây Nguyên,Thanh Hoá,68000,,https://nongnghiepmoitruong.vn/gia-heo-hoi-hom-nay-2-6-2026-giam-nhe-tai-mien-nam-d814341.html,
02/06/2026,nongnghiepmoitruong.vn,Miền Trung - Tây Nguyên,Đà Nẵng,66000,,https://nongnghiepmoitruong.vn/gia-heo-hoi-hom-nay-2-6-2026-giam-nhe-tai-mien-nam-d814341.html,
02/06/2026,nongnghiepmoitruong.vn,Miền Trung - Tây Nguyên,Đắk Lắk,67000,,https://nongnghiepmoitruong.vn/gia-heo-hoi-hom-nay-2-6-2026-giam-nhe-tai-mien-nam-d814341.html,
03/06/2026,nongnghiepmoitruong.vn,Miền Bắc,Bắc Ninh,68000,,https://nongnghiepmoitruong.vn/gia-heo-hoi-hom-nay-3-6-2026-duy-tri-on-dinh-d814552.html,
03/06/2026,nongnghiepmoitruong.vn,Miền Bắc,Cao Bằng,67000,,https://nongnghiepmoitruong.vn/gia-heo-hoi-hom-nay-3-6-2026-duy-tri-on-dinh-d814552.html,
03/06/2026,nongnghiepmoitruong.vn,Miền Bắc,Hà Nội,68000,,https://nongnghiepmoitruong.vn/gia-heo-hoi-hom-nay-3-6-2026-duy-tri-on-dinh-d814552.html,
03/06/2026,nongnghiepmoitruong.vn,Miền Bắc,Hưng Yên,68000,,https://nongnghiepmoitruong.vn/gia-heo-hoi-hom-nay-3-6-2026-duy-tri-on-dinh-d814552.html,
03/06/2026,nongnghiepmoitruong.vn,Miền Bắc,Hải Phòng,68000,,https://nongnghiepmoitruong.vn/gia-heo-hoi-hom-nay-3-6-2026-duy-tri-on-dinh-d814552.html,
03/06/2026,nongnghiepmoitruong.vn,Miền Bắc,Lai Châu,68000,,https://nongnghiepmoitruong.vn/gia-heo-hoi-hom-nay-3-6-2026-duy-tri-on-dinh-d814552.html,
03/06/2026,nongnghiepmoitruong.vn,Miền Bắc,Lào Cai,67000,,https://nongnghiepmoitruong.vn/gia-heo-hoi-hom-nay-3-6-2026-duy-tri-on-dinh-d814552.html,
03/06/2026,nongnghiepmoitruong.vn,Miền Bắc,Lạng Sơn,68000,,https://nongnghiepmoitruong.vn/gia-heo-hoi-hom-nay-3-6-2026-duy-tri-on-dinh-d814552.html,
03/06/2026,nongnghiepmoitruong.vn,Miền Bắc,Ninh Bình,68000,,https://nongnghiepmoitruong.vn/gia-heo-hoi-hom-nay-3-6-2026-duy-tri-on-dinh-d814552.html,
03/06/2026,nongnghiepmoitruong.vn,Miền Bắc,Phú Thọ,68000,,https://nongnghiepmoitruong.vn/gia-heo-hoi-hom-nay-3-6-2026-duy-tri-on-dinh-d814552.html,
03/06/2026,nongnghiepmoitruong.vn,Miền Bắc,Quảng Ninh,67000,,https://nongnghiepmoitruong.vn/gia-heo-hoi-hom-nay-3-6-2026-duy-tri-on-dinh-d814552.html,
03/06/2026,nongnghiepmoitruong.vn,Miền Bắc,Sơn La,67000,,https://nongnghiepmoitruong.vn/gia-heo-hoi-hom-nay-3-6-2026-duy-tri-on-dinh-d814552.html,
03/06/2026,nongnghiepmoitruong.vn,Miền Bắc,Thái Nguyên,68000,,https://nongnghiepmoitruong.vn/gia-heo-hoi-hom-nay-3-6-2026-duy-tri-on-dinh-d814552.html,
03/06/2026,nongnghiepmoitruong.vn,Miền Bắc,Tuyên Quang,67000,,https://nongnghiepmoitruong.vn/gia-heo-hoi-hom-nay-3-6-2026-duy-tri-on-dinh-d814552.html,
03/06/2026,nongnghiepmoitruong.vn,Miền Bắc,Điện Biên,67000,,https://nongnghiepmoitruong.vn/gia-heo-hoi-hom-nay-3-6-2026-duy-tri-on-dinh-d814552.html,
03/06/2026,nongnghiepmoitruong.vn,Miền Nam,An Giang,67000,,https://nongnghiepmoitruong.vn/gia-heo-hoi-hom-nay-3-6-2026-duy-tri-on-dinh-d814552.html,
03/06/2026,nongnghiepmoitruong.vn,Miền Nam,Cà Mau,67000,,https://nongnghiepmoitruong.vn/gia-heo-hoi-hom-nay-3-6-2026-duy-tri-on-dinh-d814552.html,
03/06/2026,nongnghiepmoitruong.vn,Miền Nam,Cần Thơ,67000,,https://nongnghiepmoitruong.vn/gia-heo-hoi-hom-nay-3-6-2026-duy-tri-on-dinh-d814552.html,
03/06/2026,nongnghiepmoitruong.vn,Miền Nam,TP HCM,67000,0.0,https://nongnghiepmoitruong.vn/gia-heo-hoi-hom-nay-3-6-2026-duy-tri-on-dinh-d814552.html,
03/06/2026,nongnghiepmoitruong.vn,Miền Nam,Tây Ninh,67000,0.0,https://nongnghiepmoitruong.vn/gia-heo-hoi-hom-nay-3-6-2026-duy-tri-on-dinh-d814552.html,
03/06/2026,nongnghiepmoitruong.vn,Miền Nam,Vĩnh Long,67000,0.0,https://nongnghiepmoitruong.vn/gia-heo-hoi-hom-nay-3-6-2026-duy-tri-on-dinh-d814552.html,
03/06/2026,nongnghiepmoitruong.vn,Miền Nam,Đồng Nai,67000,0.0,https://nongnghiepmoitruong.vn/gia-heo-hoi-hom-nay-3-6-2026-duy-tri-on-dinh-d814552.html,
03/06/2026,nongnghiepmoitruong.vn,Miền Nam,Đồng Tháp,67000,,https://nongnghiepmoitruong.vn/gia-heo-hoi-hom-nay-3-6-2026-duy-tri-on-dinh-d814552.html,
03/06/2026,nongnghiepmoitruong.vn,Miền Trung - Tây Nguyên,Gia Lai,66000,,https://nongnghiepmoitruong.vn/gia-heo-hoi-hom-nay-3-6-2026-duy-tri-on-dinh-d814552.html,
03/06/2026,nongnghiepmoitruong.vn,Miền Trung - Tây Nguyên,Huế,66000,,https://nongnghiepmoitruong.vn/gia-heo-hoi-hom-nay-3-6-2026-duy-tri-on-dinh-d814552.html,
03/06/2026,nongnghiepmoitruong.vn,Miền Trung - Tây Nguyên,Hà Tĩnh,67000,,https://nongnghiepmoitruong.vn/gia-heo-hoi-hom-nay-3-6-2026-duy-tri-on-dinh-d814552.html,
03/06/2026,nongnghiepmoitruong.vn,Miền Trung - Tây Nguyên,Khánh Hoà,66000,,https://nongnghiepmoitruong.vn/gia-heo-hoi-hom-nay-3-6-2026-duy-tri-on-dinh-d814552.html,
03/06/2026,nongnghiepmoitruong.vn,Miền Trung - Tây Nguyên,Lâm Đồng,67000,-1000.0,https://nongnghiepmoitruong.vn/gia-heo-hoi-hom-nay-3-6-2026-duy-tri-on-dinh-d814552.html,
03/06/2026,nongnghiepmoitruong.vn,Miền Trung - Tây Nguyên,Nghệ An,68000,,https://nongnghiepmoitruong.vn/gia-heo-hoi-hom-nay-3-6-2026-duy-tri-on-dinh-d814552.html,
03/06/2026,nongnghiepmoitruong.vn,Miền Trung - Tây Nguyên,Quảng Ngãi,66000,,https://nongnghiepmoitruong.vn/gia-heo-hoi-hom-nay-3-6-2026-duy-tri-on-dinh-d814552.html,
03/06/2026,nongnghiepmoitruong.vn,Miền Trung - Tây Nguyên,Quảng Trị,66000,,https://nongnghiepmoitruong.vn/gia-heo-hoi-hom-nay-3-6-2026-duy-tri-on-dinh-d814552.html,
03/06/2026,nongnghiepmoitruong.vn,Miền Trung - Tây Nguyên,Thanh Hoá,68000,,https://nongnghiepmoitruong.vn/gia-heo-hoi-hom-nay-3-6-2026-duy-tri-on-dinh-d814552.html,
03/06/2026,nongnghiepmoitruong.vn,Miền Trung - Tây Nguyên,Đà Nẵng,66000,,https://nongnghiepmoitruong.vn/gia-heo-hoi-hom-nay-3-6-2026-duy-tri-on-dinh-d814552.html,
03/06/2026,nongnghiepmoitruong.vn,Miền Trung - Tây Nguyên,Đắk Lắk,67000,,https://nongnghiepmoitruong.vn/gia-heo-hoi-hom-nay-3-6-2026-duy-tri-on-dinh-d814552.html,
04/06/2026,nongnghiepmoitruong.vn,Miền Bắc,Bắc Ninh,68000,,https://nongnghiepmoitruong.vn/gia-heo-hoi-hom-nay-4-6-2026-giam-nhe-tai-mien-bac-bac-trung-bo-d814796.html,
04/06/2026,nongnghiepmoitruong.vn,Miền Bắc,Cao Bằng,67000,,https://nongnghiepmoitruong.vn/gia-heo-hoi-hom-nay-4-6-2026-giam-nhe-tai-mien-bac-bac-trung-bo-d814796.html,
04/06/2026,nongnghiepmoitruong.vn,Miền Bắc,Hà Nội,68000,,https://nongnghiepmoitruong.vn/gia-heo-hoi-hom-nay-4-6-2026-giam-nhe-tai-mien-bac-bac-trung-bo-d814796.html,
04/06/2026,nongnghiepmoitruong.vn,Miền Bắc,Hưng Yên,68000,,https://nongnghiepmoitruong.vn/gia-heo-hoi-hom-nay-4-6-2026-giam-nhe-tai-mien-bac-bac-trung-bo-d814796.html,
04/06/2026,nongnghiepmoitruong.vn,Miền Bắc,Hải Phòng,68000,,https://nongnghiepmoitruong.vn/gia-heo-hoi-hom-nay-4-6-2026-giam-nhe-tai-mien-bac-bac-trung-bo-d814796.html,
04/06/2026,nongnghiepmoitruong.vn,Miền Bắc,Lai Châu,68000,,https://nongnghiepmoitruong.vn/gia-heo-hoi-hom-nay-4-6-2026-giam-nhe-tai-mien-bac-bac-trung-bo-d814796.html,
04/06/2026,nongnghiepmoitruong.vn,Miền Bắc,Lào Cai,67000,,https://nongnghiepmoitruong.vn/gia-heo-hoi-hom-nay-4-6-2026-giam-nhe-tai-mien-bac-bac-trung-bo-d814796.html,
04/06/2026,nongnghiepmoitruong.vn,Miền Bắc,Lạng Sơn,68000,,https://nongnghiepmoitruong.vn/gia-heo-hoi-hom-nay-4-6-2026-giam-nhe-tai-mien-bac-bac-trung-bo-d814796.html,
04/06/2026,nongnghiepmoitruong.vn,Miền Bắc,Ninh Bình,68000,,https://nongnghiepmoitruong.vn/gia-heo-hoi-hom-nay-4-6-2026-giam-nhe-tai-mien-bac-bac-trung-bo-d814796.html,
04/06/2026,nongnghiepmoitruong.vn,Miền Bắc,Phú Thọ,68000,,https://nongnghiepmoitruong.vn/gia-heo-hoi-hom-nay-4-6-2026-giam-nhe-tai-mien-bac-bac-trung-bo-d814796.html,
04/06/2026,nongnghiepmoitruong.vn,Miền Bắc,Quảng Ninh,67000,,https://nongnghiepmoitruong.vn/gia-heo-hoi-hom-nay-4-6-2026-giam-nhe-tai-mien-bac-bac-trung-bo-d814796.html,
04/06/2026,nongnghiepmoitruong.vn,Miền Bắc,Sơn La,67000,,https://nongnghiepmoitruong.vn/gia-heo-hoi-hom-nay-4-6-2026-giam-nhe-tai-mien-bac-bac-trung-bo-d814796.html,
04/06/2026,nongnghiepmoitruong.vn,Miền Bắc,Thái Nguyên,67000,-1000.0,https://nongnghiepmoitruong.vn/gia-heo-hoi-hom-nay-4-6-2026-giam-nhe-tai-mien-bac-bac-trung-bo-d814796.html,
04/06/2026,nongnghiepmoitruong.vn,Miền Bắc,Tuyên Quang,67000,,https://nongnghiepmoitruong.vn/gia-heo-hoi-hom-nay-4-6-2026-giam-nhe-tai-mien-bac-bac-trung-bo-d814796.html,
04/06/2026,nongnghiepmoitruong.vn,Miền Bắc,Điện Biên,67000,,https://nongnghiepmoitruong.vn/gia-heo-hoi-hom-nay-4-6-2026-giam-nhe-tai-mien-bac-bac-trung-bo-d814796.html,
04/06/2026,nongnghiepmoitruong.vn,Miền Nam,An Giang,67000,,https://nongnghiepmoitruong.vn/gia-heo-hoi-hom-nay-4-6-2026-giam-nhe-tai-mien-bac-bac-trung-bo-d814796.html,
04/06/2026,nongnghiepmoitruong.vn,Miền Nam,Cà Mau,67000,,https://nongnghiepmoitruong.vn/gia-heo-hoi-hom-nay-4-6-2026-giam-nhe-tai-mien-bac-bac-trung-bo-d814796.html,
04/06/2026,nongnghiepmoitruong.vn,Miền Nam,Cần Thơ,67000,,https://nongnghiepmoitruong.vn/gia-heo-hoi-hom-nay-4-6-2026-giam-nhe-tai-mien-bac-bac-trung-bo-d814796.html,
04/06/2026,nongnghiepmoitruong.vn,Miền Nam,TP HCM,67000,,https://nongnghiepmoitruong.vn/gia-heo-hoi-hom-nay-4-6-2026-giam-nhe-tai-mien-bac-bac-trung-bo-d814796.html,
04/06/2026,nongnghiepmoitruong.vn,Miền Nam,Tây Ninh,67000,,https://nongnghiepmoitruong.vn/gia-heo-hoi-hom-nay-4-6-2026-giam-nhe-tai-mien-bac-bac-trung-bo-d814796.html,
04/06/2026,nongnghiepmoitruong.vn,Miền Nam,Vĩnh Long,67000,,https://nongnghiepmoitruong.vn/gia-heo-hoi-hom-nay-4-6-2026-giam-nhe-tai-mien-bac-bac-trung-bo-d814796.html,
04/06/2026,nongnghiepmoitruong.vn,Miền Nam,Đồng Nai,67000,,https://nongnghiepmoitruong.vn/gia-heo-hoi-hom-nay-4-6-2026-giam-nhe-tai-mien-bac-bac-trung-bo-d814796.html,
04/06/2026,nongnghiepmoitruong.vn,Miền Nam,Đồng Tháp,67000,,https://nongnghiepmoitruong.vn/gia-heo-hoi-hom-nay-4-6-2026-giam-nhe-tai-mien-bac-bac-trung-bo-d814796.html,
04/06/2026,nongnghiepmoitruong.vn,Miền Trung - Tây Nguyên,Gia Lai,66000,,https://nongnghiepmoitruong.vn/gia-heo-hoi-hom-nay-4-6-2026-giam-nhe-tai-mien-bac-bac-trung-bo-d814796.html,
04/06/2026,nongnghiepmoitruong.vn,Miền Trung - Tây Nguyên,Huế,66000,,https://nongnghiepmoitruong.vn/gia-heo-hoi-hom-nay-4-6-2026-giam-nhe-tai-mien-bac-bac-trung-bo-d814796.html,
04/06/2026,nongnghiepmoitruong.vn,Miền Trung - Tây Nguyên,Hà Tĩnh,67000,,https://nongnghiepmoitruong.vn/gia-heo-hoi-hom-nay-4-6-2026-giam-nhe-tai-mien-bac-bac-trung-bo-d814796.html,
04/06/2026,nongnghiepmoitruong.vn,Miền Trung - Tây Nguyên,Khánh Hoà,66000,,https://nongnghiepmoitruong.vn/gia-heo-hoi-hom-nay-4-6-2026-giam-nhe-tai-mien-bac-bac-trung-bo-d814796.html,
04/06/2026,nongnghiepmoitruong.vn,Miền Trung - Tây Nguyên,Lâm Đồng,67000,,https://nongnghiepmoitruong.vn/gia-heo-hoi-hom-nay-4-6-2026-giam-nhe-tai-mien-bac-bac-trung-bo-d814796.html,
04/06/2026,nongnghiepmoitruong.vn,Miền Trung - Tây Nguyên,Nghệ An,67000,-1000.0,https://nongnghiepmoitruong.vn/gia-heo-hoi-hom-nay-4-6-2026-giam-nhe-tai-mien-bac-bac-trung-bo-d814796.html,
04/06/2026,nongnghiepmoitruong.vn,Miền Trung - Tây Nguyên,Quảng Ngãi,66000,,https://nongnghiepmoitruong.vn/gia-heo-hoi-hom-nay-4-6-2026-giam-nhe-tai-mien-bac-bac-trung-bo-d814796.html,
04/06/2026,nongnghiepmoitruong.vn,Miền Trung - Tây Nguyên,Quảng Trị,66000,,https://nongnghiepmoitruong.vn/gia-heo-hoi-hom-nay-4-6-2026-giam-nhe-tai-mien-bac-bac-trung-bo-d814796.html,
04/06/2026,nongnghiepmoitruong.vn,Miền Trung - Tây Nguyên,Thanh Hoá,68000,,https://nongnghiepmoitruong.vn/gia-heo-hoi-hom-nay-4-6-2026-giam-nhe-tai-mien-bac-bac-trung-bo-d814796.html,
04/06/2026,nongnghiepmoitruong.vn,Miền Trung - Tây Nguyên,Đà Nẵng,66000,,https://nongnghiepmoitruong.vn/gia-heo-hoi-hom-nay-4-6-2026-giam-nhe-tai-mien-bac-bac-trung-bo-d814796.html,
04/06/2026,nongnghiepmoitruong.vn,Miền Trung - Tây Nguyên,Đắk Lắk,67000,,https://nongnghiepmoitruong.vn/gia-heo-hoi-hom-nay-4-6-2026-giam-nhe-tai-mien-bac-bac-trung-bo-d814796.html,
05/06/2026,nongnghiepmoitruong.vn,Miền Bắc,Bắc Ninh,68000,,https://nongnghiepmoitruong.vn/gia-heo-hoi-hom-nay-5-6-2026-giam-tren-dien-rong-d814959.html,
05/06/2026,nongnghiepmoitruong.vn,Miền Bắc,Cao Bằng,67000,,https://nongnghiepmoitruong.vn/gia-heo-hoi-hom-nay-5-6-2026-giam-tren-dien-rong-d814959.html,
05/06/2026,nongnghiepmoitruong.vn,Miền Bắc,Hà Nội,68000,,https://nongnghiepmoitruong.vn/gia-heo-hoi-hom-nay-5-6-2026-giam-tren-dien-rong-d814959.html,
05/06/2026,nongnghiepmoitruong.vn,Miền Bắc,Hưng Yên,68000,,https://nongnghiepmoitruong.vn/gia-heo-hoi-hom-nay-5-6-2026-giam-tren-dien-rong-d814959.html,
05/06/2026,nongnghiepmoitruong.vn,Miền Bắc,Hải Phòng,68000,,https://nongnghiepmoitruong.vn/gia-heo-hoi-hom-nay-5-6-2026-giam-tren-dien-rong-d814959.html,
05/06/2026,nongnghiepmoitruong.vn,Miền Bắc,Lai Châu,67000,-1000.0,https://nongnghiepmoitruong.vn/gia-heo-hoi-hom-nay-5-6-2026-giam-tren-dien-rong-d814959.html,
05/06/2026,nongnghiepmoitruong.vn,Miền Bắc,Lào Cai,67000,,https://nongnghiepmoitruong.vn/gia-heo-hoi-hom-nay-5-6-2026-giam-tren-dien-rong-d814959.html,
05/06/2026,nongnghiepmoitruong.vn,Miền Bắc,Lạng Sơn,67000,-1000.0,https://nongnghiepmoitruong.vn/gia-heo-hoi-hom-nay-5-6-2026-giam-tren-dien-rong-d814959.html,
05/06/2026,nongnghiepmoitruong.vn,Miền Bắc,Ninh Bình,68000,,https://nongnghiepmoitruong.vn/gia-heo-hoi-hom-nay-5-6-2026-giam-tren-dien-rong-d814959.html,
05/06/2026,nongnghiepmoitruong.vn,Miền Bắc,Phú Thọ,68000,,https://nongnghiepmoitruong.vn/gia-heo-hoi-hom-nay-5-6-2026-giam-tren-dien-rong-d814959.html,
05/06/2026,nongnghiepmoitruong.vn,Miền Bắc,Quảng Ninh,67000,,https://nongnghiepmoitruong.vn/gia-heo-hoi-hom-nay-5-6-2026-giam-tren-dien-rong-d814959.html,
05/06/2026,nongnghiepmoitruong.vn,Miền Bắc,Sơn La,67000,,https://nongnghiepmoitruong.vn/gia-heo-hoi-hom-nay-5-6-2026-giam-tren-dien-rong-d814959.html,
05/06/2026,nongnghiepmoitruong.vn,Miền Bắc,Thái Nguyên,67000,,https://nongnghiepmoitruong.vn/gia-heo-hoi-hom-nay-5-6-2026-giam-tren-dien-rong-d814959.html,
05/06/2026,nongnghiepmoitruong.vn,Miền Bắc,Tuyên Quang,67000,,https://nongnghiepmoitruong.vn/gia-heo-hoi-hom-nay-5-6-2026-giam-tren-dien-rong-d814959.html,
05/06/2026,nongnghiepmoitruong.vn,Miền Bắc,Điện Biên,67000,,https://nongnghiepmoitruong.vn/gia-heo-hoi-hom-nay-5-6-2026-giam-tren-dien-rong-d814959.html,
05/06/2026,nongnghiepmoitruong.vn,Miền Nam,An Giang,66000,-1000.0,https://nongnghiepmoitruong.vn/gia-heo-hoi-hom-nay-5-6-2026-giam-tren-dien-rong-d814959.html,
05/06/2026,nongnghiepmoitruong.vn,Miền Nam,Cà Mau,66000,-1000.0,https://nongnghiepmoitruong.vn/gia-heo-hoi-hom-nay-5-6-2026-giam-tren-dien-rong-d814959.html,
05/06/2026,nongnghiepmoitruong.vn,Miền Nam,Cần Thơ,66000,-1000.0,https://nongnghiepmoitruong.vn/gia-heo-hoi-hom-nay-5-6-2026-giam-tren-dien-rong-d814959.html,
05/06/2026,nongnghiepmoitruong.vn,Miền Nam,TP HCM,67000,,https://nongnghiepmoitruong.vn/gia-heo-hoi-hom-nay-5-6-2026-giam-tren-dien-rong-d814959.html,
05/06/2026,nongnghiepmoitruong.vn,Miền Nam,Tây Ninh,66000,-1000.0,https://nongnghiepmoitruong.vn/gia-heo-hoi-hom-nay-5-6-2026-giam-tren-dien-rong-d814959.html,
05/06/2026,nongnghiepmoitruong.vn,Miền Nam,Vĩnh Long,66000,-1000.0,https://nongnghiepmoitruong.vn/gia-heo-hoi-hom-nay-5-6-2026-giam-tren-dien-rong-d814959.html,
05/06/2026,nongnghiepmoitruong.vn,Miền Nam,Đồng Nai,67000,,https://nongnghiepmoitruong.vn/gia-heo-hoi-hom-nay-5-6-2026-giam-tren-dien-rong-d814959.html,
05/06/2026,nongnghiepmoitruong.vn,Miền Nam,Đồng Tháp,66000,-1000.0,https://nongnghiepmoitruong.vn/gia-heo-hoi-hom-nay-5-6-2026-giam-tren-dien-rong-d814959.html,
05/06/2026,nongnghiepmoitruong.vn,Miền Trung - Tây Nguyên,Gia Lai,66000,,https://nongnghiepmoitruong.vn/gia-heo-hoi-hom-nay-5-6-2026-giam-tren-dien-rong-d814959.html,
05/06/2026,nongnghiepmoitruong.vn,Miền Trung - Tây Nguyên,Huế,66000,,https://nongnghiepmoitruong.vn/gia-heo-hoi-hom-nay-5-6-2026-giam-tren-dien-rong-d814959.html,
05/06/2026,nongnghiepmoitruong.vn,Miền Trung - Tây Nguyên,Hà Tĩnh,67000,,https://nongnghiepmoitruong.vn/gia-heo-hoi-hom-nay-5-6-2026-giam-tren-dien-rong-d814959.html,
05/06/2026,nongnghiepmoitruong.vn,Miền Trung - Tây Nguyên,Khánh Hoà,65000,-1000.0,https://nongnghiepmoitruong.vn/gia-heo-hoi-hom-nay-5-6-2026-giam-tren-dien-rong-d814959.html,
05/06/2026,nongnghiepmoitruong.vn,Miền Trung - Tây Nguyên,Lâm Đồng,66000,-1000.0,https://nongnghiepmoitruong.vn/gia-heo-hoi-hom-nay-5-6-2026-giam-tren-dien-rong-d814959.html,
05/06/2026,nongnghiepmoitruong.vn,Miền Trung - Tây Nguyên,Nghệ An,67000,,https://nongnghiepmoitruong.vn/gia-heo-hoi-hom-nay-5-6-2026-giam-tren-dien-rong-d814959.html,
05/06/2026,nongnghiepmoitruong.vn,Miền Trung - Tây Nguyên,Quảng Ngãi,66000,,https://nongnghiepmoitruong.vn/gia-heo-hoi-hom-nay-5-6-2026-giam-tren-dien-rong-d814959.html,
05/06/2026,nongnghiepmoitruong.vn,Miền Trung - Tây Nguyên,Quảng Trị,66000,,https://nongnghiepmoitruong.vn/gia-heo-hoi-hom-nay-5-6-2026-giam-tren-dien-rong-d814959.html,
05/06/2026,nongnghiepmoitruong.vn,Miền Trung - Tây Nguyên,Thanh Hoá,67000,-1000.0,https://nongnghiepmoitruong.vn/gia-heo-hoi-hom-nay-5-6-2026-giam-tren-dien-rong-d814959.html,
05/06/2026,nongnghiepmoitruong.vn,Miền Trung - Tây Nguyên,Đà Nẵng,65000,-1000.0,https://nongnghiepmoitruong.vn/gia-heo-hoi-hom-nay-5-6-2026-giam-tren-dien-rong-d814959.html,
05/06/2026,nongnghiepmoitruong.vn,Miền Trung - Tây Nguyên,Đắk Lắk,65000,-1000.0,https://nongnghiepmoitruong.vn/gia-heo-hoi-hom-nay-5-6-2026-giam-tren-dien-rong-d814959.html,
08/06/2026,nongnghiepmoitruong.vn,Miền Bắc,Bắc Ninh,68000,,https://nongnghiepmoitruong.vn/gia-heo-hoi-hom-nay-8-6-2026-giam-tai-mien-trung-mien-nam-d815308.html,
08/06/2026,nongnghiepmoitruong.vn,Miền Bắc,Cao Bằng,67000,,https://nongnghiepmoitruong.vn/gia-heo-hoi-hom-nay-8-6-2026-giam-tai-mien-trung-mien-nam-d815308.html,
08/06/2026,nongnghiepmoitruong.vn,Miền Bắc,Hà Nội,68000,,https://nongnghiepmoitruong.vn/gia-heo-hoi-hom-nay-8-6-2026-giam-tai-mien-trung-mien-nam-d815308.html,
08/06/2026,nongnghiepmoitruong.vn,Miền Bắc,Hưng Yên,68000,,https://nongnghiepmoitruong.vn/gia-heo-hoi-hom-nay-8-6-2026-giam-tai-mien-trung-mien-nam-d815308.html,
08/06/2026,nongnghiepmoitruong.vn,Miền Bắc,Hải Phòng,68000,,https://nongnghiepmoitruong.vn/gia-heo-hoi-hom-nay-8-6-2026-giam-tai-mien-trung-mien-nam-d815308.html,
08/06/2026,nongnghiepmoitruong.vn,Miền Bắc,Lai Châu,67000,,https://nongnghiepmoitruong.vn/gia-heo-hoi-hom-nay-8-6-2026-giam-tai-mien-trung-mien-nam-d815308.html,
08/06/2026,nongnghiepmoitruong.vn,Miền Bắc,Lào Cai,67000,,https://nongnghiepmoitruong.vn/gia-heo-hoi-hom-nay-8-6-2026-giam-tai-mien-trung-mien-nam-d815308.html,
08/06/2026,nongnghiepmoitruong.vn,Miền Bắc,Lạng Sơn,67000,,https://nongnghiepmoitruong.vn/gia-heo-hoi-hom-nay-8-6-2026-giam-tai-mien-trung-mien-nam-d815308.html,
08/06/2026,nongnghiepmoitruong.vn,Miền Bắc,Ninh Bình,68000,,https://nongnghiepmoitruong.vn/gia-heo-hoi-hom-nay-8-6-2026-giam-tai-mien-trung-mien-nam-d815308.html,
08/06/2026,nongnghiepmoitruong.vn,Miền Bắc,Phú Thọ,68000,,https://nongnghiepmoitruong.vn/gia-heo-hoi-hom-nay-8-6-2026-giam-tai-mien-trung-mien-nam-d815308.html,
08/06/2026,nongnghiepmoitruong.vn,Miền Bắc,Quảng Ninh,67000,,https://nongnghiepmoitruong.vn/gia-heo-hoi-hom-nay-8-6-2026-giam-tai-mien-trung-mien-nam-d815308.html,
08/06/2026,nongnghiepmoitruong.vn,Miền Bắc,Sơn La,67000,,https://nongnghiepmoitruong.vn/gia-heo-hoi-hom-nay-8-6-2026-giam-tai-mien-trung-mien-nam-d815308.html,
08/06/2026,nongnghiepmoitruong.vn,Miền Bắc,Thái Nguyên,67000,,https://nongnghiepmoitruong.vn/gia-heo-hoi-hom-nay-8-6-2026-giam-tai-mien-trung-mien-nam-d815308.html,
08/06/2026,nongnghiepmoitruong.vn,Miền Bắc,Tuyên Quang,67000,,https://nongnghiepmoitruong.vn/gia-heo-hoi-hom-nay-8-6-2026-giam-tai-mien-trung-mien-nam-d815308.html,
08/06/2026,nongnghiepmoitruong.vn,Miền Bắc,Điện Biên,67000,,https://nongnghiepmoitruong.vn/gia-heo-hoi-hom-nay-8-6-2026-giam-tai-mien-trung-mien-nam-d815308.html,
08/06/2026,nongnghiepmoitruong.vn,Miền Nam,An Giang,64000,,https://nongnghiepmoitruong.vn/gia-heo-hoi-hom-nay-8-6-2026-giam-tai-mien-trung-mien-nam-d815308.html,
08/06/2026,nongnghiepmoitruong.vn,Miền Nam,Cà Mau,64000,,https://nongnghiepmoitruong.vn/gia-heo-hoi-hom-nay-8-6-2026-giam-tai-mien-trung-mien-nam-d815308.html,
08/06/2026,nongnghiepmoitruong.vn,Miền Nam,Cần Thơ,64000,,https://nongnghiepmoitruong.vn/gia-heo-hoi-hom-nay-8-6-2026-giam-tai-mien-trung-mien-nam-d815308.html,
08/06/2026,nongnghiepmoitruong.vn,Miền Nam,TP HCM,65000,-1000.0,https://nongnghiepmoitruong.vn/gia-heo-hoi-hom-nay-8-6-2026-giam-tai-mien-trung-mien-nam-d815308.html,
08/06/2026,nongnghiepmoitruong.vn,Miền Nam,Tây Ninh,64000,-1000.0,https://nongnghiepmoitruong.vn/gia-heo-hoi-hom-nay-8-6-2026-giam-tai-mien-trung-mien-nam-d815308.html,
08/06/2026,nongnghiepmoitruong.vn,Miền Nam,Vĩnh Long,64000,-1000.0,https://nongnghiepmoitruong.vn/gia-heo-hoi-hom-nay-8-6-2026-giam-tai-mien-trung-mien-nam-d815308.html,
08/06/2026,nongnghiepmoitruong.vn,Miền Nam,Đồng Nai,65000,-1000.0,https://nongnghiepmoitruong.vn/gia-heo-hoi-hom-nay-8-6-2026-giam-tai-mien-trung-mien-nam-d815308.html,
08/06/2026,nongnghiepmoitruong.vn,Miền Nam,Đồng Tháp,64000,,https://nongnghiepmoitruong.vn/gia-heo-hoi-hom-nay-8-6-2026-giam-tai-mien-trung-mien-nam-d815308.html,
08/06/2026,nongnghiepmoitruong.vn,Miền Trung - Tây Nguyên,Gia Lai,64000,,https://nongnghiepmoitruong.vn/gia-heo-hoi-hom-nay-8-6-2026-giam-tai-mien-trung-mien-nam-d815308.html,
08/06/2026,nongnghiepmoitruong.vn,Miền Trung - Tây Nguyên,Huế,64000,,https://nongnghiepmoitruong.vn/gia-heo-hoi-hom-nay-8-6-2026-giam-tai-mien-trung-mien-nam-d815308.html,
08/06/2026,nongnghiepmoitruong.vn,Miền Trung - Tây Nguyên,Hà Tĩnh,67000,,https://nongnghiepmoitruong.vn/gia-heo-hoi-hom-nay-8-6-2026-giam-tai-mien-trung-mien-nam-d815308.html,
08/06/2026,nongnghiepmoitruong.vn,Miền Trung - Tây Nguyên,Khánh Hoà,64000,,https://nongnghiepmoitruong.vn/gia-heo-hoi-hom-nay-8-6-2026-giam-tai-mien-trung-mien-nam-d815308.html,
08/06/2026,nongnghiepmoitruong.vn,Miền Trung - Tây Nguyên,Lâm Đồng,64000,-1000.0,https://nongnghiepmoitruong.vn/gia-heo-hoi-hom-nay-8-6-2026-giam-tai-mien-trung-mien-nam-d815308.html,
08/06/2026,nongnghiepmoitruong.vn,Miền Trung - Tây Nguyên,Nghệ An,67000,,https://nongnghiepmoitruong.vn/gia-heo-hoi-hom-nay-8-6-2026-giam-tai-mien-trung-mien-nam-d815308.html,
08/06/2026,nongnghiepmoitruong.vn,Miền Trung - Tây Nguyên,Quảng Ngãi,64000,,https://nongnghiepmoitruong.vn/gia-heo-hoi-hom-nay-8-6-2026-giam-tai-mien-trung-mien-nam-d815308.html,
08/06/2026,nongnghiepmoitruong.vn,Miền Trung - Tây Nguyên,Quảng Trị,66000,,https://nongnghiepmoitruong.vn/gia-heo-hoi-hom-nay-8-6-2026-giam-tai-mien-trung-mien-nam-d815308.html,
08/06/2026,nongnghiepmoitruong.vn,Miền Trung - Tây Nguyên,Thanh Hoá,67000,,https://nongnghiepmoitruong.vn/gia-heo-hoi-hom-nay-8-6-2026-giam-tai-mien-trung-mien-nam-d815308.html,
08/06/2026,nongnghiepmoitruong.vn,Miền Trung - Tây Nguyên,Đà Nẵng,64000,,https://nongnghiepmoitruong.vn/gia-heo-hoi-hom-nay-8-6-2026-giam-tai-mien-trung-mien-nam-d815308.html,
08/06/2026,nongnghiepmoitruong.vn,Miền Trung - Tây Nguyên,Đắk Lắk,64000,,https://nongnghiepmoitruong.vn/gia-heo-hoi-hom-nay-8-6-2026-giam-tai-mien-trung-mien-nam-d815308.html,
09/06/2026,nongnghiepmoitruong.vn,Miền Bắc,Bắc Ninh,68000,,https://nongnghiepmoitruong.vn/gia-heo-hoi-hom-nay-9-6-2026-mien-nam-giam-o-nhieu-noi-d815497.html,
09/06/2026,nongnghiepmoitruong.vn,Miền Bắc,Cao Bằng,67000,,https://nongnghiepmoitruong.vn/gia-heo-hoi-hom-nay-9-6-2026-mien-nam-giam-o-nhieu-noi-d815497.html,
09/06/2026,nongnghiepmoitruong.vn,Miền Bắc,Hà Nội,68000,,https://nongnghiepmoitruong.vn/gia-heo-hoi-hom-nay-9-6-2026-mien-nam-giam-o-nhieu-noi-d815497.html,
09/06/2026,nongnghiepmoitruong.vn,Miền Bắc,Hưng Yên,68000,,https://nongnghiepmoitruong.vn/gia-heo-hoi-hom-nay-9-6-2026-mien-nam-giam-o-nhieu-noi-d815497.html,
09/06/2026,nongnghiepmoitruong.vn,Miền Bắc,Hải Phòng,68000,,https://nongnghiepmoitruong.vn/gia-heo-hoi-hom-nay-9-6-2026-mien-nam-giam-o-nhieu-noi-d815497.html,
09/06/2026,nongnghiepmoitruong.vn,Miền Bắc,Lai Châu,67000,,https://nongnghiepmoitruong.vn/gia-heo-hoi-hom-nay-9-6-2026-mien-nam-giam-o-nhieu-noi-d815497.html,
09/06/2026,nongnghiepmoitruong.vn,Miền Bắc,Lào Cai,67000,,https://nongnghiepmoitruong.vn/gia-heo-hoi-hom-nay-9-6-2026-mien-nam-giam-o-nhieu-noi-d815497.html,
09/06/2026,nongnghiepmoitruong.vn,Miền Bắc,Lạng Sơn,67000,,https://nongnghiepmoitruong.vn/gia-heo-hoi-hom-nay-9-6-2026-mien-nam-giam-o-nhieu-noi-d815497.html,
09/06/2026,nongnghiepmoitruong.vn,Miền Bắc,Ninh Bình,67000,-1000.0,https://nongnghiepmoitruong.vn/gia-heo-hoi-hom-nay-9-6-2026-mien-nam-giam-o-nhieu-noi-d815497.html,
09/06/2026,nongnghiepmoitruong.vn,Miền Bắc,Phú Thọ,68000,,https://nongnghiepmoitruong.vn/gia-heo-hoi-hom-nay-9-6-2026-mien-nam-giam-o-nhieu-noi-d815497.html,
09/06/2026,nongnghiepmoitruong.vn,Miền Bắc,Quảng Ninh,67000,,https://nongnghiepmoitruong.vn/gia-heo-hoi-hom-nay-9-6-2026-mien-nam-giam-o-nhieu-noi-d815497.html,
09/06/2026,nongnghiepmoitruong.vn,Miền Bắc,Sơn La,67000,,https://nongnghiepmoitruong.vn/gia-heo-hoi-hom-nay-9-6-2026-mien-nam-giam-o-nhieu-noi-d815497.html,
09/06/2026,nongnghiepmoitruong.vn,Miền Bắc,Thái Nguyên,67000,,https://nongnghiepmoitruong.vn/gia-heo-hoi-hom-nay-9-6-2026-mien-nam-giam-o-nhieu-noi-d815497.html,
09/06/2026,nongnghiepmoitruong.vn,Miền Bắc,Tuyên Quang,67000,,https://nongnghiepmoitruong.vn/gia-heo-hoi-hom-nay-9-6-2026-mien-nam-giam-o-nhieu-noi-d815497.html,
09/06/2026,nongnghiepmoitruong.vn,Miền Bắc,Điện Biên,67000,,https://nongnghiepmoitruong.vn/gia-heo-hoi-hom-nay-9-6-2026-mien-nam-giam-o-nhieu-noi-d815497.html,
09/06/2026,nongnghiepmoitruong.vn,Miền Nam,An Giang,63000,-1000.0,https://nongnghiepmoitruong.vn/gia-heo-hoi-hom-nay-9-6-2026-mien-nam-giam-o-nhieu-noi-d815497.html,
09/06/2026,nongnghiepmoitruong.vn,Miền Nam,Cà Mau,62000,-2000.0,https://nongnghiepmoitruong.vn/gia-heo-hoi-hom-nay-9-6-2026-mien-nam-giam-o-nhieu-noi-d815497.html,
09/06/2026,nongnghiepmoitruong.vn,Miền Nam,Cần Thơ,64000,,https://nongnghiepmoitruong.vn/gia-heo-hoi-hom-nay-9-6-2026-mien-nam-giam-o-nhieu-noi-d815497.html,
09/06/2026,nongnghiepmoitruong.vn,Miền Nam,TP HCM,65000,,https://nongnghiepmoitruong.vn/gia-heo-hoi-hom-nay-9-6-2026-mien-nam-giam-o-nhieu-noi-d815497.html,
09/06/2026,nongnghiepmoitruong.vn,Miền Nam,Tây Ninh,64000,,https://nongnghiepmoitruong.vn/gia-heo-hoi-hom-nay-9-6-2026-mien-nam-giam-o-nhieu-noi-d815497.html,
09/06/2026,nongnghiepmoitruong.vn,Miền Nam,Vĩnh Long,63000,-1000.0,https://nongnghiepmoitruong.vn/gia-heo-hoi-hom-nay-9-6-2026-mien-nam-giam-o-nhieu-noi-d815497.html,
09/06/2026,nongnghiepmoitruong.vn,Miền Nam,Đồng Nai,65000,,https://nongnghiepmoitruong.vn/gia-heo-hoi-hom-nay-9-6-2026-mien-nam-giam-o-nhieu-noi-d815497.html,
09/06/2026,nongnghiepmoitruong.vn,Miền Nam,Đồng Tháp,63000,-1000.0,https://nongnghiepmoitruong.vn/gia-heo-hoi-hom-nay-9-6-2026-mien-nam-giam-o-nhieu-noi-d815497.html,
09/06/2026,nongnghiepmoitruong.vn,Miền Trung - Tây Nguyên,Gia Lai,64000,,https://nongnghiepmoitruong.vn/gia-heo-hoi-hom-nay-9-6-2026-mien-nam-giam-o-nhieu-noi-d815497.html,
09/06/2026,nongnghiepmoitruong.vn,Miền Trung - Tây Nguyên,Huế,64000,,https://nongnghiepmoitruong.vn/gia-heo-hoi-hom-nay-9-6-2026-mien-nam-giam-o-nhieu-noi-d815497.html,
09/06/2026,nongnghiepmoitruong.vn,Miền Trung - Tây Nguyên,Hà Tĩnh,67000,,https://nongnghiepmoitruong.vn/gia-heo-hoi-hom-nay-9-6-2026-mien-nam-giam-o-nhieu-noi-d815497.html,
09/06/2026,nongnghiepmoitruong.vn,Miền Trung - Tây Nguyên,Khánh Hoà,64000,,https://nongnghiepmoitruong.vn/gia-heo-hoi-hom-nay-9-6-2026-mien-nam-giam-o-nhieu-noi-d815497.html,
09/06/2026,nongnghiepmoitruong.vn,Miền Trung - Tây Nguyên,Lâm Đồng,64000,-1000.0,https://nongnghiepmoitruong.vn/gia-heo-hoi-hom-nay-9-6-2026-mien-nam-giam-o-nhieu-noi-d815497.html,
09/06/2026,nongnghiepmoitruong.vn,Miền Trung - Tây Nguyên,Nghệ An,67000,,https://nongnghiepmoitruong.vn/gia-heo-hoi-hom-nay-9-6-2026-mien-nam-giam-o-nhieu-noi-d815497.html,
09/06/2026,nongnghiepmoitruong.vn,Miền Trung - Tây Nguyên,Quảng Ngãi,64000,,https://nongnghiepmoitruong.vn/gia-heo-hoi-hom-nay-9-6-2026-mien-nam-giam-o-nhieu-noi-d815497.html,
09/06/2026,nongnghiepmoitruong.vn,Miền Trung - Tây Nguyên,Quảng Trị,66000,,https://nongnghiepmoitruong.vn/gia-heo-hoi-hom-nay-9-6-2026-mien-nam-giam-o-nhieu-noi-d815497.html,
09/06/2026,nongnghiepmoitruong.vn,Miền Trung - Tây Nguyên,Thanh Hoá,67000,,https://nongnghiepmoitruong.vn/gia-heo-hoi-hom-nay-9-6-2026-mien-nam-giam-o-nhieu-noi-d815497.html,
09/06/2026,nongnghiepmoitruong.vn,Miền Trung - Tây Nguyên,Đà Nẵng,64000,,https://nongnghiepmoitruong.vn/gia-heo-hoi-hom-nay-9-6-2026-mien-nam-giam-o-nhieu-noi-d815497.html,
09/06/2026,nongnghiepmoitruong.vn,Miền Trung - Tây Nguyên,Đắk Lắk,64000,,https://nongnghiepmoitruong.vn/gia-heo-hoi-hom-nay-9-6-2026-mien-nam-giam-o-nhieu-noi-d815497.html,
10/06/2026,nongnghiepmoitruong.vn,Miền Bắc,Bắc Ninh,68000,,https://nongnghiepmoitruong.vn/gia-heo-hoi-hom-nay-10-6-2026-tiep-tuc-giam-o-nhieu-noi-d815682.html,
10/06/2026,nongnghiepmoitruong.vn,Miền Bắc,Cao Bằng,67000,,https://nongnghiepmoitruong.vn/gia-heo-hoi-hom-nay-10-6-2026-tiep-tuc-giam-o-nhieu-noi-d815682.html,
10/06/2026,nongnghiepmoitruong.vn,Miền Bắc,Hà Nội,68000,,https://nongnghiepmoitruong.vn/gia-heo-hoi-hom-nay-10-6-2026-tiep-tuc-giam-o-nhieu-noi-d815682.html,
10/06/2026,nongnghiepmoitruong.vn,Miền Bắc,Hưng Yên,68000,,https://nongnghiepmoitruong.vn/gia-heo-hoi-hom-nay-10-6-2026-tiep-tuc-giam-o-nhieu-noi-d815682.html,
10/06/2026,nongnghiepmoitruong.vn,Miền Bắc,Hải Phòng,68000,,https://nongnghiepmoitruong.vn/gia-heo-hoi-hom-nay-10-6-2026-tiep-tuc-giam-o-nhieu-noi-d815682.html,
10/06/2026,nongnghiepmoitruong.vn,Miền Bắc,Lai Châu,67000,,https://nongnghiepmoitruong.vn/gia-heo-hoi-hom-nay-10-6-2026-tiep-tuc-giam-o-nhieu-noi-d815682.html,
10/06/2026,nongnghiepmoitruong.vn,Miền Bắc,Lào Cai,67000,,https://nongnghiepmoitruong.vn/gia-heo-hoi-hom-nay-10-6-2026-tiep-tuc-giam-o-nhieu-noi-d815682.html,
10/06/2026,nongnghiepmoitruong.vn,Miền Bắc,Lạng Sơn,67000,,https://nongnghiepmoitruong.vn/gia-heo-hoi-hom-nay-10-6-2026-tiep-tuc-giam-o-nhieu-noi-d815682.html,
10/06/2026,nongnghiepmoitruong.vn,Miền Bắc,Ninh Bình,67000,,https://nongnghiepmoitruong.vn/gia-heo-hoi-hom-nay-10-6-2026-tiep-tuc-giam-o-nhieu-noi-d815682.html,
10/06/2026,nongnghiepmoitruong.vn,Miền Bắc,Phú Thọ,68000,,https://nongnghiepmoitruong.vn/gia-heo-hoi-hom-nay-10-6-2026-tiep-tuc-giam-o-nhieu-noi-d815682.html,
10/06/2026,nongnghiepmoitruong.vn,Miền Bắc,Quảng Ninh,67000,,https://nongnghiepmoitruong.vn/gia-heo-hoi-hom-nay-10-6-2026-tiep-tuc-giam-o-nhieu-noi-d815682.html,
10/06/2026,nongnghiepmoitruong.vn,Miền Bắc,Sơn La,67000,,https://nongnghiepmoitruong.vn/gia-heo-hoi-hom-nay-10-6-2026-tiep-tuc-giam-o-nhieu-noi-d815682.html,
10/06/2026,nongnghiepmoitruong.vn,Miền Bắc,Thái Nguyên,67000,,https://nongnghiepmoitruong.vn/gia-heo-hoi-hom-nay-10-6-2026-tiep-tuc-giam-o-nhieu-noi-d815682.html,
10/06/2026,nongnghiepmoitruong.vn,Miền Bắc,Tuyên Quang,67000,,https://nongnghiepmoitruong.vn/gia-heo-hoi-hom-nay-10-6-2026-tiep-tuc-giam-o-nhieu-noi-d815682.html,
10/06/2026,nongnghiepmoitruong.vn,Miền Bắc,Điện Biên,67000,,https://nongnghiepmoitruong.vn/gia-heo-hoi-hom-nay-10-6-2026-tiep-tuc-giam-o-nhieu-noi-d815682.html,
10/06/2026,nongnghiepmoitruong.vn,Miền Nam,An Giang,63000,,https://nongnghiepmoitruong.vn/gia-heo-hoi-hom-nay-10-6-2026-tiep-tuc-giam-o-nhieu-noi-d815682.html,
10/06/2026,nongnghiepmoitruong.vn,Miền Nam,Cà Mau,62000,,https://nongnghiepmoitruong.vn/gia-heo-hoi-hom-nay-10-6-2026-tiep-tuc-giam-o-nhieu-noi-d815682.html,
10/06/2026,nongnghiepmoitruong.vn,Miền Nam,Cần Thơ,64000,,https://nongnghiepmoitruong.vn/gia-heo-hoi-hom-nay-10-6-2026-tiep-tuc-giam-o-nhieu-noi-d815682.html,
10/06/2026,nongnghiepmoitruong.vn,Miền Nam,TP HCM,64000,-1000.0,https://nongnghiepmoitruong.vn/gia-heo-hoi-hom-nay-10-6-2026-tiep-tuc-giam-o-nhieu-noi-d815682.html,
10/06/2026,nongnghiepmoitruong.vn,Miền Nam,Tây Ninh,64000,,https://nongnghiepmoitruong.vn/gia-heo-hoi-hom-nay-10-6-2026-tiep-tuc-giam-o-nhieu-noi-d815682.html,
10/06/2026,nongnghiepmoitruong.vn,Miền Nam,Vĩnh Long,63000,,https://nongnghiepmoitruong.vn/gia-heo-hoi-hom-nay-10-6-2026-tiep-tuc-giam-o-nhieu-noi-d815682.html,
10/06/2026,nongnghiepmoitruong.vn,Miền Nam,Đồng Nai,65000,,https://nongnghiepmoitruong.vn/gia-heo-hoi-hom-nay-10-6-2026-tiep-tuc-giam-o-nhieu-noi-d815682.html,
10/06/2026,nongnghiepmoitruong.vn,Miền Nam,Đồng Tháp,63000,,https://nongnghiepmoitruong.vn/gia-heo-hoi-hom-nay-10-6-2026-tiep-tuc-giam-o-nhieu-noi-d815682.html,
10/06/2026,nongnghiepmoitruong.vn,Miền Trung - Tây Nguyên,Gia Lai,64000,,https://nongnghiepmoitruong.vn/gia-heo-hoi-hom-nay-10-6-2026-tiep-tuc-giam-o-nhieu-noi-d815682.html,
10/06/2026,nongnghiepmoitruong.vn,Miền Trung - Tây Nguyên,Huế,64000,,https://nongnghiepmoitruong.vn/gia-heo-hoi-hom-nay-10-6-2026-tiep-tuc-giam-o-nhieu-noi-d815682.html,
10/06/2026,nongnghiepmoitruong.vn,Miền Trung - Tây Nguyên,Hà Tĩnh,67000,,https://nongnghiepmoitruong.vn/gia-heo-hoi-hom-nay-10-6-2026-tiep-tuc-giam-o-nhieu-noi-d815682.html,
10/06/2026,nongnghiepmoitruong.vn,Miền Trung - Tây Nguyên,Khánh Hoà,63000,-1000.0,https://nongnghiepmoitruong.vn/gia-heo-hoi-hom-nay-10-6-2026-tiep-tuc-giam-o-nhieu-noi-d815682.html,
10/06/2026,nongnghiepmoitruong.vn,Miền Trung - Tây Nguyên,Lâm Đồng,64000,,https://nongnghiepmoitruong.vn/gia-heo-hoi-hom-nay-10-6-2026-tiep-tuc-giam-o-nhieu-noi-d815682.html,
10/06/2026,nongnghiepmoitruong.vn,Miền Trung - Tây Nguyên,Nghệ An,67000,,https://nongnghiepmoitruong.vn/gia-heo-hoi-hom-nay-10-6-2026-tiep-tuc-giam-o-nhieu-noi-d815682.html,
10/06/2026,nongnghiepmoitruong.vn,Miền Trung - Tây Nguyên,Quảng Ngãi,64000,,https://nongnghiepmoitruong.vn/gia-heo-hoi-hom-nay-10-6-2026-tiep-tuc-giam-o-nhieu-noi-d815682.html,
10/06/2026,nongnghiepmoitruong.vn,Miền Trung - Tây Nguyên,Quảng Trị,66000,,https://nongnghiepmoitruong.vn/gia-heo-hoi-hom-nay-10-6-2026-tiep-tuc-giam-o-nhieu-noi-d815682.html,
10/06/2026,nongnghiepmoitruong.vn,Miền Trung - Tây Nguyên,Thanh Hoá,67000,,https://nongnghiepmoitruong.vn/gia-heo-hoi-hom-nay-10-6-2026-tiep-tuc-giam-o-nhieu-noi-d815682.html,
10/06/2026,nongnghiepmoitruong.vn,Miền Trung - Tây Nguyên,Đà Nẵng,64000,,https://nongnghiepmoitruong.vn/gia-heo-hoi-hom-nay-10-6-2026-tiep-tuc-giam-o-nhieu-noi-d815682.html,
10/06/2026,nongnghiepmoitruong.vn,Miền Trung - Tây Nguyên,Đắk Lắk,63000,-1000.0,https://nongnghiepmoitruong.vn/gia-heo-hoi-hom-nay-10-6-2026-tiep-tuc-giam-o-nhieu-noi-d815682.html,
11/06/2026,nongnghiepmoitruong.vn,Miền Bắc,Bắc Ninh,68000,,https://nongnghiepmoitruong.vn/gia-heo-hoi-hom-nay-11-6-2026-tiep-tuc-xu-huong-giam-d815859.html,
11/06/2026,nongnghiepmoitruong.vn,Miền Bắc,Cao Bằng,67000,,https://nongnghiepmoitruong.vn/gia-heo-hoi-hom-nay-11-6-2026-tiep-tuc-xu-huong-giam-d815859.html,
11/06/2026,nongnghiepmoitruong.vn,Miền Bắc,Hà Nội,68000,,https://nongnghiepmoitruong.vn/gia-heo-hoi-hom-nay-11-6-2026-tiep-tuc-xu-huong-giam-d815859.html,
11/06/2026,nongnghiepmoitruong.vn,Miền Bắc,Hưng Yên,68000,,https://nongnghiepmoitruong.vn/gia-heo-hoi-hom-nay-11-6-2026-tiep-tuc-xu-huong-giam-d815859.html,
11/06/2026,nongnghiepmoitruong.vn,Miền Bắc,Hải Phòng,68000,,https://nongnghiepmoitruong.vn/gia-heo-hoi-hom-nay-11-6-2026-tiep-tuc-xu-huong-giam-d815859.html,
11/06/2026,nongnghiepmoitruong.vn,Miền Bắc,Lai Châu,67000,,https://nongnghiepmoitruong.vn/gia-heo-hoi-hom-nay-11-6-2026-tiep-tuc-xu-huong-giam-d815859.html,
11/06/2026,nongnghiepmoitruong.vn,Miền Bắc,Lào Cai,67000,,https://nongnghiepmoitruong.vn/gia-heo-hoi-hom-nay-11-6-2026-tiep-tuc-xu-huong-giam-d815859.html,
11/06/2026,nongnghiepmoitruong.vn,Miền Bắc,Lạng Sơn,67000,,https://nongnghiepmoitruong.vn/gia-heo-hoi-hom-nay-11-6-2026-tiep-tuc-xu-huong-giam-d815859.html,
11/06/2026,nongnghiepmoitruong.vn,Miền Bắc,Ninh Bình,67000,,https://nongnghiepmoitruong.vn/gia-heo-hoi-hom-nay-11-6-2026-tiep-tuc-xu-huong-giam-d815859.html,
11/06/2026,nongnghiepmoitruong.vn,Miền Bắc,Phú Thọ,68000,,https://nongnghiepmoitruong.vn/gia-heo-hoi-hom-nay-11-6-2026-tiep-tuc-xu-huong-giam-d815859.html,
11/06/2026,nongnghiepmoitruong.vn,Miền Bắc,Quảng Ninh,67000,,https://nongnghiepmoitruong.vn/gia-heo-hoi-hom-nay-11-6-2026-tiep-tuc-xu-huong-giam-d815859.html,
11/06/2026,nongnghiepmoitruong.vn,Miền Bắc,Sơn La,67000,,https://nongnghiepmoitruong.vn/gia-heo-hoi-hom-nay-11-6-2026-tiep-tuc-xu-huong-giam-d815859.html,
11/06/2026,nongnghiepmoitruong.vn,Miền Bắc,Thái Nguyên,67000,,https://nongnghiepmoitruong.vn/gia-heo-hoi-hom-nay-11-6-2026-tiep-tuc-xu-huong-giam-d815859.html,
11/06/2026,nongnghiepmoitruong.vn,Miền Bắc,Tuyên Quang,67000,,https://nongnghiepmoitruong.vn/gia-heo-hoi-hom-nay-11-6-2026-tiep-tuc-xu-huong-giam-d815859.html,
11/06/2026,nongnghiepmoitruong.vn,Miền Bắc,Điện Biên,67000,,https://nongnghiepmoitruong.vn/gia-heo-hoi-hom-nay-11-6-2026-tiep-tuc-xu-huong-giam-d815859.html,
11/06/2026,nongnghiepmoitruong.vn,Miền Nam,An Giang,63000,,https://nongnghiepmoitruong.vn/gia-heo-hoi-hom-nay-11-6-2026-tiep-tuc-xu-huong-giam-d815859.html,
11/06/2026,nongnghiepmoitruong.vn,Miền Nam,Cà Mau,62000,,https://nongnghiepmoitruong.vn/gia-heo-hoi-hom-nay-11-6-2026-tiep-tuc-xu-huong-giam-d815859.html,
11/06/2026,nongnghiepmoitruong.vn,Miền Nam,Cần Thơ,64000,,https://nongnghiepmoitruong.vn/gia-heo-hoi-hom-nay-11-6-2026-tiep-tuc-xu-huong-giam-d815859.html,
11/06/2026,nongnghiepmoitruong.vn,Miền Nam,TP HCM,64000,-1000.0,https://nongnghiepmoitruong.vn/gia-heo-hoi-hom-nay-11-6-2026-tiep-tuc-xu-huong-giam-d815859.html,
11/06/2026,nongnghiepmoitruong.vn,Miền Nam,Tây Ninh,64000,,https://nongnghiepmoitruong.vn/gia-heo-hoi-hom-nay-11-6-2026-tiep-tuc-xu-huong-giam-d815859.html,
11/06/2026,nongnghiepmoitruong.vn,Miền Nam,Vĩnh Long,63000,,https://nongnghiepmoitruong.vn/gia-heo-hoi-hom-nay-11-6-2026-tiep-tuc-xu-huong-giam-d815859.html,
11/06/2026,nongnghiepmoitruong.vn,Miền Nam,Đồng Nai,64000,-1000.0,https://nongnghiepmoitruong.vn/gia-heo-hoi-hom-nay-11-6-2026-tiep-tuc-xu-huong-giam-d815859.html,
11/06/2026,nongnghiepmoitruong.vn,Miền Nam,Đồng Tháp,63000,,https://nongnghiepmoitruong.vn/gia-heo-hoi-hom-nay-11-6-2026-tiep-tuc-xu-huong-giam-d815859.html,
11/06/2026,nongnghiepmoitruong.vn,Miền Trung - Tây Nguyên,Gia Lai,64000,,https://nongnghiepmoitruong.vn/gia-heo-hoi-hom-nay-11-6-2026-tiep-tuc-xu-huong-giam-d815859.html,
11/06/2026,nongnghiepmoitruong.vn,Miền Trung - Tây Nguyên,Huế,64000,,https://nongnghiepmoitruong.vn/gia-heo-hoi-hom-nay-11-6-2026-tiep-tuc-xu-huong-giam-d815859.html,
11/06/2026,nongnghiepmoitruong.vn,Miền Trung - Tây Nguyên,Hà Tĩnh,67000,,https://nongnghiepmoitruong.vn/gia-heo-hoi-hom-nay-11-6-2026-tiep-tuc-xu-huong-giam-d815859.html,
11/06/2026,nongnghiepmoitruong.vn,Miền Trung - Tây Nguyên,Khánh Hoà,63000,-1000.0,https://nongnghiepmoitruong.vn/gia-heo-hoi-hom-nay-11-6-2026-tiep-tuc-xu-huong-giam-d815859.html,
11/06/2026,nongnghiepmoitruong.vn,Miền Trung - Tây Nguyên,Lâm Đồng,64000,,https://nongnghiepmoitruong.vn/gia-heo-hoi-hom-nay-11-6-2026-tiep-tuc-xu-huong-giam-d815859.html,
11/06/2026,nongnghiepmoitruong.vn,Miền Trung - Tây Nguyên,Nghệ An,67000,,https://nongnghiepmoitruong.vn/gia-heo-hoi-hom-nay-11-6-2026-tiep-tuc-xu-huong-giam-d815859.html,
11/06/2026,nongnghiepmoitruong.vn,Miền Trung - Tây Nguyên,Quảng Ngãi,64000,,https://nongnghiepmoitruong.vn/gia-heo-hoi-hom-nay-11-6-2026-tiep-tuc-xu-huong-giam-d815859.html,
11/06/2026,nongnghiepmoitruong.vn,Miền Trung - Tây Nguyên,Quảng Trị,66000,,https://nongnghiepmoitruong.vn/gia-heo-hoi-hom-nay-11-6-2026-tiep-tuc-xu-huong-giam-d815859.html,
11/06/2026,nongnghiepmoitruong.vn,Miền Trung - Tây Nguyên,Thanh Hoá,67000,,https://nongnghiepmoitruong.vn/gia-heo-hoi-hom-nay-11-6-2026-tiep-tuc-xu-huong-giam-d815859.html,
11/06/2026,nongnghiepmoitruong.vn,Miền Trung - Tây Nguyên,Đà Nẵng,64000,,https://nongnghiepmoitruong.vn/gia-heo-hoi-hom-nay-11-6-2026-tiep-tuc-xu-huong-giam-d815859.html,
11/06/2026,nongnghiepmoitruong.vn,Miền Trung - Tây Nguyên,Đắk Lắk,63000,-1000.0,https://nongnghiepmoitruong.vn/gia-heo-hoi-hom-nay-11-6-2026-tiep-tuc-xu-huong-giam-d815859.html,
12/06/2026,nongnghiepmoitruong.vn,Miền Bắc,Bắc Ninh,68000,,https://nongnghiepmoitruong.vn/gia-heo-hoi-hom-nay-12-6-2026-tiep-tuc-lang-song-d816044.html,
12/06/2026,nongnghiepmoitruong.vn,Miền Bắc,Cao Bằng,67000,,https://nongnghiepmoitruong.vn/gia-heo-hoi-hom-nay-12-6-2026-tiep-tuc-lang-song-d816044.html,
12/06/2026,nongnghiepmoitruong.vn,Miền Bắc,Hà Nội,68000,,https://nongnghiepmoitruong.vn/gia-heo-hoi-hom-nay-12-6-2026-tiep-tuc-lang-song-d816044.html,
12/06/2026,nongnghiepmoitruong.vn,Miền Bắc,Hưng Yên,68000,,https://nongnghiepmoitruong.vn/gia-heo-hoi-hom-nay-12-6-2026-tiep-tuc-lang-song-d816044.html,
12/06/2026,nongnghiepmoitruong.vn,Miền Bắc,Hải Phòng,68000,,https://nongnghiepmoitruong.vn/gia-heo-hoi-hom-nay-12-6-2026-tiep-tuc-lang-song-d816044.html,
12/06/2026,nongnghiepmoitruong.vn,Miền Bắc,Lai Châu,67000,,https://nongnghiepmoitruong.vn/gia-heo-hoi-hom-nay-12-6-2026-tiep-tuc-lang-song-d816044.html,
12/06/2026,nongnghiepmoitruong.vn,Miền Bắc,Lào Cai,67000,,https://nongnghiepmoitruong.vn/gia-heo-hoi-hom-nay-12-6-2026-tiep-tuc-lang-song-d816044.html,
12/06/2026,nongnghiepmoitruong.vn,Miền Bắc,Lạng Sơn,67000,,https://nongnghiepmoitruong.vn/gia-heo-hoi-hom-nay-12-6-2026-tiep-tuc-lang-song-d816044.html,
12/06/2026,nongnghiepmoitruong.vn,Miền Bắc,Ninh Bình,67000,,https://nongnghiepmoitruong.vn/gia-heo-hoi-hom-nay-12-6-2026-tiep-tuc-lang-song-d816044.html,
12/06/2026,nongnghiepmoitruong.vn,Miền Bắc,Phú Thọ,68000,,https://nongnghiepmoitruong.vn/gia-heo-hoi-hom-nay-12-6-2026-tiep-tuc-lang-song-d816044.html,
12/06/2026,nongnghiepmoitruong.vn,Miền Bắc,Quảng Ninh,67000,,https://nongnghiepmoitruong.vn/gia-heo-hoi-hom-nay-12-6-2026-tiep-tuc-lang-song-d816044.html,
12/06/2026,nongnghiepmoitruong.vn,Miền Bắc,Sơn La,67000,,https://nongnghiepmoitruong.vn/gia-heo-hoi-hom-nay-12-6-2026-tiep-tuc-lang-song-d816044.html,
12/06/2026,nongnghiepmoitruong.vn,Miền Bắc,Thái Nguyên,67000,,https://nongnghiepmoitruong.vn/gia-heo-hoi-hom-nay-12-6-2026-tiep-tuc-lang-song-d816044.html,
12/06/2026,nongnghiepmoitruong.vn,Miền Bắc,Tuyên Quang,67000,,https://nongnghiepmoitruong.vn/gia-heo-hoi-hom-nay-12-6-2026-tiep-tuc-lang-song-d816044.html,
12/06/2026,nongnghiepmoitruong.vn,Miền Bắc,Điện Biên,67000,,https://nongnghiepmoitruong.vn/gia-heo-hoi-hom-nay-12-6-2026-tiep-tuc-lang-song-d816044.html,
12/06/2026,nongnghiepmoitruong.vn,Miền Nam,An Giang,63000,0.0,https://nongnghiepmoitruong.vn/gia-heo-hoi-hom-nay-12-6-2026-tiep-tuc-lang-song-d816044.html,
12/06/2026,nongnghiepmoitruong.vn,Miền Nam,Cà Mau,62000,0.0,https://nongnghiepmoitruong.vn/gia-heo-hoi-hom-nay-12-6-2026-tiep-tuc-lang-song-d816044.html,
12/06/2026,nongnghiepmoitruong.vn,Miền Nam,Cần Thơ,64000,0.0,https://nongnghiepmoitruong.vn/gia-heo-hoi-hom-nay-12-6-2026-tiep-tuc-lang-song-d816044.html,
12/06/2026,nongnghiepmoitruong.vn,Miền Nam,TP HCM,64000,0.0,https://nongnghiepmoitruong.vn/gia-heo-hoi-hom-nay-12-6-2026-tiep-tuc-lang-song-d816044.html,
12/06/2026,nongnghiepmoitruong.vn,Miền Nam,Tây Ninh,64000,0.0,https://nongnghiepmoitruong.vn/gia-heo-hoi-hom-nay-12-6-2026-tiep-tuc-lang-song-d816044.html,
12/06/2026,nongnghiepmoitruong.vn,Miền Nam,Vĩnh Long,63000,0.0,https://nongnghiepmoitruong.vn/gia-heo-hoi-hom-nay-12-6-2026-tiep-tuc-lang-song-d816044.html,
12/06/2026,nongnghiepmoitruong.vn,Miền Nam,Đồng Nai,64000,0.0,https://nongnghiepmoitruong.vn/gia-heo-hoi-hom-nay-12-6-2026-tiep-tuc-lang-song-d816044.html,
12/06/2026,nongnghiepmoitruong.vn,Miền Nam,Đồng Tháp,63000,0.0,https://nongnghiepmoitruong.vn/gia-heo-hoi-hom-nay-12-6-2026-tiep-tuc-lang-song-d816044.html,
12/06/2026,nongnghiepmoitruong.vn,Miền Trung - Tây Nguyên,Gia Lai,64000,,https://nongnghiepmoitruong.vn/gia-heo-hoi-hom-nay-12-6-2026-tiep-tuc-lang-song-d816044.html,
12/06/2026,nongnghiepmoitruong.vn,Miền Trung - Tây Nguyên,Huế,64000,,https://nongnghiepmoitruong.vn/gia-heo-hoi-hom-nay-12-6-2026-tiep-tuc-lang-song-d816044.html,
12/06/2026,nongnghiepmoitruong.vn,Miền Trung - Tây Nguyên,Hà Tĩnh,67000,,https://nongnghiepmoitruong.vn/gia-heo-hoi-hom-nay-12-6-2026-tiep-tuc-lang-song-d816044.html,
12/06/2026,nongnghiepmoitruong.vn,Miền Trung - Tây Nguyên,Khánh Hoà,63000,,https://nongnghiepmoitruong.vn/gia-heo-hoi-hom-nay-12-6-2026-tiep-tuc-lang-song-d816044.html,
12/06/2026,nongnghiepmoitruong.vn,Miền Trung - Tây Nguyên,Lâm Đồng,64000,,https://nongnghiepmoitruong.vn/gia-heo-hoi-hom-nay-12-6-2026-tiep-tuc-lang-song-d816044.html,
12/06/2026,nongnghiepmoitruong.vn,Miền Trung - Tây Nguyên,Nghệ An,67000,,https://nongnghiepmoitruong.vn/gia-heo-hoi-hom-nay-12-6-2026-tiep-tuc-lang-song-d816044.html,
12/06/2026,nongnghiepmoitruong.vn,Miền Trung - Tây Nguyên,Quảng Ngãi,64000,,https://nongnghiepmoitruong.vn/gia-heo-hoi-hom-nay-12-6-2026-tiep-tuc-lang-song-d816044.html,
12/06/2026,nongnghiepmoitruong.vn,Miền Trung - Tây Nguyên,Quảng Trị,66000,,https://nongnghiepmoitruong.vn/gia-heo-hoi-hom-nay-12-6-2026-tiep-tuc-lang-song-d816044.html,
12/06/2026,nongnghiepmoitruong.vn,Miền Trung - Tây Nguyên,Thanh Hoá,67000,,https://nongnghiepmoitruong.vn/gia-heo-hoi-hom-nay-12-6-2026-tiep-tuc-lang-song-d816044.html,
12/06/2026,nongnghiepmoitruong.vn,Miền Trung - Tây Nguyên,Đà Nẵng,64000,,https://nongnghiepmoitruong.vn/gia-heo-hoi-hom-nay-12-6-2026-tiep-tuc-lang-song-d816044.html,
12/06/2026,nongnghiepmoitruong.vn,Miền Trung - Tây Nguyên,Đắk Lắk,63000,,https://nongnghiepmoitruong.vn/gia-heo-hoi-hom-nay-12-6-2026-tiep-tuc-lang-song-d816044.html,
13/06/2026,nongnghiepmoitruong.vn,Miền Bắc,Bắc Ninh,68000,,https://nongnghiepmoitruong.vn/gia-heo-hoi-hom-nay-13-6-2026-giam-tai-mien-trung-d816195.html,
13/06/2026,nongnghiepmoitruong.vn,Miền Bắc,Cao Bằng,67000,,https://nongnghiepmoitruong.vn/gia-heo-hoi-hom-nay-13-6-2026-giam-tai-mien-trung-d816195.html,
13/06/2026,nongnghiepmoitruong.vn,Miền Bắc,Hà Nội,68000,,https://nongnghiepmoitruong.vn/gia-heo-hoi-hom-nay-13-6-2026-giam-tai-mien-trung-d816195.html,
13/06/2026,nongnghiepmoitruong.vn,Miền Bắc,Hưng Yên,68000,,https://nongnghiepmoitruong.vn/gia-heo-hoi-hom-nay-13-6-2026-giam-tai-mien-trung-d816195.html,
13/06/2026,nongnghiepmoitruong.vn,Miền Bắc,Hải Phòng,68000,,https://nongnghiepmoitruong.vn/gia-heo-hoi-hom-nay-13-6-2026-giam-tai-mien-trung-d816195.html,
13/06/2026,nongnghiepmoitruong.vn,Miền Bắc,Lai Châu,67000,,https://nongnghiepmoitruong.vn/gia-heo-hoi-hom-nay-13-6-2026-giam-tai-mien-trung-d816195.html,
13/06/2026,nongnghiepmoitruong.vn,Miền Bắc,Lào Cai,67000,,https://nongnghiepmoitruong.vn/gia-heo-hoi-hom-nay-13-6-2026-giam-tai-mien-trung-d816195.html,
13/06/2026,nongnghiepmoitruong.vn,Miền Bắc,Lạng Sơn,67000,,https://nongnghiepmoitruong.vn/gia-heo-hoi-hom-nay-13-6-2026-giam-tai-mien-trung-d816195.html,
13/06/2026,nongnghiepmoitruong.vn,Miền Bắc,Ninh Bình,67000,,https://nongnghiepmoitruong.vn/gia-heo-hoi-hom-nay-13-6-2026-giam-tai-mien-trung-d816195.html,
13/06/2026,nongnghiepmoitruong.vn,Miền Bắc,Phú Thọ,68000,,https://nongnghiepmoitruong.vn/gia-heo-hoi-hom-nay-13-6-2026-giam-tai-mien-trung-d816195.html,
13/06/2026,nongnghiepmoitruong.vn,Miền Bắc,Quảng Ninh,67000,,https://nongnghiepmoitruong.vn/gia-heo-hoi-hom-nay-13-6-2026-giam-tai-mien-trung-d816195.html,
13/06/2026,nongnghiepmoitruong.vn,Miền Bắc,Sơn La,67000,,https://nongnghiepmoitruong.vn/gia-heo-hoi-hom-nay-13-6-2026-giam-tai-mien-trung-d816195.html,
13/06/2026,nongnghiepmoitruong.vn,Miền Bắc,Thái Nguyên,67000,,https://nongnghiepmoitruong.vn/gia-heo-hoi-hom-nay-13-6-2026-giam-tai-mien-trung-d816195.html,
13/06/2026,nongnghiepmoitruong.vn,Miền Bắc,Tuyên Quang,67000,,https://nongnghiepmoitruong.vn/gia-heo-hoi-hom-nay-13-6-2026-giam-tai-mien-trung-d816195.html,
13/06/2026,nongnghiepmoitruong.vn,Miền Bắc,Điện Biên,67000,,https://nongnghiepmoitruong.vn/gia-heo-hoi-hom-nay-13-6-2026-giam-tai-mien-trung-d816195.html,
13/06/2026,nongnghiepmoitruong.vn,Miền Nam,An Giang,63000,0.0,https://nongnghiepmoitruong.vn/gia-heo-hoi-hom-nay-13-6-2026-giam-tai-mien-trung-d816195.html,
13/06/2026,nongnghiepmoitruong.vn,Miền Nam,Cà Mau,62000,0.0,https://nongnghiepmoitruong.vn/gia-heo-hoi-hom-nay-13-6-2026-giam-tai-mien-trung-d816195.html,
13/06/2026,nongnghiepmoitruong.vn,Miền Nam,Cần Thơ,64000,0.0,https://nongnghiepmoitruong.vn/gia-heo-hoi-hom-nay-13-6-2026-giam-tai-mien-trung-d816195.html,
13/06/2026,nongnghiepmoitruong.vn,Miền Nam,TP HCM,64000,0.0,https://nongnghiepmoitruong.vn/gia-heo-hoi-hom-nay-13-6-2026-giam-tai-mien-trung-d816195.html,
13/06/2026,nongnghiepmoitruong.vn,Miền Nam,Tây Ninh,64000,0.0,https://nongnghiepmoitruong.vn/gia-heo-hoi-hom-nay-13-6-2026-giam-tai-mien-trung-d816195.html,
13/06/2026,nongnghiepmoitruong.vn,Miền Nam,Vĩnh Long,63000,0.0,https://nongnghiepmoitruong.vn/gia-heo-hoi-hom-nay-13-6-2026-giam-tai-mien-trung-d816195.html,
13/06/2026,nongnghiepmoitruong.vn,Miền Nam,Đồng Nai,64000,0.0,https://nongnghiepmoitruong.vn/gia-heo-hoi-hom-nay-13-6-2026-giam-tai-mien-trung-d816195.html,
13/06/2026,nongnghiepmoitruong.vn,Miền Nam,Đồng Tháp,63000,0.0,https://nongnghiepmoitruong.vn/gia-heo-hoi-hom-nay-13-6-2026-giam-tai-mien-trung-d816195.html,
13/06/2026,nongnghiepmoitruong.vn,Miền Trung - Tây Nguyên,Gia Lai,63000,-1000.0,https://nongnghiepmoitruong.vn/gia-heo-hoi-hom-nay-13-6-2026-giam-tai-mien-trung-d816195.html,
13/06/2026,nongnghiepmoitruong.vn,Miền Trung - Tây Nguyên,Huế,64000,-1000.0,https://nongnghiepmoitruong.vn/gia-heo-hoi-hom-nay-13-6-2026-giam-tai-mien-trung-d816195.html,
13/06/2026,nongnghiepmoitruong.vn,Miền Trung - Tây Nguyên,Hà Tĩnh,67000,,https://nongnghiepmoitruong.vn/gia-heo-hoi-hom-nay-13-6-2026-giam-tai-mien-trung-d816195.html,
13/06/2026,nongnghiepmoitruong.vn,Miền Trung - Tây Nguyên,Khánh Hoà,63000,,https://nongnghiepmoitruong.vn/gia-heo-hoi-hom-nay-13-6-2026-giam-tai-mien-trung-d816195.html,
13/06/2026,nongnghiepmoitruong.vn,Miền Trung - Tây Nguyên,Lâm Đồng,64000,,https://nongnghiepmoitruong.vn/gia-heo-hoi-hom-nay-13-6-2026-giam-tai-mien-trung-d816195.html,
13/06/2026,nongnghiepmoitruong.vn,Miền Trung - Tây Nguyên,Nghệ An,67000,,https://nongnghiepmoitruong.vn/gia-heo-hoi-hom-nay-13-6-2026-giam-tai-mien-trung-d816195.html,
13/06/2026,nongnghiepmoitruong.vn,Miền Trung - Tây Nguyên,Quảng Ngãi,63000,-1000.0,https://nongnghiepmoitruong.vn/gia-heo-hoi-hom-nay-13-6-2026-giam-tai-mien-trung-d816195.html,
13/06/2026,nongnghiepmoitruong.vn,Miền Trung - Tây Nguyên,Quảng Trị,65000,-1000.0,https://nongnghiepmoitruong.vn/gia-heo-hoi-hom-nay-13-6-2026-giam-tai-mien-trung-d816195.html,
13/06/2026,nongnghiepmoitruong.vn,Miền Trung - Tây Nguyên,Thanh Hoá,67000,,https://nongnghiepmoitruong.vn/gia-heo-hoi-hom-nay-13-6-2026-giam-tai-mien-trung-d816195.html,
13/06/2026,nongnghiepmoitruong.vn,Miền Trung - Tây Nguyên,Đà Nẵng,63000,-1000.0,https://nongnghiepmoitruong.vn/gia-heo-hoi-hom-nay-13-6-2026-giam-tai-mien-trung-d816195.html,
13/06/2026,nongnghiepmoitruong.vn,Miền Trung - Tây Nguyên,Đắk Lắk,63000,,https://nongnghiepmoitruong.vn/gia-heo-hoi-hom-nay-13-6-2026-giam-tai-mien-trung-d816195.html,
14/06/2026,nongnghiepmoitruong.vn,Miền Bắc,Bắc Ninh,68000,,https://nongnghiepmoitruong.vn/gia-heo-hoi-hom-nay-14-6-2026-duy-tri-on-dinh-d816289.html,
14/06/2026,nongnghiepmoitruong.vn,Miền Bắc,Cao Bằng,67000,,https://nongnghiepmoitruong.vn/gia-heo-hoi-hom-nay-14-6-2026-duy-tri-on-dinh-d816289.html,
14/06/2026,nongnghiepmoitruong.vn,Miền Bắc,Hà Nội,68000,,https://nongnghiepmoitruong.vn/gia-heo-hoi-hom-nay-14-6-2026-duy-tri-on-dinh-d816289.html,
14/06/2026,nongnghiepmoitruong.vn,Miền Bắc,Hưng Yên,68000,,https://nongnghiepmoitruong.vn/gia-heo-hoi-hom-nay-14-6-2026-duy-tri-on-dinh-d816289.html,
14/06/2026,nongnghiepmoitruong.vn,Miền Bắc,Hải Phòng,68000,,https://nongnghiepmoitruong.vn/gia-heo-hoi-hom-nay-14-6-2026-duy-tri-on-dinh-d816289.html,
14/06/2026,nongnghiepmoitruong.vn,Miền Bắc,Lai Châu,67000,,https://nongnghiepmoitruong.vn/gia-heo-hoi-hom-nay-14-6-2026-duy-tri-on-dinh-d816289.html,
14/06/2026,nongnghiepmoitruong.vn,Miền Bắc,Lào Cai,67000,,https://nongnghiepmoitruong.vn/gia-heo-hoi-hom-nay-14-6-2026-duy-tri-on-dinh-d816289.html,
14/06/2026,nongnghiepmoitruong.vn,Miền Bắc,Lạng Sơn,67000,,https://nongnghiepmoitruong.vn/gia-heo-hoi-hom-nay-14-6-2026-duy-tri-on-dinh-d816289.html,
14/06/2026,nongnghiepmoitruong.vn,Miền Bắc,Ninh Bình,67000,,https://nongnghiepmoitruong.vn/gia-heo-hoi-hom-nay-14-6-2026-duy-tri-on-dinh-d816289.html,
14/06/2026,nongnghiepmoitruong.vn,Miền Bắc,Phú Thọ,68000,,https://nongnghiepmoitruong.vn/gia-heo-hoi-hom-nay-14-6-2026-duy-tri-on-dinh-d816289.html,
14/06/2026,nongnghiepmoitruong.vn,Miền Bắc,Quảng Ninh,67000,,https://nongnghiepmoitruong.vn/gia-heo-hoi-hom-nay-14-6-2026-duy-tri-on-dinh-d816289.html,
14/06/2026,nongnghiepmoitruong.vn,Miền Bắc,Sơn La,67000,,https://nongnghiepmoitruong.vn/gia-heo-hoi-hom-nay-14-6-2026-duy-tri-on-dinh-d816289.html,
14/06/2026,nongnghiepmoitruong.vn,Miền Bắc,Thái Nguyên,67000,,https://nongnghiepmoitruong.vn/gia-heo-hoi-hom-nay-14-6-2026-duy-tri-on-dinh-d816289.html,
14/06/2026,nongnghiepmoitruong.vn,Miền Bắc,Tuyên Quang,67000,,https://nongnghiepmoitruong.vn/gia-heo-hoi-hom-nay-14-6-2026-duy-tri-on-dinh-d816289.html,
14/06/2026,nongnghiepmoitruong.vn,Miền Bắc,Điện Biên,67000,,https://nongnghiepmoitruong.vn/gia-heo-hoi-hom-nay-14-6-2026-duy-tri-on-dinh-d816289.html,
14/06/2026,nongnghiepmoitruong.vn,Miền Nam,An Giang,63000,0.0,https://nongnghiepmoitruong.vn/gia-heo-hoi-hom-nay-14-6-2026-duy-tri-on-dinh-d816289.html,
14/06/2026,nongnghiepmoitruong.vn,Miền Nam,Cà Mau,62000,0.0,https://nongnghiepmoitruong.vn/gia-heo-hoi-hom-nay-14-6-2026-duy-tri-on-dinh-d816289.html,
14/06/2026,nongnghiepmoitruong.vn,Miền Nam,Cần Thơ,64000,0.0,https://nongnghiepmoitruong.vn/gia-heo-hoi-hom-nay-14-6-2026-duy-tri-on-dinh-d816289.html,
14/06/2026,nongnghiepmoitruong.vn,Miền Nam,TP HCM,64000,0.0,https://nongnghiepmoitruong.vn/gia-heo-hoi-hom-nay-14-6-2026-duy-tri-on-dinh-d816289.html,
14/06/2026,nongnghiepmoitruong.vn,Miền Nam,Tây Ninh,64000,0.0,https://nongnghiepmoitruong.vn/gia-heo-hoi-hom-nay-14-6-2026-duy-tri-on-dinh-d816289.html,
14/06/2026,nongnghiepmoitruong.vn,Miền Nam,Vĩnh Long,63000,0.0,https://nongnghiepmoitruong.vn/gia-heo-hoi-hom-nay-14-6-2026-duy-tri-on-dinh-d816289.html,
14/06/2026,nongnghiepmoitruong.vn,Miền Nam,Đồng Nai,64000,0.0,https://nongnghiepmoitruong.vn/gia-heo-hoi-hom-nay-14-6-2026-duy-tri-on-dinh-d816289.html,
14/06/2026,nongnghiepmoitruong.vn,Miền Nam,Đồng Tháp,63000,0.0,https://nongnghiepmoitruong.vn/gia-heo-hoi-hom-nay-14-6-2026-duy-tri-on-dinh-d816289.html,
14/06/2026,nongnghiepmoitruong.vn,Miền Trung - Tây Nguyên,Gia Lai,63000,,https://nongnghiepmoitruong.vn/gia-heo-hoi-hom-nay-14-6-2026-duy-tri-on-dinh-d816289.html,
14/06/2026,nongnghiepmoitruong.vn,Miền Trung - Tây Nguyên,Huế,64000,,https://nongnghiepmoitruong.vn/gia-heo-hoi-hom-nay-14-6-2026-duy-tri-on-dinh-d816289.html,
14/06/2026,nongnghiepmoitruong.vn,Miền Trung - Tây Nguyên,Hà Tĩnh,67000,,https://nongnghiepmoitruong.vn/gia-heo-hoi-hom-nay-14-6-2026-duy-tri-on-dinh-d816289.html,
14/06/2026,nongnghiepmoitruong.vn,Miền Trung - Tây Nguyên,Khánh Hoà,63000,,https://nongnghiepmoitruong.vn/gia-heo-hoi-hom-nay-14-6-2026-duy-tri-on-dinh-d816289.html,
14/06/2026,nongnghiepmoitruong.vn,Miền Trung - Tây Nguyên,Lâm Đồng,64000,,https://nongnghiepmoitruong.vn/gia-heo-hoi-hom-nay-14-6-2026-duy-tri-on-dinh-d816289.html,
14/06/2026,nongnghiepmoitruong.vn,Miền Trung - Tây Nguyên,Nghệ An,67000,,https://nongnghiepmoitruong.vn/gia-heo-hoi-hom-nay-14-6-2026-duy-tri-on-dinh-d816289.html,
14/06/2026,nongnghiepmoitruong.vn,Miền Trung - Tây Nguyên,Quảng Ngãi,63000,,https://nongnghiepmoitruong.vn/gia-heo-hoi-hom-nay-14-6-2026-duy-tri-on-dinh-d816289.html,
14/06/2026,nongnghiepmoitruong.vn,Miền Trung - Tây Nguyên,Quảng Trị,65000,,https://nongnghiepmoitruong.vn/gia-heo-hoi-hom-nay-14-6-2026-duy-tri-on-dinh-d816289.html,
14/06/2026,nongnghiepmoitruong.vn,Miền Trung - Tây Nguyên,Thanh Hoá,67000,,https://nongnghiepmoitruong.vn/gia-heo-hoi-hom-nay-14-6-2026-duy-tri-on-dinh-d816289.html,
14/06/2026,nongnghiepmoitruong.vn,Miền Trung - Tây Nguyên,Đà Nẵng,63000,,https://nongnghiepmoitruong.vn/gia-heo-hoi-hom-nay-14-6-2026-duy-tri-on-dinh-d816289.html,
14/06/2026,nongnghiepmoitruong.vn,Miền Trung - Tây Nguyên,Đắk Lắk,63000,,https://nongnghiepmoitruong.vn/gia-heo-hoi-hom-nay-14-6-2026-duy-tri-on-dinh-d816289.html,
15/06/2026,nongnghiepmoitruong.vn,Miền Bắc,Bắc Ninh,68000,0.0,https://nongnghiepmoitruong.vn/gia-heo-hoi-hom-nay-15-6-2026-duy-tri-on-dinh-d816355.html,
15/06/2026,nongnghiepmoitruong.vn,Miền Bắc,Cao Bằng,67000,0.0,https://nongnghiepmoitruong.vn/gia-heo-hoi-hom-nay-15-6-2026-duy-tri-on-dinh-d816355.html,
15/06/2026,nongnghiepmoitruong.vn,Miền Bắc,Hà Nội,68000,0.0,https://nongnghiepmoitruong.vn/gia-heo-hoi-hom-nay-15-6-2026-duy-tri-on-dinh-d816355.html,
15/06/2026,nongnghiepmoitruong.vn,Miền Bắc,Hưng Yên,68000,0.0,https://nongnghiepmoitruong.vn/gia-heo-hoi-hom-nay-15-6-2026-duy-tri-on-dinh-d816355.html,
15/06/2026,nongnghiepmoitruong.vn,Miền Bắc,Hải Phòng,68000,0.0,https://nongnghiepmoitruong.vn/gia-heo-hoi-hom-nay-15-6-2026-duy-tri-on-dinh-d816355.html,
15/06/2026,nongnghiepmoitruong.vn,Miền Bắc,Lai Châu,67000,0.0,https://nongnghiepmoitruong.vn/gia-heo-hoi-hom-nay-15-6-2026-duy-tri-on-dinh-d816355.html,
15/06/2026,nongnghiepmoitruong.vn,Miền Bắc,Lào Cai,67000,0.0,https://nongnghiepmoitruong.vn/gia-heo-hoi-hom-nay-15-6-2026-duy-tri-on-dinh-d816355.html,
15/06/2026,nongnghiepmoitruong.vn,Miền Bắc,Lạng Sơn,67000,0.0,https://nongnghiepmoitruong.vn/gia-heo-hoi-hom-nay-15-6-2026-duy-tri-on-dinh-d816355.html,
15/06/2026,nongnghiepmoitruong.vn,Miền Bắc,Ninh Bình,67000,0.0,https://nongnghiepmoitruong.vn/gia-heo-hoi-hom-nay-15-6-2026-duy-tri-on-dinh-d816355.html,
15/06/2026,nongnghiepmoitruong.vn,Miền Bắc,Phú Thọ,68000,0.0,https://nongnghiepmoitruong.vn/gia-heo-hoi-hom-nay-15-6-2026-duy-tri-on-dinh-d816355.html,
15/06/2026,nongnghiepmoitruong.vn,Miền Bắc,Quảng Ninh,67000,0.0,https://nongnghiepmoitruong.vn/gia-heo-hoi-hom-nay-15-6-2026-duy-tri-on-dinh-d816355.html,
15/06/2026,nongnghiepmoitruong.vn,Miền Bắc,Sơn La,67000,0.0,https://nongnghiepmoitruong.vn/gia-heo-hoi-hom-nay-15-6-2026-duy-tri-on-dinh-d816355.html,
15/06/2026,nongnghiepmoitruong.vn,Miền Bắc,Thái Nguyên,67000,0.0,https://nongnghiepmoitruong.vn/gia-heo-hoi-hom-nay-15-6-2026-duy-tri-on-dinh-d816355.html,
15/06/2026,nongnghiepmoitruong.vn,Miền Bắc,Tuyên Quang,67000,0.0,https://nongnghiepmoitruong.vn/gia-heo-hoi-hom-nay-15-6-2026-duy-tri-on-dinh-d816355.html,
15/06/2026,nongnghiepmoitruong.vn,Miền Bắc,Điện Biên,67000,0.0,https://nongnghiepmoitruong.vn/gia-heo-hoi-hom-nay-15-6-2026-duy-tri-on-dinh-d816355.html,
15/06/2026,nongnghiepmoitruong.vn,Miền Nam,An Giang,63000,0.0,https://nongnghiepmoitruong.vn/gia-heo-hoi-hom-nay-15-6-2026-duy-tri-on-dinh-d816355.html,
15/06/2026,nongnghiepmoitruong.vn,Miền Nam,Cà Mau,62000,0.0,https://nongnghiepmoitruong.vn/gia-heo-hoi-hom-nay-15-6-2026-duy-tri-on-dinh-d816355.html,
15/06/2026,nongnghiepmoitruong.vn,Miền Nam,Cần Thơ,64000,0.0,https://nongnghiepmoitruong.vn/gia-heo-hoi-hom-nay-15-6-2026-duy-tri-on-dinh-d816355.html,
15/06/2026,nongnghiepmoitruong.vn,Miền Nam,TP HCM,64000,0.0,https://nongnghiepmoitruong.vn/gia-heo-hoi-hom-nay-15-6-2026-duy-tri-on-dinh-d816355.html,
15/06/2026,nongnghiepmoitruong.vn,Miền Nam,Tây Ninh,64000,0.0,https://nongnghiepmoitruong.vn/gia-heo-hoi-hom-nay-15-6-2026-duy-tri-on-dinh-d816355.html,
15/06/2026,nongnghiepmoitruong.vn,Miền Nam,Vĩnh Long,63000,0.0,https://nongnghiepmoitruong.vn/gia-heo-hoi-hom-nay-15-6-2026-duy-tri-on-dinh-d816355.html,
15/06/2026,nongnghiepmoitruong.vn,Miền Nam,Đồng Nai,64000,0.0,https://nongnghiepmoitruong.vn/gia-heo-hoi-hom-nay-15-6-2026-duy-tri-on-dinh-d816355.html,
15/06/2026,nongnghiepmoitruong.vn,Miền Nam,Đồng Tháp,63000,0.0,https://nongnghiepmoitruong.vn/gia-heo-hoi-hom-nay-15-6-2026-duy-tri-on-dinh-d816355.html,
15/06/2026,nongnghiepmoitruong.vn,Miền Trung - Tây Nguyên,Gia Lai,63000,0.0,https://nongnghiepmoitruong.vn/gia-heo-hoi-hom-nay-15-6-2026-duy-tri-on-dinh-d816355.html,
15/06/2026,nongnghiepmoitruong.vn,Miền Trung - Tây Nguyên,Huế,64000,0.0,https://nongnghiepmoitruong.vn/gia-heo-hoi-hom-nay-15-6-2026-duy-tri-on-dinh-d816355.html,
15/06/2026,nongnghiepmoitruong.vn,Miền Trung - Tây Nguyên,Hà Tĩnh,67000,0.0,https://nongnghiepmoitruong.vn/gia-heo-hoi-hom-nay-15-6-2026-duy-tri-on-dinh-d816355.html,
15/06/2026,nongnghiepmoitruong.vn,Miền Trung - Tây Nguyên,Khánh Hoà,63000,0.0,https://nongnghiepmoitruong.vn/gia-heo-hoi-hom-nay-15-6-2026-duy-tri-on-dinh-d816355.html,
15/06/2026,nongnghiepmoitruong.vn,Miền Trung - Tây Nguyên,Lâm Đồng,64000,0.0,https://nongnghiepmoitruong.vn/gia-heo-hoi-hom-nay-15-6-2026-duy-tri-on-dinh-d816355.html,
15/06/2026,nongnghiepmoitruong.vn,Miền Trung - Tây Nguyên,Nghệ An,67000,0.0,https://nongnghiepmoitruong.vn/gia-heo-hoi-hom-nay-15-6-2026-duy-tri-on-dinh-d816355.html,
15/06/2026,nongnghiepmoitruong.vn,Miền Trung - Tây Nguyên,Quảng Ngãi,63000,0.0,https://nongnghiepmoitruong.vn/gia-heo-hoi-hom-nay-15-6-2026-duy-tri-on-dinh-d816355.html,
15/06/2026,nongnghiepmoitruong.vn,Miền Trung - Tây Nguyên,Quảng Trị,65000,0.0,https://nongnghiepmoitruong.vn/gia-heo-hoi-hom-nay-15-6-2026-duy-tri-on-dinh-d816355.html,
15/06/2026,nongnghiepmoitruong.vn,Miền Trung - Tây Nguyên,Thanh Hoá,67000,0.0,https://nongnghiepmoitruong.vn/gia-heo-hoi-hom-nay-15-6-2026-duy-tri-on-dinh-d816355.html,
15/06/2026,nongnghiepmoitruong.vn,Miền Trung - Tây Nguyên,Đà Nẵng,63000,0.0,https://nongnghiepmoitruong.vn/gia-heo-hoi-hom-nay-15-6-2026-duy-tri-on-dinh-d816355.html,
15/06/2026,nongnghiepmoitruong.vn,Miền Trung - Tây Nguyên,Đắk Lắk,63000,0.0,https://nongnghiepmoitruong.vn/gia-heo-hoi-hom-nay-15-6-2026-duy-tri-on-dinh-d816355.html,
16/06/2026,nongnghiepmoitruong.vn,Miền Bắc,Bắc Ninh,68000,0.0,https://nongnghiepmoitruong.vn/gia-heo-hoi-hom-nay-16-6-2026-giam-tai-mien-trung-mien-nam-d816541.html,
16/06/2026,nongnghiepmoitruong.vn,Miền Bắc,Cao Bằng,67000,0.0,https://nongnghiepmoitruong.vn/gia-heo-hoi-hom-nay-16-6-2026-giam-tai-mien-trung-mien-nam-d816541.html,
16/06/2026,nongnghiepmoitruong.vn,Miền Bắc,Hà Nội,68000,0.0,https://nongnghiepmoitruong.vn/gia-heo-hoi-hom-nay-16-6-2026-giam-tai-mien-trung-mien-nam-d816541.html,
16/06/2026,nongnghiepmoitruong.vn,Miền Bắc,Hưng Yên,68000,0.0,https://nongnghiepmoitruong.vn/gia-heo-hoi-hom-nay-16-6-2026-giam-tai-mien-trung-mien-nam-d816541.html,
16/06/2026,nongnghiepmoitruong.vn,Miền Bắc,Hải Phòng,68000,0.0,https://nongnghiepmoitruong.vn/gia-heo-hoi-hom-nay-16-6-2026-giam-tai-mien-trung-mien-nam-d816541.html,
16/06/2026,nongnghiepmoitruong.vn,Miền Bắc,Lai Châu,67000,0.0,https://nongnghiepmoitruong.vn/gia-heo-hoi-hom-nay-16-6-2026-giam-tai-mien-trung-mien-nam-d816541.html,
16/06/2026,nongnghiepmoitruong.vn,Miền Bắc,Lào Cai,67000,0.0,https://nongnghiepmoitruong.vn/gia-heo-hoi-hom-nay-16-6-2026-giam-tai-mien-trung-mien-nam-d816541.html,
16/06/2026,nongnghiepmoitruong.vn,Miền Bắc,Lạng Sơn,67000,0.0,https://nongnghiepmoitruong.vn/gia-heo-hoi-hom-nay-16-6-2026-giam-tai-mien-trung-mien-nam-d816541.html,
16/06/2026,nongnghiepmoitruong.vn,Miền Bắc,Ninh Bình,67000,0.0,https://nongnghiepmoitruong.vn/gia-heo-hoi-hom-nay-16-6-2026-giam-tai-mien-trung-mien-nam-d816541.html,
16/06/2026,nongnghiepmoitruong.vn,Miền Bắc,Phú Thọ,68000,0.0,https://nongnghiepmoitruong.vn/gia-heo-hoi-hom-nay-16-6-2026-giam-tai-mien-trung-mien-nam-d816541.html,
16/06/2026,nongnghiepmoitruong.vn,Miền Bắc,Quảng Ninh,67000,0.0,https://nongnghiepmoitruong.vn/gia-heo-hoi-hom-nay-16-6-2026-giam-tai-mien-trung-mien-nam-d816541.html,
16/06/2026,nongnghiepmoitruong.vn,Miền Bắc,Sơn La,67000,0.0,https://nongnghiepmoitruong.vn/gia-heo-hoi-hom-nay-16-6-2026-giam-tai-mien-trung-mien-nam-d816541.html,
16/06/2026,nongnghiepmoitruong.vn,Miền Bắc,Thái Nguyên,67000,0.0,https://nongnghiepmoitruong.vn/gia-heo-hoi-hom-nay-16-6-2026-giam-tai-mien-trung-mien-nam-d816541.html,
16/06/2026,nongnghiepmoitruong.vn,Miền Bắc,Tuyên Quang,67000,0.0,https://nongnghiepmoitruong.vn/gia-heo-hoi-hom-nay-16-6-2026-giam-tai-mien-trung-mien-nam-d816541.html,
16/06/2026,nongnghiepmoitruong.vn,Miền Bắc,Điện Biên,67000,0.0,https://nongnghiepmoitruong.vn/gia-heo-hoi-hom-nay-16-6-2026-giam-tai-mien-trung-mien-nam-d816541.html,
16/06/2026,nongnghiepmoitruong.vn,Miền Nam,An Giang,63000,0.0,https://nongnghiepmoitruong.vn/gia-heo-hoi-hom-nay-16-6-2026-giam-tai-mien-trung-mien-nam-d816541.html,
16/06/2026,nongnghiepmoitruong.vn,Miền Nam,Cà Mau,62000,0.0,https://nongnghiepmoitruong.vn/gia-heo-hoi-hom-nay-16-6-2026-giam-tai-mien-trung-mien-nam-d816541.html,
16/06/2026,nongnghiepmoitruong.vn,Miền Nam,Cần Thơ,63000,-1000.0,https://nongnghiepmoitruong.vn/gia-heo-hoi-hom-nay-16-6-2026-giam-tai-mien-trung-mien-nam-d816541.html,
16/06/2026,nongnghiepmoitruong.vn,Miền Nam,TP HCM,63000,-1000.0,https://nongnghiepmoitruong.vn/gia-heo-hoi-hom-nay-16-6-2026-giam-tai-mien-trung-mien-nam-d816541.html,
16/06/2026,nongnghiepmoitruong.vn,Miền Nam,Tây Ninh,63000,-1000.0,https://nongnghiepmoitruong.vn/gia-heo-hoi-hom-nay-16-6-2026-giam-tai-mien-trung-mien-nam-d816541.html,
16/06/2026,nongnghiepmoitruong.vn,Miền Nam,Vĩnh Long,63000,0.0,https://nongnghiepmoitruong.vn/gia-heo-hoi-hom-nay-16-6-2026-giam-tai-mien-trung-mien-nam-d816541.html,
16/06/2026,nongnghiepmoitruong.vn,Miền Nam,Đồng Nai,63000,-1000.0,https://nongnghiepmoitruong.vn/gia-heo-hoi-hom-nay-16-6-2026-giam-tai-mien-trung-mien-nam-d816541.html,
16/06/2026,nongnghiepmoitruong.vn,Miền Nam,Đồng Tháp,63000,0.0,https://nongnghiepmoitruong.vn/gia-heo-hoi-hom-nay-16-6-2026-giam-tai-mien-trung-mien-nam-d816541.html,
16/06/2026,nongnghiepmoitruong.vn,Miền Trung - Tây Nguyên,Gia Lai,63000,0.0,https://nongnghiepmoitruong.vn/gia-heo-hoi-hom-nay-16-6-2026-giam-tai-mien-trung-mien-nam-d816541.html,
16/06/2026,nongnghiepmoitruong.vn,Miền Trung - Tây Nguyên,Huế,64000,0.0,https://nongnghiepmoitruong.vn/gia-heo-hoi-hom-nay-16-6-2026-giam-tai-mien-trung-mien-nam-d816541.html,
16/06/2026,nongnghiepmoitruong.vn,Miền Trung - Tây Nguyên,Hà Tĩnh,66000,-1000.0,https://nongnghiepmoitruong.vn/gia-heo-hoi-hom-nay-16-6-2026-giam-tai-mien-trung-mien-nam-d816541.html,
16/06/2026,nongnghiepmoitruong.vn,Miền Trung - Tây Nguyên,Khánh Hoà,63000,0.0,https://nongnghiepmoitruong.vn/gia-heo-hoi-hom-nay-16-6-2026-giam-tai-mien-trung-mien-nam-d816541.html,
16/06/2026,nongnghiepmoitruong.vn,Miền Trung - Tây Nguyên,Lâm Đồng,64000,0.0,https://nongnghiepmoitruong.vn/gia-heo-hoi-hom-nay-16-6-2026-giam-tai-mien-trung-mien-nam-d816541.html,
16/06/2026,nongnghiepmoitruong.vn,Miền Trung - Tây Nguyên,Nghệ An,66000,-1000.0,https://nongnghiepmoitruong.vn/gia-heo-hoi-hom-nay-16-6-2026-giam-tai-mien-trung-mien-nam-d816541.html,
16/06/2026,nongnghiepmoitruong.vn,Miền Trung - Tây Nguyên,Quảng Ngãi,63000,0.0,https://nongnghiepmoitruong.vn/gia-heo-hoi-hom-nay-16-6-2026-giam-tai-mien-trung-mien-nam-d816541.html,
16/06/2026,nongnghiepmoitruong.vn,Miền Trung - Tây Nguyên,Quảng Trị,65000,0.0,https://nongnghiepmoitruong.vn/gia-heo-hoi-hom-nay-16-6-2026-giam-tai-mien-trung-mien-nam-d816541.html,
16/06/2026,nongnghiepmoitruong.vn,Miền Trung - Tây Nguyên,Thanh Hoá,67000,0.0,https://nongnghiepmoitruong.vn/gia-heo-hoi-hom-nay-16-6-2026-giam-tai-mien-trung-mien-nam-d816541.html,
16/06/2026,nongnghiepmoitruong.vn,Miền Trung - Tây Nguyên,Đà Nẵng,63000,0.0,https://nongnghiepmoitruong.vn/gia-heo-hoi-hom-nay-16-6-2026-giam-tai-mien-trung-mien-nam-d816541.html,
16/06/2026,nongnghiepmoitruong.vn,Miền Trung - Tây Nguyên,Đắk Lắk,63000,0.0,https://nongnghiepmoitruong.vn/gia-heo-hoi-hom-nay-16-6-2026-giam-tai-mien-trung-mien-nam-d816541.html,
17/06/2026,nongnghiepmoitruong.vn,Miền Bắc,Bắc Ninh,68000,0.0,https://nongnghiepmoitruong.vn/gia-heo-hoi-hom-nay-17-6-2026-dong-loat-lang-song-d816695.html,
17/06/2026,nongnghiepmoitruong.vn,Miền Bắc,Cao Bằng,67000,0.0,https://nongnghiepmoitruong.vn/gia-heo-hoi-hom-nay-17-6-2026-dong-loat-lang-song-d816695.html,
17/06/2026,nongnghiepmoitruong.vn,Miền Bắc,Hà Nội,68000,0.0,https://nongnghiepmoitruong.vn/gia-heo-hoi-hom-nay-17-6-2026-dong-loat-lang-song-d816695.html,
17/06/2026,nongnghiepmoitruong.vn,Miền Bắc,Hưng Yên,68000,0.0,https://nongnghiepmoitruong.vn/gia-heo-hoi-hom-nay-17-6-2026-dong-loat-lang-song-d816695.html,
17/06/2026,nongnghiepmoitruong.vn,Miền Bắc,Hải Phòng,68000,0.0,https://nongnghiepmoitruong.vn/gia-heo-hoi-hom-nay-17-6-2026-dong-loat-lang-song-d816695.html,
17/06/2026,nongnghiepmoitruong.vn,Miền Bắc,Lai Châu,67000,0.0,https://nongnghiepmoitruong.vn/gia-heo-hoi-hom-nay-17-6-2026-dong-loat-lang-song-d816695.html,
17/06/2026,nongnghiepmoitruong.vn,Miền Bắc,Lào Cai,67000,0.0,https://nongnghiepmoitruong.vn/gia-heo-hoi-hom-nay-17-6-2026-dong-loat-lang-song-d816695.html,
17/06/2026,nongnghiepmoitruong.vn,Miền Bắc,Lạng Sơn,67000,0.0,https://nongnghiepmoitruong.vn/gia-heo-hoi-hom-nay-17-6-2026-dong-loat-lang-song-d816695.html,
17/06/2026,nongnghiepmoitruong.vn,Miền Bắc,Ninh Bình,67000,0.0,https://nongnghiepmoitruong.vn/gia-heo-hoi-hom-nay-17-6-2026-dong-loat-lang-song-d816695.html,
17/06/2026,nongnghiepmoitruong.vn,Miền Bắc,Phú Thọ,68000,0.0,https://nongnghiepmoitruong.vn/gia-heo-hoi-hom-nay-17-6-2026-dong-loat-lang-song-d816695.html,
17/06/2026,nongnghiepmoitruong.vn,Miền Bắc,Quảng Ninh,67000,0.0,https://nongnghiepmoitruong.vn/gia-heo-hoi-hom-nay-17-6-2026-dong-loat-lang-song-d816695.html,
17/06/2026,nongnghiepmoitruong.vn,Miền Bắc,Sơn La,67000,0.0,https://nongnghiepmoitruong.vn/gia-heo-hoi-hom-nay-17-6-2026-dong-loat-lang-song-d816695.html,
17/06/2026,nongnghiepmoitruong.vn,Miền Bắc,Thái Nguyên,67000,0.0,https://nongnghiepmoitruong.vn/gia-heo-hoi-hom-nay-17-6-2026-dong-loat-lang-song-d816695.html,
17/06/2026,nongnghiepmoitruong.vn,Miền Bắc,Tuyên Quang,67000,0.0,https://nongnghiepmoitruong.vn/gia-heo-hoi-hom-nay-17-6-2026-dong-loat-lang-song-d816695.html,
17/06/2026,nongnghiepmoitruong.vn,Miền Bắc,Điện Biên,67000,0.0,https://nongnghiepmoitruong.vn/gia-heo-hoi-hom-nay-17-6-2026-dong-loat-lang-song-d816695.html,
17/06/2026,nongnghiepmoitruong.vn,Miền Nam,An Giang,63000,0.0,https://nongnghiepmoitruong.vn/gia-heo-hoi-hom-nay-17-6-2026-dong-loat-lang-song-d816695.html,
17/06/2026,nongnghiepmoitruong.vn,Miền Nam,Cà Mau,62000,0.0,https://nongnghiepmoitruong.vn/gia-heo-hoi-hom-nay-17-6-2026-dong-loat-lang-song-d816695.html,
17/06/2026,nongnghiepmoitruong.vn,Miền Nam,Cần Thơ,63000,0.0,https://nongnghiepmoitruong.vn/gia-heo-hoi-hom-nay-17-6-2026-dong-loat-lang-song-d816695.html,
17/06/2026,nongnghiepmoitruong.vn,Miền Nam,TP HCM,63000,0.0,https://nongnghiepmoitruong.vn/gia-heo-hoi-hom-nay-17-6-2026-dong-loat-lang-song-d816695.html,
17/06/2026,nongnghiepmoitruong.vn,Miền Nam,Tây Ninh,63000,0.0,https://nongnghiepmoitruong.vn/gia-heo-hoi-hom-nay-17-6-2026-dong-loat-lang-song-d816695.html,
17/06/2026,nongnghiepmoitruong.vn,Miền Nam,Vĩnh Long,63000,0.0,https://nongnghiepmoitruong.vn/gia-heo-hoi-hom-nay-17-6-2026-dong-loat-lang-song-d816695.html,
17/06/2026,nongnghiepmoitruong.vn,Miền Nam,Đồng Nai,63000,0.0,https://nongnghiepmoitruong.vn/gia-heo-hoi-hom-nay-17-6-2026-dong-loat-lang-song-d816695.html,
17/06/2026,nongnghiepmoitruong.vn,Miền Nam,Đồng Tháp,63000,0.0,https://nongnghiepmoitruong.vn/gia-heo-hoi-hom-nay-17-6-2026-dong-loat-lang-song-d816695.html,
17/06/2026,nongnghiepmoitruong.vn,Miền Trung - Tây Nguyên,Gia Lai,63000,0.0,https://nongnghiepmoitruong.vn/gia-heo-hoi-hom-nay-17-6-2026-dong-loat-lang-song-d816695.html,
17/06/2026,nongnghiepmoitruong.vn,Miền Trung - Tây Nguyên,Huế,64000,0.0,https://nongnghiepmoitruong.vn/gia-heo-hoi-hom-nay-17-6-2026-dong-loat-lang-song-d816695.html,
17/06/2026,nongnghiepmoitruong.vn,Miền Trung - Tây Nguyên,Hà Tĩnh,66000,0.0,https://nongnghiepmoitruong.vn/gia-heo-hoi-hom-nay-17-6-2026-dong-loat-lang-song-d816695.html,
17/06/2026,nongnghiepmoitruong.vn,Miền Trung - Tây Nguyên,Khánh Hoà,63000,0.0,https://nongnghiepmoitruong.vn/gia-heo-hoi-hom-nay-17-6-2026-dong-loat-lang-song-d816695.html,
17/06/2026,nongnghiepmoitruong.vn,Miền Trung - Tây Nguyên,Lâm Đồng,64000,0.0,https://nongnghiepmoitruong.vn/gia-heo-hoi-hom-nay-17-6-2026-dong-loat-lang-song-d816695.html,
17/06/2026,nongnghiepmoitruong.vn,Miền Trung - Tây Nguyên,Nghệ An,66000,0.0,https://nongnghiepmoitruong.vn/gia-heo-hoi-hom-nay-17-6-2026-dong-loat-lang-song-d816695.html,
17/06/2026,nongnghiepmoitruong.vn,Miền Trung - Tây Nguyên,Quảng Ngãi,63000,0.0,https://nongnghiepmoitruong.vn/gia-heo-hoi-hom-nay-17-6-2026-dong-loat-lang-song-d816695.html,
17/06/2026,nongnghiepmoitruong.vn,Miền Trung - Tây Nguyên,Quảng Trị,65000,0.0,https://nongnghiepmoitruong.vn/gia-heo-hoi-hom-nay-17-6-2026-dong-loat-lang-song-d816695.html,
17/06/2026,nongnghiepmoitruong.vn,Miền Trung - Tây Nguyên,Thanh Hoá,67000,0.0,https://nongnghiepmoitruong.vn/gia-heo-hoi-hom-nay-17-6-2026-dong-loat-lang-song-d816695.html,
17/06/2026,nongnghiepmoitruong.vn,Miền Trung - Tây Nguyên,Đà Nẵng,63000,0.0,https://nongnghiepmoitruong.vn/gia-heo-hoi-hom-nay-17-6-2026-dong-loat-lang-song-d816695.html,
17/06/2026,nongnghiepmoitruong.vn,Miền Trung - Tây Nguyên,Đắk Lắk,63000,0.0,https://nongnghiepmoitruong.vn/gia-heo-hoi-hom-nay-17-6-2026-dong-loat-lang-song-d816695.html,
18/06/2026,nongnghiepmoitruong.vn,Miền Bắc,Bắc Ninh,68000,0.0,https://nongnghiepmoitruong.vn/gia-heo-hoi-hom-nay-18-6-2026-giam-nhe-o-vai-noi-d816897.html,
18/06/2026,nongnghiepmoitruong.vn,Miền Bắc,Cao Bằng,67000,0.0,https://nongnghiepmoitruong.vn/gia-heo-hoi-hom-nay-18-6-2026-giam-nhe-o-vai-noi-d816897.html,
18/06/2026,nongnghiepmoitruong.vn,Miền Bắc,Hà Nội,68000,0.0,https://nongnghiepmoitruong.vn/gia-heo-hoi-hom-nay-18-6-2026-giam-nhe-o-vai-noi-d816897.html,
18/06/2026,nongnghiepmoitruong.vn,Miền Bắc,Hưng Yên,68000,0.0,https://nongnghiepmoitruong.vn/gia-heo-hoi-hom-nay-18-6-2026-giam-nhe-o-vai-noi-d816897.html,
18/06/2026,nongnghiepmoitruong.vn,Miền Bắc,Hải Phòng,68000,0.0,https://nongnghiepmoitruong.vn/gia-heo-hoi-hom-nay-18-6-2026-giam-nhe-o-vai-noi-d816897.html,
18/06/2026,nongnghiepmoitruong.vn,Miền Bắc,Lai Châu,67000,0.0,https://nongnghiepmoitruong.vn/gia-heo-hoi-hom-nay-18-6-2026-giam-nhe-o-vai-noi-d816897.html,
18/06/2026,nongnghiepmoitruong.vn,Miền Bắc,Lào Cai,67000,0.0,https://nongnghiepmoitruong.vn/gia-heo-hoi-hom-nay-18-6-2026-giam-nhe-o-vai-noi-d816897.html,
18/06/2026,nongnghiepmoitruong.vn,Miền Bắc,Lạng Sơn,67000,0.0,https://nongnghiepmoitruong.vn/gia-heo-hoi-hom-nay-18-6-2026-giam-nhe-o-vai-noi-d816897.html,
18/06/2026,nongnghiepmoitruong.vn,Miền Bắc,Ninh Bình,67000,0.0,https://nongnghiepmoitruong.vn/gia-heo-hoi-hom-nay-18-6-2026-giam-nhe-o-vai-noi-d816897.html,
18/06/2026,nongnghiepmoitruong.vn,Miền Bắc,Phú Thọ,68000,0.0,https://nongnghiepmoitruong.vn/gia-heo-hoi-hom-nay-18-6-2026-giam-nhe-o-vai-noi-d816897.html,
18/06/2026,nongnghiepmoitruong.vn,Miền Bắc,Quảng Ninh,67000,0.0,https://nongnghiepmoitruong.vn/gia-heo-hoi-hom-nay-18-6-2026-giam-nhe-o-vai-noi-d816897.html,
18/06/2026,nongnghiepmoitruong.vn,Miền Bắc,Sơn La,67000,0.0,https://nongnghiepmoitruong.vn/gia-heo-hoi-hom-nay-18-6-2026-giam-nhe-o-vai-noi-d816897.html,
18/06/2026,nongnghiepmoitruong.vn,Miền Bắc,Thái Nguyên,67000,0.0,https://nongnghiepmoitruong.vn/gia-heo-hoi-hom-nay-18-6-2026-giam-nhe-o-vai-noi-d816897.html,
18/06/2026,nongnghiepmoitruong.vn,Miền Bắc,Tuyên Quang,67000,0.0,https://nongnghiepmoitruong.vn/gia-heo-hoi-hom-nay-18-6-2026-giam-nhe-o-vai-noi-d816897.html,
18/06/2026,nongnghiepmoitruong.vn,Miền Bắc,Điện Biên,67000,0.0,https://nongnghiepmoitruong.vn/gia-heo-hoi-hom-nay-18-6-2026-giam-nhe-o-vai-noi-d816897.html,
18/06/2026,nongnghiepmoitruong.vn,Miền Nam,An Giang,62000,-1000.0,https://nongnghiepmoitruong.vn/gia-heo-hoi-hom-nay-18-6-2026-giam-nhe-o-vai-noi-d816897.html,
18/06/2026,nongnghiepmoitruong.vn,Miền Nam,Cà Mau,62000,0.0,https://nongnghiepmoitruong.vn/gia-heo-hoi-hom-nay-18-6-2026-giam-nhe-o-vai-noi-d816897.html,
18/06/2026,nongnghiepmoitruong.vn,Miền Nam,Cần Thơ,63000,0.0,https://nongnghiepmoitruong.vn/gia-heo-hoi-hom-nay-18-6-2026-giam-nhe-o-vai-noi-d816897.html,
18/06/2026,nongnghiepmoitruong.vn,Miền Nam,TP HCM,63000,0.0,https://nongnghiepmoitruong.vn/gia-heo-hoi-hom-nay-18-6-2026-giam-nhe-o-vai-noi-d816897.html,
18/06/2026,nongnghiepmoitruong.vn,Miền Nam,Tây Ninh,63000,0.0,https://nongnghiepmoitruong.vn/gia-heo-hoi-hom-nay-18-6-2026-giam-nhe-o-vai-noi-d816897.html,
18/06/2026,nongnghiepmoitruong.vn,Miền Nam,Vĩnh Long,63000,0.0,https://nongnghiepmoitruong.vn/gia-heo-hoi-hom-nay-18-6-2026-giam-nhe-o-vai-noi-d816897.html,
18/06/2026,nongnghiepmoitruong.vn,Miền Nam,Đồng Nai,63000,0.0,https://nongnghiepmoitruong.vn/gia-heo-hoi-hom-nay-18-6-2026-giam-nhe-o-vai-noi-d816897.html,
18/06/2026,nongnghiepmoitruong.vn,Miền Nam,Đồng Tháp,62000,-1000.0,https://nongnghiepmoitruong.vn/gia-heo-hoi-hom-nay-18-6-2026-giam-nhe-o-vai-noi-d816897.html,
18/06/2026,nongnghiepmoitruong.vn,Miền Trung - Tây Nguyên,Gia Lai,63000,0.0,https://nongnghiepmoitruong.vn/gia-heo-hoi-hom-nay-18-6-2026-giam-nhe-o-vai-noi-d816897.html,
18/06/2026,nongnghiepmoitruong.vn,Miền Trung - Tây Nguyên,Huế,63000,-1000.0,https://nongnghiepmoitruong.vn/gia-heo-hoi-hom-nay-18-6-2026-giam-nhe-o-vai-noi-d816897.html,
18/06/2026,nongnghiepmoitruong.vn,Miền Trung - Tây Nguyên,Hà Tĩnh,65000,-1000.0,https://nongnghiepmoitruong.vn/gia-heo-hoi-hom-nay-18-6-2026-giam-nhe-o-vai-noi-d816897.html,
18/06/2026,nongnghiepmoitruong.vn,Miền Trung - Tây Nguyên,Khánh Hoà,63000,0.0,https://nongnghiepmoitruong.vn/gia-heo-hoi-hom-nay-18-6-2026-giam-nhe-o-vai-noi-d816897.html,
18/06/2026,nongnghiepmoitruong.vn,Miền Trung - Tây Nguyên,Lâm Đồng,63000,-1000.0,https://nongnghiepmoitruong.vn/gia-heo-hoi-hom-nay-18-6-2026-giam-nhe-o-vai-noi-d816897.html,
18/06/2026,nongnghiepmoitruong.vn,Miền Trung - Tây Nguyên,Nghệ An,66000,0.0,https://nongnghiepmoitruong.vn/gia-heo-hoi-hom-nay-18-6-2026-giam-nhe-o-vai-noi-d816897.html,
18/06/2026,nongnghiepmoitruong.vn,Miền Trung - Tây Nguyên,Quảng Ngãi,63000,0.0,https://nongnghiepmoitruong.vn/gia-heo-hoi-hom-nay-18-6-2026-giam-nhe-o-vai-noi-d816897.html,
18/06/2026,nongnghiepmoitruong.vn,Miền Trung - Tây Nguyên,Quảng Trị,64000,-1000.0,https://nongnghiepmoitruong.vn/gia-heo-hoi-hom-nay-18-6-2026-giam-nhe-o-vai-noi-d816897.html,
18/06/2026,nongnghiepmoitruong.vn,Miền Trung - Tây Nguyên,Thanh Hoá,67000,0.0,https://nongnghiepmoitruong.vn/gia-heo-hoi-hom-nay-18-6-2026-giam-nhe-o-vai-noi-d816897.html,
18/06/2026,nongnghiepmoitruong.vn,Miền Trung - Tây Nguyên,Đà Nẵng,63000,0.0,https://nongnghiepmoitruong.vn/gia-heo-hoi-hom-nay-18-6-2026-giam-nhe-o-vai-noi-d816897.html,
18/06/2026,nongnghiepmoitruong.vn,Miền Trung - Tây Nguyên,Đắk Lắk,63000,0.0,https://nongnghiepmoitruong.vn/gia-heo-hoi-hom-nay-18-6-2026-giam-nhe-o-vai-noi-d816897.html,
19/06/2026,nongnghiepmoitruong.vn,Miền Bắc,Bắc Ninh,68000,0.0,https://nongnghiepmoitruong.vn/gia-heo-hoi-hom-nay-19-6-2026-mien-nam-giam-o-vai-noi-d817064.html,
19/06/2026,nongnghiepmoitruong.vn,Miền Bắc,Cao Bằng,67000,0.0,https://nongnghiepmoitruong.vn/gia-heo-hoi-hom-nay-19-6-2026-mien-nam-giam-o-vai-noi-d817064.html,
19/06/2026,nongnghiepmoitruong.vn,Miền Bắc,Hà Nội,68000,0.0,https://nongnghiepmoitruong.vn/gia-heo-hoi-hom-nay-19-6-2026-mien-nam-giam-o-vai-noi-d817064.html,
19/06/2026,nongnghiepmoitruong.vn,Miền Bắc,Hưng Yên,68000,0.0,https://nongnghiepmoitruong.vn/gia-heo-hoi-hom-nay-19-6-2026-mien-nam-giam-o-vai-noi-d817064.html,
19/06/2026,nongnghiepmoitruong.vn,Miền Bắc,Hải Phòng,68000,0.0,https://nongnghiepmoitruong.vn/gia-heo-hoi-hom-nay-19-6-2026-mien-nam-giam-o-vai-noi-d817064.html,
19/06/2026,nongnghiepmoitruong.vn,Miền Bắc,Lai Châu,67000,0.0,https://nongnghiepmoitruong.vn/gia-heo-hoi-hom-nay-19-6-2026-mien-nam-giam-o-vai-noi-d817064.html,
19/06/2026,nongnghiepmoitruong.vn,Miền Bắc,Lào Cai,67000,0.0,https://nongnghiepmoitruong.vn/gia-heo-hoi-hom-nay-19-6-2026-mien-nam-giam-o-vai-noi-d817064.html,
19/06/2026,nongnghiepmoitruong.vn,Miền Bắc,Lạng Sơn,67000,0.0,https://nongnghiepmoitruong.vn/gia-heo-hoi-hom-nay-19-6-2026-mien-nam-giam-o-vai-noi-d817064.html,
19/06/2026,nongnghiepmoitruong.vn,Miền Bắc,Ninh Bình,67000,0.0,https://nongnghiepmoitruong.vn/gia-heo-hoi-hom-nay-19-6-2026-mien-nam-giam-o-vai-noi-d817064.html,
19/06/2026,nongnghiepmoitruong.vn,Miền Bắc,Phú Thọ,68000,0.0,https://nongnghiepmoitruong.vn/gia-heo-hoi-hom-nay-19-6-2026-mien-nam-giam-o-vai-noi-d817064.html,
19/06/2026,nongnghiepmoitruong.vn,Miền Bắc,Quảng Ninh,67000,0.0,https://nongnghiepmoitruong.vn/gia-heo-hoi-hom-nay-19-6-2026-mien-nam-giam-o-vai-noi-d817064.html,
19/06/2026,nongnghiepmoitruong.vn,Miền Bắc,Sơn La,67000,0.0,https://nongnghiepmoitruong.vn/gia-heo-hoi-hom-nay-19-6-2026-mien-nam-giam-o-vai-noi-d817064.html,
19/06/2026,nongnghiepmoitruong.vn,Miền Bắc,Thái Nguyên,67000,0.0,https://nongnghiepmoitruong.vn/gia-heo-hoi-hom-nay-19-6-2026-mien-nam-giam-o-vai-noi-d817064.html,
19/06/2026,nongnghiepmoitruong.vn,Miền Bắc,Tuyên Quang,67000,0.0,https://nongnghiepmoitruong.vn/gia-heo-hoi-hom-nay-19-6-2026-mien-nam-giam-o-vai-noi-d817064.html,
19/06/2026,nongnghiepmoitruong.vn,Miền Bắc,Điện Biên,67000,0.0,https://nongnghiepmoitruong.vn/gia-heo-hoi-hom-nay-19-6-2026-mien-nam-giam-o-vai-noi-d817064.html,
19/06/2026,nongnghiepmoitruong.vn,Miền Nam,An Giang,62000,0.0,https://nongnghiepmoitruong.vn/gia-heo-hoi-hom-nay-19-6-2026-mien-nam-giam-o-vai-noi-d817064.html,
19/06/2026,nongnghiepmoitruong.vn,Miền Nam,Cà Mau,62000,0.0,https://nongnghiepmoitruong.vn/gia-heo-hoi-hom-nay-19-6-2026-mien-nam-giam-o-vai-noi-d817064.html,
19/06/2026,nongnghiepmoitruong.vn,Miền Nam,Cần Thơ,62000,-1000.0,https://nongnghiepmoitruong.vn/gia-heo-hoi-hom-nay-19-6-2026-mien-nam-giam-o-vai-noi-d817064.html,
19/06/2026,nongnghiepmoitruong.vn,Miền Nam,TP HCM,63000,0.0,https://nongnghiepmoitruong.vn/gia-heo-hoi-hom-nay-19-6-2026-mien-nam-giam-o-vai-noi-d817064.html,
19/06/2026,nongnghiepmoitruong.vn,Miền Nam,Tây Ninh,62000,-1000.0,https://nongnghiepmoitruong.vn/gia-heo-hoi-hom-nay-19-6-2026-mien-nam-giam-o-vai-noi-d817064.html,
19/06/2026,nongnghiepmoitruong.vn,Miền Nam,Vĩnh Long,62000,-1000.0,https://nongnghiepmoitruong.vn/gia-heo-hoi-hom-nay-19-6-2026-mien-nam-giam-o-vai-noi-d817064.html,
19/06/2026,nongnghiepmoitruong.vn,Miền Nam,Đồng Nai,63000,0.0,https://nongnghiepmoitruong.vn/gia-heo-hoi-hom-nay-19-6-2026-mien-nam-giam-o-vai-noi-d817064.html,
19/06/2026,nongnghiepmoitruong.vn,Miền Nam,Đồng Tháp,62000,0.0,https://nongnghiepmoitruong.vn/gia-heo-hoi-hom-nay-19-6-2026-mien-nam-giam-o-vai-noi-d817064.html,
19/06/2026,nongnghiepmoitruong.vn,Miền Trung - Tây Nguyên,Gia Lai,63000,0.0,https://nongnghiepmoitruong.vn/gia-heo-hoi-hom-nay-19-6-2026-mien-nam-giam-o-vai-noi-d817064.html,
19/06/2026,nongnghiepmoitruong.vn,Miền Trung - Tây Nguyên,Huế,63000,0.0,https://nongnghiepmoitruong.vn/gia-heo-hoi-hom-nay-19-6-2026-mien-nam-giam-o-vai-noi-d817064.html,
19/06/2026,nongnghiepmoitruong.vn,Miền Trung - Tây Nguyên,Hà Tĩnh,65000,0.0,https://nongnghiepmoitruong.vn/gia-heo-hoi-hom-nay-19-6-2026-mien-nam-giam-o-vai-noi-d817064.html,
19/06/2026,nongnghiepmoitruong.vn,Miền Trung - Tây Nguyên,Khánh Hoà,63000,0.0,https://nongnghiepmoitruong.vn/gia-heo-hoi-hom-nay-19-6-2026-mien-nam-giam-o-vai-noi-d817064.html,
19/06/2026,nongnghiepmoitruong.vn,Miền Trung - Tây Nguyên,Lâm Đồng,63000,0.0,https://nongnghiepmoitruong.vn/gia-heo-hoi-hom-nay-19-6-2026-mien-nam-giam-o-vai-noi-d817064.html,
19/06/2026,nongnghiepmoitruong.vn,Miền Trung - Tây Nguyên,Nghệ An,66000,0.0,https://nongnghiepmoitruong.vn/gia-heo-hoi-hom-nay-19-6-2026-mien-nam-giam-o-vai-noi-d817064.html,
19/06/2026,nongnghiepmoitruong.vn,Miền Trung - Tây Nguyên,Quảng Ngãi,63000,0.0,https://nongnghiepmoitruong.vn/gia-heo-hoi-hom-nay-19-6-2026-mien-nam-giam-o-vai-noi-d817064.html,
19/06/2026,nongnghiepmoitruong.vn,Miền Trung - Tây Nguyên,Quảng Trị,64000,0.0,https://nongnghiepmoitruong.vn/gia-heo-hoi-hom-nay-19-6-2026-mien-nam-giam-o-vai-noi-d817064.html,
19/06/2026,nongnghiepmoitruong.vn,Miền Trung - Tây Nguyên,Thanh Hoá,67000,0.0,https://nongnghiepmoitruong.vn/gia-heo-hoi-hom-nay-19-6-2026-mien-nam-giam-o-vai-noi-d817064.html,
19/06/2026,nongnghiepmoitruong.vn,Miền Trung - Tây Nguyên,Đà Nẵng,63000,0.0,https://nongnghiepmoitruong.vn/gia-heo-hoi-hom-nay-19-6-2026-mien-nam-giam-o-vai-noi-d817064.html,
19/06/2026,nongnghiepmoitruong.vn,Miền Trung - Tây Nguyên,Đắk Lắk,63000,0.0,https://nongnghiepmoitruong.vn/gia-heo-hoi-hom-nay-19-6-2026-mien-nam-giam-o-vai-noi-d817064.html,
20/06/2026,nongnghiepmoitruong.vn,Miền Bắc,Bắc Ninh,68000,0.0,https://nongnghiepmoitruong.vn/gia-heo-hoi-hom-nay-20-6-2026-duy-tri-on-dinh-d817197.html,
20/06/2026,nongnghiepmoitruong.vn,Miền Bắc,Cao Bằng,67000,0.0,https://nongnghiepmoitruong.vn/gia-heo-hoi-hom-nay-20-6-2026-duy-tri-on-dinh-d817197.html,
20/06/2026,nongnghiepmoitruong.vn,Miền Bắc,Hà Nội,68000,0.0,https://nongnghiepmoitruong.vn/gia-heo-hoi-hom-nay-20-6-2026-duy-tri-on-dinh-d817197.html,
20/06/2026,nongnghiepmoitruong.vn,Miền Bắc,Hưng Yên,68000,0.0,https://nongnghiepmoitruong.vn/gia-heo-hoi-hom-nay-20-6-2026-duy-tri-on-dinh-d817197.html,
20/06/2026,nongnghiepmoitruong.vn,Miền Bắc,Hải Phòng,68000,0.0,https://nongnghiepmoitruong.vn/gia-heo-hoi-hom-nay-20-6-2026-duy-tri-on-dinh-d817197.html,
20/06/2026,nongnghiepmoitruong.vn,Miền Bắc,Lai Châu,67000,0.0,https://nongnghiepmoitruong.vn/gia-heo-hoi-hom-nay-20-6-2026-duy-tri-on-dinh-d817197.html,
20/06/2026,nongnghiepmoitruong.vn,Miền Bắc,Lào Cai,67000,0.0,https://nongnghiepmoitruong.vn/gia-heo-hoi-hom-nay-20-6-2026-duy-tri-on-dinh-d817197.html,
20/06/2026,nongnghiepmoitruong.vn,Miền Bắc,Lạng Sơn,67000,0.0,https://nongnghiepmoitruong.vn/gia-heo-hoi-hom-nay-20-6-2026-duy-tri-on-dinh-d817197.html,
20/06/2026,nongnghiepmoitruong.vn,Miền Bắc,Ninh Bình,67000,0.0,https://nongnghiepmoitruong.vn/gia-heo-hoi-hom-nay-20-6-2026-duy-tri-on-dinh-d817197.html,
20/06/2026,nongnghiepmoitruong.vn,Miền Bắc,Phú Thọ,68000,0.0,https://nongnghiepmoitruong.vn/gia-heo-hoi-hom-nay-20-6-2026-duy-tri-on-dinh-d817197.html,
20/06/2026,nongnghiepmoitruong.vn,Miền Bắc,Quảng Ninh,67000,0.0,https://nongnghiepmoitruong.vn/gia-heo-hoi-hom-nay-20-6-2026-duy-tri-on-dinh-d817197.html,
20/06/2026,nongnghiepmoitruong.vn,Miền Bắc,Sơn La,67000,0.0,https://nongnghiepmoitruong.vn/gia-heo-hoi-hom-nay-20-6-2026-duy-tri-on-dinh-d817197.html,
20/06/2026,nongnghiepmoitruong.vn,Miền Bắc,Thái Nguyên,67000,0.0,https://nongnghiepmoitruong.vn/gia-heo-hoi-hom-nay-20-6-2026-duy-tri-on-dinh-d817197.html,
20/06/2026,nongnghiepmoitruong.vn,Miền Bắc,Tuyên Quang,67000,0.0,https://nongnghiepmoitruong.vn/gia-heo-hoi-hom-nay-20-6-2026-duy-tri-on-dinh-d817197.html,
20/06/2026,nongnghiepmoitruong.vn,Miền Bắc,Điện Biên,67000,0.0,https://nongnghiepmoitruong.vn/gia-heo-hoi-hom-nay-20-6-2026-duy-tri-on-dinh-d817197.html,
20/06/2026,nongnghiepmoitruong.vn,Miền Nam,An Giang,62000,0.0,https://nongnghiepmoitruong.vn/gia-heo-hoi-hom-nay-20-6-2026-duy-tri-on-dinh-d817197.html,
20/06/2026,nongnghiepmoitruong.vn,Miền Nam,Cà Mau,62000,0.0,https://nongnghiepmoitruong.vn/gia-heo-hoi-hom-nay-20-6-2026-duy-tri-on-dinh-d817197.html,
20/06/2026,nongnghiepmoitruong.vn,Miền Nam,Cần Thơ,62000,0.0,https://nongnghiepmoitruong.vn/gia-heo-hoi-hom-nay-20-6-2026-duy-tri-on-dinh-d817197.html,
20/06/2026,nongnghiepmoitruong.vn,Miền Nam,TP HCM,63000,0.0,https://nongnghiepmoitruong.vn/gia-heo-hoi-hom-nay-20-6-2026-duy-tri-on-dinh-d817197.html,
20/06/2026,nongnghiepmoitruong.vn,Miền Nam,Tây Ninh,62000,0.0,https://nongnghiepmoitruong.vn/gia-heo-hoi-hom-nay-20-6-2026-duy-tri-on-dinh-d817197.html,
20/06/2026,nongnghiepmoitruong.vn,Miền Nam,Vĩnh Long,62000,0.0,https://nongnghiepmoitruong.vn/gia-heo-hoi-hom-nay-20-6-2026-duy-tri-on-dinh-d817197.html,
20/06/2026,nongnghiepmoitruong.vn,Miền Nam,Đồng Nai,63000,0.0,https://nongnghiepmoitruong.vn/gia-heo-hoi-hom-nay-20-6-2026-duy-tri-on-dinh-d817197.html,
20/06/2026,nongnghiepmoitruong.vn,Miền Nam,Đồng Tháp,62000,0.0,https://nongnghiepmoitruong.vn/gia-heo-hoi-hom-nay-20-6-2026-duy-tri-on-dinh-d817197.html,
20/06/2026,nongnghiepmoitruong.vn,Miền Trung - Tây Nguyên,Gia Lai,63000,0.0,https://nongnghiepmoitruong.vn/gia-heo-hoi-hom-nay-20-6-2026-duy-tri-on-dinh-d817197.html,
20/06/2026,nongnghiepmoitruong.vn,Miền Trung - Tây Nguyên,Huế,63000,0.0,https://nongnghiepmoitruong.vn/gia-heo-hoi-hom-nay-20-6-2026-duy-tri-on-dinh-d817197.html,
20/06/2026,nongnghiepmoitruong.vn,Miền Trung - Tây Nguyên,Hà Tĩnh,65000,0.0,https://nongnghiepmoitruong.vn/gia-heo-hoi-hom-nay-20-6-2026-duy-tri-on-dinh-d817197.html,
20/06/2026,nongnghiepmoitruong.vn,Miền Trung - Tây Nguyên,Khánh Hoà,63000,0.0,https://nongnghiepmoitruong.vn/gia-heo-hoi-hom-nay-20-6-2026-duy-tri-on-dinh-d817197.html,
20/06/2026,nongnghiepmoitruong.vn,Miền Trung - Tây Nguyên,Lâm Đồng,63000,0.0,https://nongnghiepmoitruong.vn/gia-heo-hoi-hom-nay-20-6-2026-duy-tri-on-dinh-d817197.html,
20/06/2026,nongnghiepmoitruong.vn,Miền Trung - Tây Nguyên,Nghệ An,66000,0.0,https://nongnghiepmoitruong.vn/gia-heo-hoi-hom-nay-20-6-2026-duy-tri-on-dinh-d817197.html,
20/06/2026,nongnghiepmoitruong.vn,Miền Trung - Tây Nguyên,Quảng Ngãi,63000,0.0,https://nongnghiepmoitruong.vn/gia-heo-hoi-hom-nay-20-6-2026-duy-tri-on-dinh-d817197.html,
20/06/2026,nongnghiepmoitruong.vn,Miền Trung - Tây Nguyên,Quảng Trị,64000,0.0,https://nongnghiepmoitruong.vn/gia-heo-hoi-hom-nay-20-6-2026-duy-tri-on-dinh-d817197.html,
20/06/2026,nongnghiepmoitruong.vn,Miền Trung - Tây Nguyên,Thanh Hoá,67000,0.0,https://nongnghiepmoitruong.vn/gia-heo-hoi-hom-nay-20-6-2026-duy-tri-on-dinh-d817197.html,
20/06/2026,nongnghiepmoitruong.vn,Miền Trung - Tây Nguyên,Đà Nẵng,63000,0.0,https://nongnghiepmoitruong.vn/gia-heo-hoi-hom-nay-20-6-2026-duy-tri-on-dinh-d817197.html,
20/06/2026,nongnghiepmoitruong.vn,Miền Trung - Tây Nguyên,Đắk Lắk,63000,0.0,https://nongnghiepmoitruong.vn/gia-heo-hoi-hom-nay-20-6-2026-duy-tri-on-dinh-d817197.html,
02/07/2026,vietnambiz.vn,Miền Bắc,Bắc Ninh,66000,0.0,https://vietnambiz.vn/gia-heo-hoi-hom-nay-27-toan-quoc-chung-gia-giao-dich-trong-khoang-60000-66000-dongkg-2026727106927.htm,
02/07/2026,vietnambiz.vn,Miền Bắc,Cao Bằng,66000,0.0,https://vietnambiz.vn/gia-heo-hoi-hom-nay-27-toan-quoc-chung-gia-giao-dich-trong-khoang-60000-66000-dongkg-2026727106927.htm,
02/07/2026,vietnambiz.vn,Miền Bắc,Hà Nội,65000,0.0,https://vietnambiz.vn/gia-heo-hoi-hom-nay-27-toan-quoc-chung-gia-giao-dich-trong-khoang-60000-66000-dongkg-2026727106927.htm,
02/07/2026,vietnambiz.vn,Miền Bắc,Hưng Yên,65000,0.0,https://vietnambiz.vn/gia-heo-hoi-hom-nay-27-toan-quoc-chung-gia-giao-dich-trong-khoang-60000-66000-dongkg-2026727106927.htm,
02/07/2026,vietnambiz.vn,Miền Bắc,Hải Phòng,66000,0.0,https://vietnambiz.vn/gia-heo-hoi-hom-nay-27-toan-quoc-chung-gia-giao-dich-trong-khoang-60000-66000-dongkg-2026727106927.htm,
02/07/2026,vietnambiz.vn,Miền Bắc,Lai Châu,65000,0.0,https://vietnambiz.vn/gia-heo-hoi-hom-nay-27-toan-quoc-chung-gia-giao-dich-trong-khoang-60000-66000-dongkg-2026727106927.htm,
02/07/2026,vietnambiz.vn,Miền Bắc,Lào Cai,65000,0.0,https://vietnambiz.vn/gia-heo-hoi-hom-nay-27-toan-quoc-chung-gia-giao-dich-trong-khoang-60000-66000-dongkg-2026727106927.htm,
02/07/2026,vietnambiz.vn,Miền Bắc,Lạng Sơn,66000,0.0,https://vietnambiz.vn/gia-heo-hoi-hom-nay-27-toan-quoc-chung-gia-giao-dich-trong-khoang-60000-66000-dongkg-2026727106927.htm,
02/07/2026,vietnambiz.vn,Miền Bắc,Ninh Bình,66000,0.0,https://vietnambiz.vn/gia-heo-hoi-hom-nay-27-toan-quoc-chung-gia-giao-dich-trong-khoang-60000-66000-dongkg-2026727106927.htm,
02/07/2026,vietnambiz.vn,Miền Bắc,Phú Thọ,66000,0.0,https://vietnambiz.vn/gia-heo-hoi-hom-nay-27-toan-quoc-chung-gia-giao-dich-trong-khoang-60000-66000-dongkg-2026727106927.htm,
02/07/2026,vietnambiz.vn,Miền Bắc,Quảng Ninh,66000,0.0,https://vietnambiz.vn/gia-heo-hoi-hom-nay-27-toan-quoc-chung-gia-giao-dich-trong-khoang-60000-66000-dongkg-2026727106927.htm,
02/07/2026,vietnambiz.vn,Miền Bắc,Sơn La,66000,0.0,https://vietnambiz.vn/gia-heo-hoi-hom-nay-27-toan-quoc-chung-gia-giao-dich-trong-khoang-60000-66000-dongkg-2026727106927.htm,
02/07/2026,vietnambiz.vn,Miền Bắc,Thái Nguyên,66000,0.0,https://vietnambiz.vn/gia-heo-hoi-hom-nay-27-toan-quoc-chung-gia-giao-dich-trong-khoang-60000-66000-dongkg-2026727106927.htm,
02/07/2026,vietnambiz.vn,Miền Bắc,Tuyên Quang,65000,0.0,https://vietnambiz.vn/gia-heo-hoi-hom-nay-27-toan-quoc-chung-gia-giao-dich-trong-khoang-60000-66000-dongkg-2026727106927.htm,
02/07/2026,vietnambiz.vn,Miền Bắc,Điện Biên,66000,0.0,https://vietnambiz.vn/gia-heo-hoi-hom-nay-27-toan-quoc-chung-gia-giao-dich-trong-khoang-60000-66000-dongkg-2026727106927.htm,
02/07/2026,vietnambiz.vn,Miền Nam,An Giang,61000,0.0,https://vietnambiz.vn/gia-heo-hoi-hom-nay-27-toan-quoc-chung-gia-giao-dich-trong-khoang-60000-66000-dongkg-2026727106927.htm,
02/07/2026,vietnambiz.vn,Miền Nam,Cà Mau,60000,0.0,https://vietnambiz.vn/gia-heo-hoi-hom-nay-27-toan-quoc-chung-gia-giao-dich-trong-khoang-60000-66000-dongkg-2026727106927.htm,
02/07/2026,vietnambiz.vn,Miền Nam,Cần Thơ,61000,0.0,https://vietnambiz.vn/gia-heo-hoi-hom-nay-27-toan-quoc-chung-gia-giao-dich-trong-khoang-60000-66000-dongkg-2026727106927.htm,
02/07/2026,vietnambiz.vn,Miền Nam,TP HCM,62000,0.0,https://vietnambiz.vn/gia-heo-hoi-hom-nay-27-toan-quoc-chung-gia-giao-dich-trong-khoang-60000-66000-dongkg-2026727106927.htm,
02/07/2026,vietnambiz.vn,Miền Nam,Tây Ninh,61000,0.0,https://vietnambiz.vn/gia-heo-hoi-hom-nay-27-toan-quoc-chung-gia-giao-dich-trong-khoang-60000-66000-dongkg-2026727106927.htm,
02/07/2026,vietnambiz.vn,Miền Nam,Vĩnh Long,61000,0.0,https://vietnambiz.vn/gia-heo-hoi-hom-nay-27-toan-quoc-chung-gia-giao-dich-trong-khoang-60000-66000-dongkg-2026727106927.htm,
02/07/2026,vietnambiz.vn,Miền Nam,Đồng Nai,62000,0.0,https://vietnambiz.vn/gia-heo-hoi-hom-nay-27-toan-quoc-chung-gia-giao-dich-trong-khoang-60000-66000-dongkg-2026727106927.htm,
02/07/2026,vietnambiz.vn,Miền Nam,Đồng Tháp,60000,0.0,https://vietnambiz.vn/gia-heo-hoi-hom-nay-27-toan-quoc-chung-gia-giao-dich-trong-khoang-60000-66000-dongkg-2026727106927.htm,
02/07/2026,vietnambiz.vn,Miền Trung - Tây Nguyên,Gia Lai,62000,0.0,https://vietnambiz.vn/gia-heo-hoi-hom-nay-27-toan-quoc-chung-gia-giao-dich-trong-khoang-60000-66000-dongkg-2026727106927.htm,
02/07/2026,vietnambiz.vn,Miền Trung - Tây Nguyên,Huế,63000,0.0,https://vietnambiz.vn/gia-heo-hoi-hom-nay-27-toan-quoc-chung-gia-giao-dich-trong-khoang-60000-66000-dongkg-2026727106927.htm,
02/07/2026,vietnambiz.vn,Miền Trung - Tây Nguyên,Hà Tĩnh,65000,0.0,https://vietnambiz.vn/gia-heo-hoi-hom-nay-27-toan-quoc-chung-gia-giao-dich-trong-khoang-60000-66000-dongkg-2026727106927.htm,
02/07/2026,vietnambiz.vn,Miền Trung - Tây Nguyên,Khánh Hoà,61000,0.0,https://vietnambiz.vn/gia-heo-hoi-hom-nay-27-toan-quoc-chung-gia-giao-dich-trong-khoang-60000-66000-dongkg-2026727106927.htm,
02/07/2026,vietnambiz.vn,Miền Trung - Tây Nguyên,Lâm Đồng,62000,0.0,https://vietnambiz.vn/gia-heo-hoi-hom-nay-27-toan-quoc-chung-gia-giao-dich-trong-khoang-60000-66000-dongkg-2026727106927.htm,
02/07/2026,vietnambiz.vn,Miền Trung - Tây Nguyên,Nghệ An,65000,0.0,https://vietnambiz.vn/gia-heo-hoi-hom-nay-27-toan-quoc-chung-gia-giao-dich-trong-khoang-60000-66000-dongkg-2026727106927.htm,
02/07/2026,vietnambiz.vn,Miền Trung - Tây Nguyên,Quảng Ngãi,62000,0.0,https://vietnambiz.vn/gia-heo-hoi-hom-nay-27-toan-quoc-chung-gia-giao-dich-trong-khoang-60000-66000-dongkg-2026727106927.htm,
02/07/2026,vietnambiz.vn,Miền Trung - Tây Nguyên,Quảng Trị,64000,0.0,https://vietnambiz.vn/gia-heo-hoi-hom-nay-27-toan-quoc-chung-gia-giao-dich-trong-khoang-60000-66000-dongkg-2026727106927.htm,
02/07/2026,vietnambiz.vn,Miền Trung - Tây Nguyên,Thanh Hoá,65000,0.0,https://vietnambiz.vn/gia-heo-hoi-hom-nay-27-toan-quoc-chung-gia-giao-dich-trong-khoang-60000-66000-dongkg-2026727106927.htm,
02/07/2026,vietnambiz.vn,Miền Trung - Tây Nguyên,Đà Nẵng,62000,0.0,https://vietnambiz.vn/gia-heo-hoi-hom-nay-27-toan-quoc-chung-gia-giao-dich-trong-khoang-60000-66000-dongkg-2026727106927.htm,
02/07/2026,vietnambiz.vn,Miền Trung - Tây Nguyên,Đắk Lắk,62000,0.0,https://vietnambiz.vn/gia-heo-hoi-hom-nay-27-toan-quoc-chung-gia-giao-dich-trong-khoang-60000-66000-dongkg-2026727106927.htm,
03/07/2026,nongnghiepmoitruong.vn,Miền Bắc,Bắc Ninh,66000,0.0,https://nongnghiepmoitruong.vn/gia-heo-hoi-hom-nay-3-7-2026-ba-mien-giu-da-on-dinh-d819648.html,
03/07/2026,nongnghiepmoitruong.vn,Miền Bắc,Cao Bằng,66000,0.0,https://nongnghiepmoitruong.vn/gia-heo-hoi-hom-nay-3-7-2026-ba-mien-giu-da-on-dinh-d819648.html,
03/07/2026,nongnghiepmoitruong.vn,Miền Bắc,Hà Nội,65000,0.0,https://nongnghiepmoitruong.vn/gia-heo-hoi-hom-nay-3-7-2026-ba-mien-giu-da-on-dinh-d819648.html,
03/07/2026,nongnghiepmoitruong.vn,Miền Bắc,Hưng Yên,65000,0.0,https://nongnghiepmoitruong.vn/gia-heo-hoi-hom-nay-3-7-2026-ba-mien-giu-da-on-dinh-d819648.html,
03/07/2026,nongnghiepmoitruong.vn,Miền Bắc,Hải Phòng,66000,0.0,https://nongnghiepmoitruong.vn/gia-heo-hoi-hom-nay-3-7-2026-ba-mien-giu-da-on-dinh-d819648.html,
03/07/2026,nongnghiepmoitruong.vn,Miền Bắc,Lai Châu,65000,0.0,https://nongnghiepmoitruong.vn/gia-heo-hoi-hom-nay-3-7-2026-ba-mien-giu-da-on-dinh-d819648.html,
03/07/2026,nongnghiepmoitruong.vn,Miền Bắc,Lào Cai,65000,0.0,https://nongnghiepmoitruong.vn/gia-heo-hoi-hom-nay-3-7-2026-ba-mien-giu-da-on-dinh-d819648.html,
03/07/2026,nongnghiepmoitruong.vn,Miền Bắc,Lạng Sơn,66000,0.0,https://nongnghiepmoitruong.vn/gia-heo-hoi-hom-nay-3-7-2026-ba-mien-giu-da-on-dinh-d819648.html,
03/07/2026,nongnghiepmoitruong.vn,Miền Bắc,Ninh Bình,66000,0.0,https://nongnghiepmoitruong.vn/gia-heo-hoi-hom-nay-3-7-2026-ba-mien-giu-da-on-dinh-d819648.html,
03/07/2026,nongnghiepmoitruong.vn,Miền Bắc,Phú Thọ,66000,0.0,https://nongnghiepmoitruong.vn/gia-heo-hoi-hom-nay-3-7-2026-ba-mien-giu-da-on-dinh-d819648.html,
03/07/2026,nongnghiepmoitruong.vn,Miền Bắc,Quảng Ninh,66000,0.0,https://nongnghiepmoitruong.vn/gia-heo-hoi-hom-nay-3-7-2026-ba-mien-giu-da-on-dinh-d819648.html,
03/07/2026,nongnghiepmoitruong.vn,Miền Bắc,Sơn La,66000,0.0,https://nongnghiepmoitruong.vn/gia-heo-hoi-hom-nay-3-7-2026-ba-mien-giu-da-on-dinh-d819648.html,
03/07/2026,nongnghiepmoitruong.vn,Miền Bắc,Thái Nguyên,66000,0.0,https://nongnghiepmoitruong.vn/gia-heo-hoi-hom-nay-3-7-2026-ba-mien-giu-da-on-dinh-d819648.html,
03/07/2026,nongnghiepmoitruong.vn,Miền Bắc,Tuyên Quang,65000,0.0,https://nongnghiepmoitruong.vn/gia-heo-hoi-hom-nay-3-7-2026-ba-mien-giu-da-on-dinh-d819648.html,
03/07/2026,nongnghiepmoitruong.vn,Miền Bắc,Điện Biên,66000,0.0,https://nongnghiepmoitruong.vn/gia-heo-hoi-hom-nay-3-7-2026-ba-mien-giu-da-on-dinh-d819648.html,
03/07/2026,nongnghiepmoitruong.vn,Miền Nam,An Giang,61000,0.0,https://nongnghiepmoitruong.vn/gia-heo-hoi-hom-nay-3-7-2026-ba-mien-giu-da-on-dinh-d819648.html,
03/07/2026,nongnghiepmoitruong.vn,Miền Nam,Cà Mau,60000,0.0,https://nongnghiepmoitruong.vn/gia-heo-hoi-hom-nay-3-7-2026-ba-mien-giu-da-on-dinh-d819648.html,
03/07/2026,nongnghiepmoitruong.vn,Miền Nam,Cần Thơ,61000,0.0,https://nongnghiepmoitruong.vn/gia-heo-hoi-hom-nay-3-7-2026-ba-mien-giu-da-on-dinh-d819648.html,
03/07/2026,nongnghiepmoitruong.vn,Miền Nam,TP.HCM,62000,0.0,https://nongnghiepmoitruong.vn/gia-heo-hoi-hom-nay-3-7-2026-ba-mien-giu-da-on-dinh-d819648.html,
03/07/2026,nongnghiepmoitruong.vn,Miền Nam,Tây Ninh,61000,0.0,https://nongnghiepmoitruong.vn/gia-heo-hoi-hom-nay-3-7-2026-ba-mien-giu-da-on-dinh-d819648.html,
03/07/2026,nongnghiepmoitruong.vn,Miền Nam,Vĩnh Long,61000,0.0,https://nongnghiepmoitruong.vn/gia-heo-hoi-hom-nay-3-7-2026-ba-mien-giu-da-on-dinh-d819648.html,
03/07/2026,nongnghiepmoitruong.vn,Miền Nam,Đồng Nai,62000,0.0,https://nongnghiepmoitruong.vn/gia-heo-hoi-hom-nay-3-7-2026-ba-mien-giu-da-on-dinh-d819648.html,
03/07/2026,nongnghiepmoitruong.vn,Miền Nam,Đồng Tháp,60000,0.0,https://nongnghiepmoitruong.vn/gia-heo-hoi-hom-nay-3-7-2026-ba-mien-giu-da-on-dinh-d819648.html,
03/07/2026,nongnghiepmoitruong.vn,Miền Trung - Tây Nguyên,Gia Lai,62000,0.0,https://nongnghiepmoitruong.vn/gia-heo-hoi-hom-nay-3-7-2026-ba-mien-giu-da-on-dinh-d819648.html,
03/07/2026,nongnghiepmoitruong.vn,Miền Trung - Tây Nguyên,Huế,63000,0.0,https://nongnghiepmoitruong.vn/gia-heo-hoi-hom-nay-3-7-2026-ba-mien-giu-da-on-dinh-d819648.html,
03/07/2026,nongnghiepmoitruong.vn,Miền Trung - Tây Nguyên,Hà Tĩnh,65000,0.0,https://nongnghiepmoitruong.vn/gia-heo-hoi-hom-nay-3-7-2026-ba-mien-giu-da-on-dinh-d819648.html,
03/07/2026,nongnghiepmoitruong.vn,Miền Trung - Tây Nguyên,Khánh Hòa,61000,0.0,https://nongnghiepmoitruong.vn/gia-heo-hoi-hom-nay-3-7-2026-ba-mien-giu-da-on-dinh-d819648.html,
03/07/2026,nongnghiepmoitruong.vn,Miền Trung - Tây Nguyên,Lâm Đồng,62000,0.0,https://nongnghiepmoitruong.vn/gia-heo-hoi-hom-nay-3-7-2026-ba-mien-giu-da-on-dinh-d819648.html,
03/07/2026,nongnghiepmoitruong.vn,Miền Trung - Tây Nguyên,Nghệ An,65000,0.0,https://nongnghiepmoitruong.vn/gia-heo-hoi-hom-nay-3-7-2026-ba-mien-giu-da-on-dinh-d819648.html,
03/07/2026,nongnghiepmoitruong.vn,Miền Trung - Tây Nguyên,Quảng Ngãi,62000,0.0,https://nongnghiepmoitruong.vn/gia-heo-hoi-hom-nay-3-7-2026-ba-mien-giu-da-on-dinh-d819648.html,
03/07/2026,nongnghiepmoitruong.vn,Miền Trung - Tây Nguyên,Quảng Trị,64000,0.0,https://nongnghiepmoitruong.vn/gia-heo-hoi-hom-nay-3-7-2026-ba-mien-giu-da-on-dinh-d819648.html,
03/07/2026,nongnghiepmoitruong.vn,Miền Trung - Tây Nguyên,Thanh Hóa,65000,0.0,https://nongnghiepmoitruong.vn/gia-heo-hoi-hom-nay-3-7-2026-ba-mien-giu-da-on-dinh-d819648.html,
03/07/2026,nongnghiepmoitruong.vn,Miền Trung - Tây Nguyên,Đà Nẵng,62000,0.0,https://nongnghiepmoitruong.vn/gia-heo-hoi-hom-nay-3-7-2026-ba-mien-giu-da-on-dinh-d819648.html,
03/07/2026,nongnghiepmoitruong.vn,Miền Trung - Tây Nguyên,Đắk Lắk,62000,0.0,https://nongnghiepmoitruong.vn/gia-heo-hoi-hom-nay-3-7-2026-ba-mien-giu-da-on-dinh-d819648.html,
03/07/2026,vietnambiz.vn,Miền Bắc,Bắc Ninh,66000,0.0,https://vietnambiz.vn/gia-heo-hoi-hom-nay-37-tiep-tuc-giu-on-dinh-202672222941755.htm,
03/07/2026,vietnambiz.vn,Miền Bắc,Cao Bằng,66000,0.0,https://vietnambiz.vn/gia-heo-hoi-hom-nay-37-tiep-tuc-giu-on-dinh-202672222941755.htm,
03/07/2026,vietnambiz.vn,Miền Bắc,Hà Nội,65000,0.0,https://vietnambiz.vn/gia-heo-hoi-hom-nay-37-tiep-tuc-giu-on-dinh-202672222941755.htm,
03/07/2026,vietnambiz.vn,Miền Bắc,Hưng Yên,65000,0.0,https://vietnambiz.vn/gia-heo-hoi-hom-nay-37-tiep-tuc-giu-on-dinh-202672222941755.htm,
03/07/2026,vietnambiz.vn,Miền Bắc,Hải Phòng,66000,0.0,https://vietnambiz.vn/gia-heo-hoi-hom-nay-37-tiep-tuc-giu-on-dinh-202672222941755.htm,
03/07/2026,vietnambiz.vn,Miền Bắc,Lai Châu,65000,0.0,https://vietnambiz.vn/gia-heo-hoi-hom-nay-37-tiep-tuc-giu-on-dinh-202672222941755.htm,
03/07/2026,vietnambiz.vn,Miền Bắc,Lào Cai,65000,0.0,https://vietnambiz.vn/gia-heo-hoi-hom-nay-37-tiep-tuc-giu-on-dinh-202672222941755.htm,
03/07/2026,vietnambiz.vn,Miền Bắc,Lạng Sơn,66000,0.0,https://vietnambiz.vn/gia-heo-hoi-hom-nay-37-tiep-tuc-giu-on-dinh-202672222941755.htm,
03/07/2026,vietnambiz.vn,Miền Bắc,Ninh Bình,66000,0.0,https://vietnambiz.vn/gia-heo-hoi-hom-nay-37-tiep-tuc-giu-on-dinh-202672222941755.htm,
03/07/2026,vietnambiz.vn,Miền Bắc,Phú Thọ,66000,0.0,https://vietnambiz.vn/gia-heo-hoi-hom-nay-37-tiep-tuc-giu-on-dinh-202672222941755.htm,
03/07/2026,vietnambiz.vn,Miền Bắc,Quảng Ninh,66000,0.0,https://vietnambiz.vn/gia-heo-hoi-hom-nay-37-tiep-tuc-giu-on-dinh-202672222941755.htm,
03/07/2026,vietnambiz.vn,Miền Bắc,Sơn La,66000,0.0,https://vietnambiz.vn/gia-heo-hoi-hom-nay-37-tiep-tuc-giu-on-dinh-202672222941755.htm,
03/07/2026,vietnambiz.vn,Miền Bắc,Thái Nguyên,66000,0.0,https://vietnambiz.vn/gia-heo-hoi-hom-nay-37-tiep-tuc-giu-on-dinh-202672222941755.htm,
03/07/2026,vietnambiz.vn,Miền Bắc,Tuyên Quang,65000,0.0,https://vietnambiz.vn/gia-heo-hoi-hom-nay-37-tiep-tuc-giu-on-dinh-202672222941755.htm,
03/07/2026,vietnambiz.vn,Miền Bắc,Điện Biên,66000,0.0,https://vietnambiz.vn/gia-heo-hoi-hom-nay-37-tiep-tuc-giu-on-dinh-202672222941755.htm,
03/07/2026,vietnambiz.vn,Miền Nam,An Giang,61000,0.0,https://vietnambiz.vn/gia-heo-hoi-hom-nay-37-tiep-tuc-giu-on-dinh-202672222941755.htm,
03/07/2026,vietnambiz.vn,Miền Nam,Cà Mau,60000,0.0,https://vietnambiz.vn/gia-heo-hoi-hom-nay-37-tiep-tuc-giu-on-dinh-202672222941755.htm,
03/07/2026,vietnambiz.vn,Miền Nam,Cần Thơ,61000,0.0,https://vietnambiz.vn/gia-heo-hoi-hom-nay-37-tiep-tuc-giu-on-dinh-202672222941755.htm,
03/07/2026,vietnambiz.vn,Miền Nam,TP HCM,62000,0.0,https://vietnambiz.vn/gia-heo-hoi-hom-nay-37-tiep-tuc-giu-on-dinh-202672222941755.htm,
03/07/2026,vietnambiz.vn,Miền Nam,Tây Ninh,61000,0.0,https://vietnambiz.vn/gia-heo-hoi-hom-nay-37-tiep-tuc-giu-on-dinh-202672222941755.htm,
03/07/2026,vietnambiz.vn,Miền Nam,Vĩnh Long,61000,0.0,https://vietnambiz.vn/gia-heo-hoi-hom-nay-37-tiep-tuc-giu-on-dinh-202672222941755.htm,
03/07/2026,vietnambiz.vn,Miền Nam,Đồng Nai,62000,0.0,https://vietnambiz.vn/gia-heo-hoi-hom-nay-37-tiep-tuc-giu-on-dinh-202672222941755.htm,
03/07/2026,vietnambiz.vn,Miền Nam,Đồng Tháp,60000,0.0,https://vietnambiz.vn/gia-heo-hoi-hom-nay-37-tiep-tuc-giu-on-dinh-202672222941755.htm,
03/07/2026,vietnambiz.vn,Miền Trung - Tây Nguyên,Gia Lai,62000,0.0,https://vietnambiz.vn/gia-heo-hoi-hom-nay-37-tiep-tuc-giu-on-dinh-202672222941755.htm,
03/07/2026,vietnambiz.vn,Miền Trung - Tây Nguyên,Huế,63000,0.0,https://vietnambiz.vn/gia-heo-hoi-hom-nay-37-tiep-tuc-giu-on-dinh-202672222941755.htm,
03/07/2026,vietnambiz.vn,Miền Trung - Tây Nguyên,Hà Tĩnh,65000,0.0,https://vietnambiz.vn/gia-heo-hoi-hom-nay-37-tiep-tuc-giu-on-dinh-202672222941755.htm,
03/07/2026,vietnambiz.vn,Miền Trung - Tây Nguyên,Khánh Hoà,61000,0.0,https://vietnambiz.vn/gia-heo-hoi-hom-nay-37-tiep-tuc-giu-on-dinh-202672222941755.htm,
03/07/2026,vietnambiz.vn,Miền Trung - Tây Nguyên,Lâm Đồng,62000,0.0,https://vietnambiz.vn/gia-heo-hoi-hom-nay-37-tiep-tuc-giu-on-dinh-202672222941755.htm,
03/07/2026,vietnambiz.vn,Miền Trung - Tây Nguyên,Nghệ An,65000,0.0,https://vietnambiz.vn/gia-heo-hoi-hom-nay-37-tiep-tuc-giu-on-dinh-202672222941755.htm,
03/07/2026,vietnambiz.vn,Miền Trung - Tây Nguyên,Quảng Ngãi,62000,0.0,https://vietnambiz.vn/gia-heo-hoi-hom-nay-37-tiep-tuc-giu-on-dinh-202672222941755.htm,
03/07/2026,vietnambiz.vn,Miền Trung - Tây Nguyên,Quảng Trị,64000,0.0,https://vietnambiz.vn/gia-heo-hoi-hom-nay-37-tiep-tuc-giu-on-dinh-202672222941755.htm,
03/07/2026,vietnambiz.vn,Miền Trung - Tây Nguyên,Thanh Hoá,65000,0.0,https://vietnambiz.vn/gia-heo-hoi-hom-nay-37-tiep-tuc-giu-on-dinh-202672222941755.htm,
03/07/2026,vietnambiz.vn,Miền Trung - Tây Nguyên,Đà Nẵng,62000,0.0,https://vietnambiz.vn/gia-heo-hoi-hom-nay-37-tiep-tuc-giu-on-dinh-202672222941755.htm,
03/07/2026,vietnambiz.vn,Miền Trung - Tây Nguyên,Đắk Lắk,62000,0.0,https://vietnambiz.vn/gia-heo-hoi-hom-nay-37-tiep-tuc-giu-on-dinh-202672222941755.htm,
04/07/2026,nongnghiepmoitruong.vn,Miền Bắc,Bắc Ninh,66000,0.0,https://nongnghiepmoitruong.vn/gia-heo-hoi-hom-nay-4-7-2026-tang-giam-trai-chieu-1000-dong-d819819.html,
04/07/2026,nongnghiepmoitruong.vn,Miền Bắc,Cao Bằng,66000,0.0,https://nongnghiepmoitruong.vn/gia-heo-hoi-hom-nay-4-7-2026-tang-giam-trai-chieu-1000-dong-d819819.html,
04/07/2026,nongnghiepmoitruong.vn,Miền Bắc,Hà Nội,66000,1000.0,https://nongnghiepmoitruong.vn/gia-heo-hoi-hom-nay-4-7-2026-tang-giam-trai-chieu-1000-dong-d819819.html,
04/07/2026,nongnghiepmoitruong.vn,Miền Bắc,Hưng Yên,66000,1000.0,https://nongnghiepmoitruong.vn/gia-heo-hoi-hom-nay-4-7-2026-tang-giam-trai-chieu-1000-dong-d819819.html,
04/07/2026,nongnghiepmoitruong.vn,Miền Bắc,Hải Phòng,66000,0.0,https://nongnghiepmoitruong.vn/gia-heo-hoi-hom-nay-4-7-2026-tang-giam-trai-chieu-1000-dong-d819819.html,
04/07/2026,nongnghiepmoitruong.vn,Miền Bắc,Lai Châu,65000,0.0,https://nongnghiepmoitruong.vn/gia-heo-hoi-hom-nay-4-7-2026-tang-giam-trai-chieu-1000-dong-d819819.html,
04/07/2026,nongnghiepmoitruong.vn,Miền Bắc,Lào Cai,65000,0.0,https://nongnghiepmoitruong.vn/gia-heo-hoi-hom-nay-4-7-2026-tang-giam-trai-chieu-1000-dong-d819819.html,
04/07/2026,nongnghiepmoitruong.vn,Miền Bắc,Lạng Sơn,66000,0.0,https://nongnghiepmoitruong.vn/gia-heo-hoi-hom-nay-4-7-2026-tang-giam-trai-chieu-1000-dong-d819819.html,
04/07/2026,nongnghiepmoitruong.vn,Miền Bắc,Ninh Bình,65000,-1000.0,https://nongnghiepmoitruong.vn/gia-heo-hoi-hom-nay-4-7-2026-tang-giam-trai-chieu-1000-dong-d819819.html,
04/07/2026,nongnghiepmoitruong.vn,Miền Bắc,Phú Thọ,65000,-1000.0,https://nongnghiepmoitruong.vn/gia-heo-hoi-hom-nay-4-7-2026-tang-giam-trai-chieu-1000-dong-d819819.html,
04/07/2026,nongnghiepmoitruong.vn,Miền Bắc,Quảng Ninh,66000,0.0,https://nongnghiepmoitruong.vn/gia-heo-hoi-hom-nay-4-7-2026-tang-giam-trai-chieu-1000-dong-d819819.html,
04/07/2026,nongnghiepmoitruong.vn,Miền Bắc,Sơn La,66000,0.0,https://nongnghiepmoitruong.vn/gia-heo-hoi-hom-nay-4-7-2026-tang-giam-trai-chieu-1000-dong-d819819.html,
04/07/2026,nongnghiepmoitruong.vn,Miền Bắc,Thái Nguyên,66000,0.0,https://nongnghiepmoitruong.vn/gia-heo-hoi-hom-nay-4-7-2026-tang-giam-trai-chieu-1000-dong-d819819.html,
04/07/2026,nongnghiepmoitruong.vn,Miền Bắc,Tuyên Quang,65000,0.0,https://nongnghiepmoitruong.vn/gia-heo-hoi-hom-nay-4-7-2026-tang-giam-trai-chieu-1000-dong-d819819.html,
04/07/2026,nongnghiepmoitruong.vn,Miền Bắc,Điện Biên,66000,0.0,https://nongnghiepmoitruong.vn/gia-heo-hoi-hom-nay-4-7-2026-tang-giam-trai-chieu-1000-dong-d819819.html,
04/07/2026,nongnghiepmoitruong.vn,Miền Nam,An Giang,61000,0.0,https://nongnghiepmoitruong.vn/gia-heo-hoi-hom-nay-4-7-2026-tang-giam-trai-chieu-1000-dong-d819819.html,
04/07/2026,nongnghiepmoitruong.vn,Miền Nam,Cà Mau,60000,0.0,https://nongnghiepmoitruong.vn/gia-heo-hoi-hom-nay-4-7-2026-tang-giam-trai-chieu-1000-dong-d819819.html,
04/07/2026,nongnghiepmoitruong.vn,Miền Nam,Cần Thơ,62000,0.0,https://nongnghiepmoitruong.vn/gia-heo-hoi-hom-nay-4-7-2026-tang-giam-trai-chieu-1000-dong-d819819.html,
04/07/2026,nongnghiepmoitruong.vn,Miền Nam,TP.HCM,63000,1000.0,https://nongnghiepmoitruong.vn/gia-heo-hoi-hom-nay-4-7-2026-tang-giam-trai-chieu-1000-dong-d819819.html,
04/07/2026,nongnghiepmoitruong.vn,Miền Nam,Tây Ninh,62000,1000.0,https://nongnghiepmoitruong.vn/gia-heo-hoi-hom-nay-4-7-2026-tang-giam-trai-chieu-1000-dong-d819819.html,
04/07/2026,nongnghiepmoitruong.vn,Miền Nam,Vĩnh Long,62000,0.0,https://nongnghiepmoitruong.vn/gia-heo-hoi-hom-nay-4-7-2026-tang-giam-trai-chieu-1000-dong-d819819.html,
04/07/2026,nongnghiepmoitruong.vn,Miền Nam,Đồng Nai,63000,1000.0,https://nongnghiepmoitruong.vn/gia-heo-hoi-hom-nay-4-7-2026-tang-giam-trai-chieu-1000-dong-d819819.html,
04/07/2026,nongnghiepmoitruong.vn,Miền Nam,Đồng Tháp,60000,0.0,https://nongnghiepmoitruong.vn/gia-heo-hoi-hom-nay-4-7-2026-tang-giam-trai-chieu-1000-dong-d819819.html,
04/07/2026,nongnghiepmoitruong.vn,Miền Trung - Tây Nguyên,Gia Lai,62000,0.0,https://nongnghiepmoitruong.vn/gia-heo-hoi-hom-nay-4-7-2026-tang-giam-trai-chieu-1000-dong-d819819.html,
04/07/2026,nongnghiepmoitruong.vn,Miền Trung - Tây Nguyên,Huế,63000,0.0,https://nongnghiepmoitruong.vn/gia-heo-hoi-hom-nay-4-7-2026-tang-giam-trai-chieu-1000-dong-d819819.html,
04/07/2026,nongnghiepmoitruong.vn,Miền Trung - Tây Nguyên,Hà Tĩnh,64000,-1000.0,https://nongnghiepmoitruong.vn/gia-heo-hoi-hom-nay-4-7-2026-tang-giam-trai-chieu-1000-dong-d819819.html,
04/07/2026,nongnghiepmoitruong.vn,Miền Trung - Tây Nguyên,Khánh Hòa,61000,0.0,https://nongnghiepmoitruong.vn/gia-heo-hoi-hom-nay-4-7-2026-tang-giam-trai-chieu-1000-dong-d819819.html,
04/07/2026,nongnghiepmoitruong.vn,Miền Trung - Tây Nguyên,Lâm Đồng,61000,-1000.0,https://nongnghiepmoitruong.vn/gia-heo-hoi-hom-nay-4-7-2026-tang-giam-trai-chieu-1000-dong-d819819.html,
04/07/2026,nongnghiepmoitruong.vn,Miền Trung - Tây Nguyên,Nghệ An,65000,0.0,https://nongnghiepmoitruong.vn/gia-heo-hoi-hom-nay-4-7-2026-tang-giam-trai-chieu-1000-dong-d819819.html,
04/07/2026,nongnghiepmoitruong.vn,Miền Trung - Tây Nguyên,Quảng Ngãi,63000,0.0,https://nongnghiepmoitruong.vn/gia-heo-hoi-hom-nay-4-7-2026-tang-giam-trai-chieu-1000-dong-d819819.html,
04/07/2026,nongnghiepmoitruong.vn,Miền Trung - Tây Nguyên,Quảng Trị,64000,0.0,https://nongnghiepmoitruong.vn/gia-heo-hoi-hom-nay-4-7-2026-tang-giam-trai-chieu-1000-dong-d819819.html,
04/07/2026,nongnghiepmoitruong.vn,Miền Trung - Tây Nguyên,Thanh Hóa,65000,0.0,https://nongnghiepmoitruong.vn/gia-heo-hoi-hom-nay-4-7-2026-tang-giam-trai-chieu-1000-dong-d819819.html,
04/07/2026,nongnghiepmoitruong.vn,Miền Trung - Tây Nguyên,Đà Nẵng,62000,0.0,https://nongnghiepmoitruong.vn/gia-heo-hoi-hom-nay-4-7-2026-tang-giam-trai-chieu-1000-dong-d819819.html,
04/07/2026,nongnghiepmoitruong.vn,Miền Trung - Tây Nguyên,Đắk Lắk,62000,0.0,https://nongnghiepmoitruong.vn/gia-heo-hoi-hom-nay-4-7-2026-tang-giam-trai-chieu-1000-dong-d819819.html,
04/07/2026,vietnambiz.vn,Miền Bắc,Bắc Ninh,66000,0.0,https://vietnambiz.vn/gia-heo-hoi-hom-nay-47-thi-truong-bien-dong-trai-chieu-20266297378221.htm,
04/07/2026,vietnambiz.vn,Miền Bắc,Cao Bằng,66000,0.0,https://vietnambiz.vn/gia-heo-hoi-hom-nay-47-thi-truong-bien-dong-trai-chieu-20266297378221.htm,
04/07/2026,vietnambiz.vn,Miền Bắc,Hà Nội,66000,1000.0,https://vietnambiz.vn/gia-heo-hoi-hom-nay-47-thi-truong-bien-dong-trai-chieu-20266297378221.htm,
04/07/2026,vietnambiz.vn,Miền Bắc,Hưng Yên,66000,1000.0,https://vietnambiz.vn/gia-heo-hoi-hom-nay-47-thi-truong-bien-dong-trai-chieu-20266297378221.htm,
04/07/2026,vietnambiz.vn,Miền Bắc,Hải Phòng,66000,0.0,https://vietnambiz.vn/gia-heo-hoi-hom-nay-47-thi-truong-bien-dong-trai-chieu-20266297378221.htm,
04/07/2026,vietnambiz.vn,Miền Bắc,Lai Châu,65000,0.0,https://vietnambiz.vn/gia-heo-hoi-hom-nay-47-thi-truong-bien-dong-trai-chieu-20266297378221.htm,
04/07/2026,vietnambiz.vn,Miền Bắc,Lào Cai,65000,0.0,https://vietnambiz.vn/gia-heo-hoi-hom-nay-47-thi-truong-bien-dong-trai-chieu-20266297378221.htm,
04/07/2026,vietnambiz.vn,Miền Bắc,Lạng Sơn,66000,0.0,https://vietnambiz.vn/gia-heo-hoi-hom-nay-47-thi-truong-bien-dong-trai-chieu-20266297378221.htm,
04/07/2026,vietnambiz.vn,Miền Bắc,Ninh Bình,65000,-1000.0,https://vietnambiz.vn/gia-heo-hoi-hom-nay-47-thi-truong-bien-dong-trai-chieu-20266297378221.htm,
04/07/2026,vietnambiz.vn,Miền Bắc,Phú Thọ,65000,-1000.0,https://vietnambiz.vn/gia-heo-hoi-hom-nay-47-thi-truong-bien-dong-trai-chieu-20266297378221.htm,
04/07/2026,vietnambiz.vn,Miền Bắc,Quảng Ninh,66000,0.0,https://vietnambiz.vn/gia-heo-hoi-hom-nay-47-thi-truong-bien-dong-trai-chieu-20266297378221.htm,
04/07/2026,vietnambiz.vn,Miền Bắc,Sơn La,66000,0.0,https://vietnambiz.vn/gia-heo-hoi-hom-nay-47-thi-truong-bien-dong-trai-chieu-20266297378221.htm,
04/07/2026,vietnambiz.vn,Miền Bắc,Thái Nguyên,66000,0.0,https://vietnambiz.vn/gia-heo-hoi-hom-nay-47-thi-truong-bien-dong-trai-chieu-20266297378221.htm,
04/07/2026,vietnambiz.vn,Miền Bắc,Tuyên Quang,65000,0.0,https://vietnambiz.vn/gia-heo-hoi-hom-nay-47-thi-truong-bien-dong-trai-chieu-20266297378221.htm,
04/07/2026,vietnambiz.vn,Miền Bắc,Điện Biên,66000,0.0,https://vietnambiz.vn/gia-heo-hoi-hom-nay-47-thi-truong-bien-dong-trai-chieu-20266297378221.htm,
04/07/2026,vietnambiz.vn,Miền Nam,An Giang,61000,0.0,https://vietnambiz.vn/gia-heo-hoi-hom-nay-47-thi-truong-bien-dong-trai-chieu-20266297378221.htm,
04/07/2026,vietnambiz.vn,Miền Nam,Cà Mau,60000,0.0,https://vietnambiz.vn/gia-heo-hoi-hom-nay-47-thi-truong-bien-dong-trai-chieu-20266297378221.htm,
04/07/2026,vietnambiz.vn,Miền Nam,Cần Thơ,61000,0.0,https://vietnambiz.vn/gia-heo-hoi-hom-nay-47-thi-truong-bien-dong-trai-chieu-20266297378221.htm,
04/07/2026,vietnambiz.vn,Miền Nam,TP HCM,63000,1000.0,https://vietnambiz.vn/gia-heo-hoi-hom-nay-47-thi-truong-bien-dong-trai-chieu-20266297378221.htm,
04/07/2026,vietnambiz.vn,Miền Nam,Tây Ninh,62000,1000.0,https://vietnambiz.vn/gia-heo-hoi-hom-nay-47-thi-truong-bien-dong-trai-chieu-20266297378221.htm,
04/07/2026,vietnambiz.vn,Miền Nam,Vĩnh Long,61000,0.0,https://vietnambiz.vn/gia-heo-hoi-hom-nay-47-thi-truong-bien-dong-trai-chieu-20266297378221.htm,
04/07/2026,vietnambiz.vn,Miền Nam,Đồng Nai,63000,1000.0,https://vietnambiz.vn/gia-heo-hoi-hom-nay-47-thi-truong-bien-dong-trai-chieu-20266297378221.htm,
04/07/2026,vietnambiz.vn,Miền Nam,Đồng Tháp,60000,0.0,https://vietnambiz.vn/gia-heo-hoi-hom-nay-47-thi-truong-bien-dong-trai-chieu-20266297378221.htm,
04/07/2026,vietnambiz.vn,Miền Trung - Tây Nguyên,Gia Lai,62000,0.0,https://vietnambiz.vn/gia-heo-hoi-hom-nay-47-thi-truong-bien-dong-trai-chieu-20266297378221.htm,
04/07/2026,vietnambiz.vn,Miền Trung - Tây Nguyên,Huế,63000,0.0,https://vietnambiz.vn/gia-heo-hoi-hom-nay-47-thi-truong-bien-dong-trai-chieu-20266297378221.htm,
04/07/2026,vietnambiz.vn,Miền Trung - Tây Nguyên,Hà Tĩnh,64000,-1000.0,https://vietnambiz.vn/gia-heo-hoi-hom-nay-47-thi-truong-bien-dong-trai-chieu-20266297378221.htm,
04/07/2026,vietnambiz.vn,Miền Trung - Tây Nguyên,Khánh Hoà,61000,0.0,https://vietnambiz.vn/gia-heo-hoi-hom-nay-47-thi-truong-bien-dong-trai-chieu-20266297378221.htm,
04/07/2026,vietnambiz.vn,Miền Trung - Tây Nguyên,Lâm Đồng,61000,-1000.0,https://vietnambiz.vn/gia-heo-hoi-hom-nay-47-thi-truong-bien-dong-trai-chieu-20266297378221.htm,
04/07/2026,vietnambiz.vn,Miền Trung - Tây Nguyên,Nghệ An,65000,0.0,https://vietnambiz.vn/gia-heo-hoi-hom-nay-47-thi-truong-bien-dong-trai-chieu-20266297378221.htm,
04/07/2026,vietnambiz.vn,Miền Trung - Tây Nguyên,Quảng Ngãi,62000,0.0,https://vietnambiz.vn/gia-heo-hoi-hom-nay-47-thi-truong-bien-dong-trai-chieu-20266297378221.htm,
04/07/2026,vietnambiz.vn,Miền Trung - Tây Nguyên,Quảng Trị,64000,0.0,https://vietnambiz.vn/gia-heo-hoi-hom-nay-47-thi-truong-bien-dong-trai-chieu-20266297378221.htm,
04/07/2026,vietnambiz.vn,Miền Trung - Tây Nguyên,Thanh Hoá,65000,0.0,https://vietnambiz.vn/gia-heo-hoi-hom-nay-47-thi-truong-bien-dong-trai-chieu-20266297378221.htm,
04/07/2026,vietnambiz.vn,Miền Trung - Tây Nguyên,Đà Nẵng,62000,0.0,https://vietnambiz.vn/gia-heo-hoi-hom-nay-47-thi-truong-bien-dong-trai-chieu-20266297378221.htm,
04/07/2026,vietnambiz.vn,Miền Trung - Tây Nguyên,Đắk Lắk,62000,0.0,https://vietnambiz.vn/gia-heo-hoi-hom-nay-47-thi-truong-bien-dong-trai-chieu-20266297378221.htm,
05/07/2026,nongnghiepmoitruong.vn,Miền Bắc,Bắc Ninh,66000,-1000.0,https://nongnghiepmoitruong.vn/gia-heo-hoi-hom-nay-5-7-2026-tuan-nay-phan-ung-tieu-cuc-d819926.html,
05/07/2026,nongnghiepmoitruong.vn,Miền Bắc,Cao Bằng,66000,-1000.0,https://nongnghiepmoitruong.vn/gia-heo-hoi-hom-nay-5-7-2026-tuan-nay-phan-ung-tieu-cuc-d819926.html,
05/07/2026,nongnghiepmoitruong.vn,Miền Bắc,Hà Nội,66000,-1000.0,https://nongnghiepmoitruong.vn/gia-heo-hoi-hom-nay-5-7-2026-tuan-nay-phan-ung-tieu-cuc-d819926.html,
05/07/2026,nongnghiepmoitruong.vn,Miền Bắc,Hưng Yên,66000,-1000.0,https://nongnghiepmoitruong.vn/gia-heo-hoi-hom-nay-5-7-2026-tuan-nay-phan-ung-tieu-cuc-d819926.html,
05/07/2026,nongnghiepmoitruong.vn,Miền Bắc,Hải Phòng,66000,-1000.0,https://nongnghiepmoitruong.vn/gia-heo-hoi-hom-nay-5-7-2026-tuan-nay-phan-ung-tieu-cuc-d819926.html,
05/07/2026,nongnghiepmoitruong.vn,Miền Bắc,Lai Châu,65000,-1000.0,https://nongnghiepmoitruong.vn/gia-heo-hoi-hom-nay-5-7-2026-tuan-nay-phan-ung-tieu-cuc-d819926.html,
05/07/2026,nongnghiepmoitruong.vn,Miền Bắc,Lào Cai,65000,-1000.0,https://nongnghiepmoitruong.vn/gia-heo-hoi-hom-nay-5-7-2026-tuan-nay-phan-ung-tieu-cuc-d819926.html,
05/07/2026,nongnghiepmoitruong.vn,Miền Bắc,Lạng Sơn,66000,-1000.0,https://nongnghiepmoitruong.vn/gia-heo-hoi-hom-nay-5-7-2026-tuan-nay-phan-ung-tieu-cuc-d819926.html,
05/07/2026,nongnghiepmoitruong.vn,Miền Bắc,Ninh Bình,65000,-2000.0,https://nongnghiepmoitruong.vn/gia-heo-hoi-hom-nay-5-7-2026-tuan-nay-phan-ung-tieu-cuc-d819926.html,
05/07/2026,nongnghiepmoitruong.vn,Miền Bắc,Phú Thọ,65000,-2000.0,https://nongnghiepmoitruong.vn/gia-heo-hoi-hom-nay-5-7-2026-tuan-nay-phan-ung-tieu-cuc-d819926.html,
05/07/2026,nongnghiepmoitruong.vn,Miền Bắc,Quảng Ninh,66000,-1000.0,https://nongnghiepmoitruong.vn/gia-heo-hoi-hom-nay-5-7-2026-tuan-nay-phan-ung-tieu-cuc-d819926.html,
05/07/2026,nongnghiepmoitruong.vn,Miền Bắc,Sơn La,66000,0.0,https://nongnghiepmoitruong.vn/gia-heo-hoi-hom-nay-5-7-2026-tuan-nay-phan-ung-tieu-cuc-d819926.html,
05/07/2026,nongnghiepmoitruong.vn,Miền Bắc,Thái Nguyên,66000,-1000.0,https://nongnghiepmoitruong.vn/gia-heo-hoi-hom-nay-5-7-2026-tuan-nay-phan-ung-tieu-cuc-d819926.html,
05/07/2026,nongnghiepmoitruong.vn,Miền Bắc,Tuyên Quang,65000,-1000.0,https://nongnghiepmoitruong.vn/gia-heo-hoi-hom-nay-5-7-2026-tuan-nay-phan-ung-tieu-cuc-d819926.html,
05/07/2026,nongnghiepmoitruong.vn,Miền Bắc,Điện Biên,66000,-1000.0,https://nongnghiepmoitruong.vn/gia-heo-hoi-hom-nay-5-7-2026-tuan-nay-phan-ung-tieu-cuc-d819926.html,
05/07/2026,nongnghiepmoitruong.vn,Miền Nam,An Giang,61000,0.0,https://nongnghiepmoitruong.vn/gia-heo-hoi-hom-nay-5-7-2026-tuan-nay-phan-ung-tieu-cuc-d819926.html,
05/07/2026,nongnghiepmoitruong.vn,Miền Nam,Cà Mau,60000,-1000.0,https://nongnghiepmoitruong.vn/gia-heo-hoi-hom-nay-5-7-2026-tuan-nay-phan-ung-tieu-cuc-d819926.html,
05/07/2026,nongnghiepmoitruong.vn,Miền Nam,Cần Thơ,62000,1000.0,https://nongnghiepmoitruong.vn/gia-heo-hoi-hom-nay-5-7-2026-tuan-nay-phan-ung-tieu-cuc-d819926.html,
05/07/2026,nongnghiepmoitruong.vn,Miền Nam,TP.HCM,63000,1000.0,https://nongnghiepmoitruong.vn/gia-heo-hoi-hom-nay-5-7-2026-tuan-nay-phan-ung-tieu-cuc-d819926.html,
05/07/2026,nongnghiepmoitruong.vn,Miền Nam,Tây Ninh,62000,1000.0,https://nongnghiepmoitruong.vn/gia-heo-hoi-hom-nay-5-7-2026-tuan-nay-phan-ung-tieu-cuc-d819926.html,
05/07/2026,nongnghiepmoitruong.vn,Miền Nam,Vĩnh Long,62000,1000.0,https://nongnghiepmoitruong.vn/gia-heo-hoi-hom-nay-5-7-2026-tuan-nay-phan-ung-tieu-cuc-d819926.html,
05/07/2026,nongnghiepmoitruong.vn,Miền Nam,Đồng Nai,63000,0.0,https://nongnghiepmoitruong.vn/gia-heo-hoi-hom-nay-5-7-2026-tuan-nay-phan-ung-tieu-cuc-d819926.html,
05/07/2026,nongnghiepmoitruong.vn,Miền Nam,Đồng Tháp,60000,-1000.0,https://nongnghiepmoitruong.vn/gia-heo-hoi-hom-nay-5-7-2026-tuan-nay-phan-ung-tieu-cuc-d819926.html,
05/07/2026,nongnghiepmoitruong.vn,Miền Trung - Tây Nguyên,Gia Lai,62000,-1000.0,https://nongnghiepmoitruong.vn/gia-heo-hoi-hom-nay-5-7-2026-tuan-nay-phan-ung-tieu-cuc-d819926.html,
05/07/2026,nongnghiepmoitruong.vn,Miền Trung - Tây Nguyên,Huế,63000,0.0,https://nongnghiepmoitruong.vn/gia-heo-hoi-hom-nay-5-7-2026-tuan-nay-phan-ung-tieu-cuc-d819926.html,
05/07/2026,nongnghiepmoitruong.vn,Miền Trung - Tây Nguyên,Hà Tĩnh,64000,-1000.0,https://nongnghiepmoitruong.vn/gia-heo-hoi-hom-nay-5-7-2026-tuan-nay-phan-ung-tieu-cuc-d819926.html,
05/07/2026,nongnghiepmoitruong.vn,Miền Trung - Tây Nguyên,Khánh Hòa,61000,-1000.0,https://nongnghiepmoitruong.vn/gia-heo-hoi-hom-nay-5-7-2026-tuan-nay-phan-ung-tieu-cuc-d819926.html,
05/07/2026,nongnghiepmoitruong.vn,Miền Trung - Tây Nguyên,Lâm Đồng,61000,-2000.0,https://nongnghiepmoitruong.vn/gia-heo-hoi-hom-nay-5-7-2026-tuan-nay-phan-ung-tieu-cuc-d819926.html,
05/07/2026,nongnghiepmoitruong.vn,Miền Trung - Tây Nguyên,Nghệ An,65000,-1000.0,https://nongnghiepmoitruong.vn/gia-heo-hoi-hom-nay-5-7-2026-tuan-nay-phan-ung-tieu-cuc-d819926.html,
05/07/2026,nongnghiepmoitruong.vn,Miền Trung - Tây Nguyên,Quảng Ngãi,63000,0.0,https://nongnghiepmoitruong.vn/gia-heo-hoi-hom-nay-5-7-2026-tuan-nay-phan-ung-tieu-cuc-d819926.html,
05/07/2026,nongnghiepmoitruong.vn,Miền Trung - Tây Nguyên,Quảng Trị,64000,0.0,https://nongnghiepmoitruong.vn/gia-heo-hoi-hom-nay-5-7-2026-tuan-nay-phan-ung-tieu-cuc-d819926.html,
05/07/2026,nongnghiepmoitruong.vn,Miền Trung - Tây Nguyên,Thanh Hóa,65000,-2000.0,https://nongnghiepmoitruong.vn/gia-heo-hoi-hom-nay-5-7-2026-tuan-nay-phan-ung-tieu-cuc-d819926.html,
05/07/2026,nongnghiepmoitruong.vn,Miền Trung - Tây Nguyên,Đà Nẵng,62000,-1000.0,https://nongnghiepmoitruong.vn/gia-heo-hoi-hom-nay-5-7-2026-tuan-nay-phan-ung-tieu-cuc-d819926.html,
05/07/2026,nongnghiepmoitruong.vn,Miền Trung - Tây Nguyên,Đắk Lắk,62000,0.0,https://nongnghiepmoitruong.vn/gia-heo-hoi-hom-nay-5-7-2026-tuan-nay-phan-ung-tieu-cuc-d819926.html,
06/07/2026,nongnghiepmoitruong.vn,Miền Bắc,Bắc Ninh,66000,0.0,https://nongnghiepmoitruong.vn/gia-heo-hoi-hom-nay-6-7-2026-it-co-su-dieu-chinh-moi-d820024.html,
06/07/2026,nongnghiepmoitruong.vn,Miền Bắc,Cao Bằng,66000,0.0,https://nongnghiepmoitruong.vn/gia-heo-hoi-hom-nay-6-7-2026-it-co-su-dieu-chinh-moi-d820024.html,
06/07/2026,nongnghiepmoitruong.vn,Miền Bắc,Hà Nội,66000,0.0,https://nongnghiepmoitruong.vn/gia-heo-hoi-hom-nay-6-7-2026-it-co-su-dieu-chinh-moi-d820024.html,
06/07/2026,nongnghiepmoitruong.vn,Miền Bắc,Hưng Yên,66000,0.0,https://nongnghiepmoitruong.vn/gia-heo-hoi-hom-nay-6-7-2026-it-co-su-dieu-chinh-moi-d820024.html,
06/07/2026,nongnghiepmoitruong.vn,Miền Bắc,Hải Phòng,66000,0.0,https://nongnghiepmoitruong.vn/gia-heo-hoi-hom-nay-6-7-2026-it-co-su-dieu-chinh-moi-d820024.html,
06/07/2026,nongnghiepmoitruong.vn,Miền Bắc,Lai Châu,65000,0.0,https://nongnghiepmoitruong.vn/gia-heo-hoi-hom-nay-6-7-2026-it-co-su-dieu-chinh-moi-d820024.html,
06/07/2026,nongnghiepmoitruong.vn,Miền Bắc,Lào Cai,65000,0.0,https://nongnghiepmoitruong.vn/gia-heo-hoi-hom-nay-6-7-2026-it-co-su-dieu-chinh-moi-d820024.html,
06/07/2026,nongnghiepmoitruong.vn,Miền Bắc,Lạng Sơn,66000,0.0,https://nongnghiepmoitruong.vn/gia-heo-hoi-hom-nay-6-7-2026-it-co-su-dieu-chinh-moi-d820024.html,
06/07/2026,nongnghiepmoitruong.vn,Miền Bắc,Ninh Bình,65000,0.0,https://nongnghiepmoitruong.vn/gia-heo-hoi-hom-nay-6-7-2026-it-co-su-dieu-chinh-moi-d820024.html,
06/07/2026,nongnghiepmoitruong.vn,Miền Bắc,Phú Thọ,65000,0.0,https://nongnghiepmoitruong.vn/gia-heo-hoi-hom-nay-6-7-2026-it-co-su-dieu-chinh-moi-d820024.html,
06/07/2026,nongnghiepmoitruong.vn,Miền Bắc,Quảng Ninh,66000,0.0,https://nongnghiepmoitruong.vn/gia-heo-hoi-hom-nay-6-7-2026-it-co-su-dieu-chinh-moi-d820024.html,
06/07/2026,nongnghiepmoitruong.vn,Miền Bắc,Sơn La,66000,0.0,https://nongnghiepmoitruong.vn/gia-heo-hoi-hom-nay-6-7-2026-it-co-su-dieu-chinh-moi-d820024.html,
06/07/2026,nongnghiepmoitruong.vn,Miền Bắc,Thái Nguyên,66000,0.0,https://nongnghiepmoitruong.vn/gia-heo-hoi-hom-nay-6-7-2026-it-co-su-dieu-chinh-moi-d820024.html,
06/07/2026,nongnghiepmoitruong.vn,Miền Bắc,Tuyên Quang,65000,0.0,https://nongnghiepmoitruong.vn/gia-heo-hoi-hom-nay-6-7-2026-it-co-su-dieu-chinh-moi-d820024.html,
06/07/2026,nongnghiepmoitruong.vn,Miền Bắc,Điện Biên,66000,0.0,https://nongnghiepmoitruong.vn/gia-heo-hoi-hom-nay-6-7-2026-it-co-su-dieu-chinh-moi-d820024.html,
06/07/2026,nongnghiepmoitruong.vn,Miền Nam,An Giang,61000,0.0,https://nongnghiepmoitruong.vn/gia-heo-hoi-hom-nay-6-7-2026-it-co-su-dieu-chinh-moi-d820024.html,
06/07/2026,nongnghiepmoitruong.vn,Miền Nam,Cà Mau,60000,0.0,https://nongnghiepmoitruong.vn/gia-heo-hoi-hom-nay-6-7-2026-it-co-su-dieu-chinh-moi-d820024.html,
06/07/2026,nongnghiepmoitruong.vn,Miền Nam,Cần Thơ,62000,0.0,https://nongnghiepmoitruong.vn/gia-heo-hoi-hom-nay-6-7-2026-it-co-su-dieu-chinh-moi-d820024.html,
06/07/2026,nongnghiepmoitruong.vn,Miền Nam,TP.HCM,63000,0.0,https://nongnghiepmoitruong.vn/gia-heo-hoi-hom-nay-6-7-2026-it-co-su-dieu-chinh-moi-d820024.html,
06/07/2026,nongnghiepmoitruong.vn,Miền Nam,Tây Ninh,62000,0.0,https://nongnghiepmoitruong.vn/gia-heo-hoi-hom-nay-6-7-2026-it-co-su-dieu-chinh-moi-d820024.html,
06/07/2026,nongnghiepmoitruong.vn,Miền Nam,Vĩnh Long,62000,0.0,https://nongnghiepmoitruong.vn/gia-heo-hoi-hom-nay-6-7-2026-it-co-su-dieu-chinh-moi-d820024.html,
06/07/2026,nongnghiepmoitruong.vn,Miền Nam,Đồng Nai,63000,0.0,https://nongnghiepmoitruong.vn/gia-heo-hoi-hom-nay-6-7-2026-it-co-su-dieu-chinh-moi-d820024.html,
06/07/2026,nongnghiepmoitruong.vn,Miền Nam,Đồng Tháp,60000,0.0,https://nongnghiepmoitruong.vn/gia-heo-hoi-hom-nay-6-7-2026-it-co-su-dieu-chinh-moi-d820024.html,
06/07/2026,nongnghiepmoitruong.vn,Miền Trung - Tây Nguyên,Gia Lai,62000,0.0,https://nongnghiepmoitruong.vn/gia-heo-hoi-hom-nay-6-7-2026-it-co-su-dieu-chinh-moi-d820024.html,
06/07/2026,nongnghiepmoitruong.vn,Miền Trung - Tây Nguyên,Huế,63000,0.0,https://nongnghiepmoitruong.vn/gia-heo-hoi-hom-nay-6-7-2026-it-co-su-dieu-chinh-moi-d820024.html,
06/07/2026,nongnghiepmoitruong.vn,Miền Trung - Tây Nguyên,Hà Tĩnh,64000,0.0,https://nongnghiepmoitruong.vn/gia-heo-hoi-hom-nay-6-7-2026-it-co-su-dieu-chinh-moi-d820024.html,
06/07/2026,nongnghiepmoitruong.vn,Miền Trung - Tây Nguyên,Khánh Hòa,61000,0.0,https://nongnghiepmoitruong.vn/gia-heo-hoi-hom-nay-6-7-2026-it-co-su-dieu-chinh-moi-d820024.html,
06/07/2026,nongnghiepmoitruong.vn,Miền Trung - Tây Nguyên,Lâm Đồng,62000,1000.0,https://nongnghiepmoitruong.vn/gia-heo-hoi-hom-nay-6-7-2026-it-co-su-dieu-chinh-moi-d820024.html,
06/07/2026,nongnghiepmoitruong.vn,Miền Trung - Tây Nguyên,Nghệ An,65000,0.0,https://nongnghiepmoitruong.vn/gia-heo-hoi-hom-nay-6-7-2026-it-co-su-dieu-chinh-moi-d820024.html,
06/07/2026,nongnghiepmoitruong.vn,Miền Trung - Tây Nguyên,Quảng Ngãi,63000,0.0,https://nongnghiepmoitruong.vn/gia-heo-hoi-hom-nay-6-7-2026-it-co-su-dieu-chinh-moi-d820024.html,
06/07/2026,nongnghiepmoitruong.vn,Miền Trung - Tây Nguyên,Quảng Trị,64000,0.0,https://nongnghiepmoitruong.vn/gia-heo-hoi-hom-nay-6-7-2026-it-co-su-dieu-chinh-moi-d820024.html,
06/07/2026,nongnghiepmoitruong.vn,Miền Trung - Tây Nguyên,Thanh Hóa,65000,0.0,https://nongnghiepmoitruong.vn/gia-heo-hoi-hom-nay-6-7-2026-it-co-su-dieu-chinh-moi-d820024.html,
06/07/2026,nongnghiepmoitruong.vn,Miền Trung - Tây Nguyên,Đà Nẵng,62000,0.0,https://nongnghiepmoitruong.vn/gia-heo-hoi-hom-nay-6-7-2026-it-co-su-dieu-chinh-moi-d820024.html,
06/07/2026,nongnghiepmoitruong.vn,Miền Trung - Tây Nguyên,Đắk Lắk,62000,0.0,https://nongnghiepmoitruong.vn/gia-heo-hoi-hom-nay-6-7-2026-it-co-su-dieu-chinh-moi-d820024.html,
06/07/2026,vietnambiz.vn,Miền Bắc,Bắc Ninh,66000,0.0,https://vietnambiz.vn/gia-heo-hoi-hom-nay-67-mot-tinh-tang-nhe-20267603840202.htm,
06/07/2026,vietnambiz.vn,Miền Bắc,Cao Bằng,66000,0.0,https://vietnambiz.vn/gia-heo-hoi-hom-nay-67-mot-tinh-tang-nhe-20267603840202.htm,
06/07/2026,vietnambiz.vn,Miền Bắc,Hà Nội,66000,0.0,https://vietnambiz.vn/gia-heo-hoi-hom-nay-67-mot-tinh-tang-nhe-20267603840202.htm,
06/07/2026,vietnambiz.vn,Miền Bắc,Hưng Yên,66000,0.0,https://vietnambiz.vn/gia-heo-hoi-hom-nay-67-mot-tinh-tang-nhe-20267603840202.htm,
06/07/2026,vietnambiz.vn,Miền Bắc,Hải Phòng,66000,0.0,https://vietnambiz.vn/gia-heo-hoi-hom-nay-67-mot-tinh-tang-nhe-20267603840202.htm,
06/07/2026,vietnambiz.vn,Miền Bắc,Lai Châu,65000,0.0,https://vietnambiz.vn/gia-heo-hoi-hom-nay-67-mot-tinh-tang-nhe-20267603840202.htm,
06/07/2026,vietnambiz.vn,Miền Bắc,Lào Cai,65000,0.0,https://vietnambiz.vn/gia-heo-hoi-hom-nay-67-mot-tinh-tang-nhe-20267603840202.htm,
06/07/2026,vietnambiz.vn,Miền Bắc,Lạng Sơn,66000,0.0,https://vietnambiz.vn/gia-heo-hoi-hom-nay-67-mot-tinh-tang-nhe-20267603840202.htm,
06/07/2026,vietnambiz.vn,Miền Bắc,Ninh Bình,65000,0.0,https://vietnambiz.vn/gia-heo-hoi-hom-nay-67-mot-tinh-tang-nhe-20267603840202.htm,
06/07/2026,vietnambiz.vn,Miền Bắc,Phú Thọ,65000,0.0,https://vietnambiz.vn/gia-heo-hoi-hom-nay-67-mot-tinh-tang-nhe-20267603840202.htm,
06/07/2026,vietnambiz.vn,Miền Bắc,Quảng Ninh,66000,0.0,https://vietnambiz.vn/gia-heo-hoi-hom-nay-67-mot-tinh-tang-nhe-20267603840202.htm,
06/07/2026,vietnambiz.vn,Miền Bắc,Sơn La,66000,0.0,https://vietnambiz.vn/gia-heo-hoi-hom-nay-67-mot-tinh-tang-nhe-20267603840202.htm,
06/07/2026,vietnambiz.vn,Miền Bắc,Thái Nguyên,66000,0.0,https://vietnambiz.vn/gia-heo-hoi-hom-nay-67-mot-tinh-tang-nhe-20267603840202.htm,
06/07/2026,vietnambiz.vn,Miền Bắc,Tuyên Quang,65000,0.0,https://vietnambiz.vn/gia-heo-hoi-hom-nay-67-mot-tinh-tang-nhe-20267603840202.htm,
06/07/2026,vietnambiz.vn,Miền Bắc,Điện Biên,66000,0.0,https://vietnambiz.vn/gia-heo-hoi-hom-nay-67-mot-tinh-tang-nhe-20267603840202.htm,
06/07/2026,vietnambiz.vn,Miền Nam,An Giang,61000,0.0,https://vietnambiz.vn/gia-heo-hoi-hom-nay-67-mot-tinh-tang-nhe-20267603840202.htm,
06/07/2026,vietnambiz.vn,Miền Nam,Cà Mau,60000,0.0,https://vietnambiz.vn/gia-heo-hoi-hom-nay-67-mot-tinh-tang-nhe-20267603840202.htm,
06/07/2026,vietnambiz.vn,Miền Nam,Cần Thơ,61000,0.0,https://vietnambiz.vn/gia-heo-hoi-hom-nay-67-mot-tinh-tang-nhe-20267603840202.htm,
06/07/2026,vietnambiz.vn,Miền Nam,TP HCM,63000,0.0,https://vietnambiz.vn/gia-heo-hoi-hom-nay-67-mot-tinh-tang-nhe-20267603840202.htm,
06/07/2026,vietnambiz.vn,Miền Nam,Tây Ninh,62000,0.0,https://vietnambiz.vn/gia-heo-hoi-hom-nay-67-mot-tinh-tang-nhe-20267603840202.htm,
06/07/2026,vietnambiz.vn,Miền Nam,Vĩnh Long,61000,0.0,https://vietnambiz.vn/gia-heo-hoi-hom-nay-67-mot-tinh-tang-nhe-20267603840202.htm,
06/07/2026,vietnambiz.vn,Miền Nam,Đồng Nai,63000,0.0,https://vietnambiz.vn/gia-heo-hoi-hom-nay-67-mot-tinh-tang-nhe-20267603840202.htm,
06/07/2026,vietnambiz.vn,Miền Nam,Đồng Tháp,60000,0.0,https://vietnambiz.vn/gia-heo-hoi-hom-nay-67-mot-tinh-tang-nhe-20267603840202.htm,
06/07/2026,vietnambiz.vn,Miền Trung - Tây Nguyên,Gia Lai,62000,0.0,https://vietnambiz.vn/gia-heo-hoi-hom-nay-67-mot-tinh-tang-nhe-20267603840202.htm,
06/07/2026,vietnambiz.vn,Miền Trung - Tây Nguyên,Huế,63000,0.0,https://vietnambiz.vn/gia-heo-hoi-hom-nay-67-mot-tinh-tang-nhe-20267603840202.htm,
06/07/2026,vietnambiz.vn,Miền Trung - Tây Nguyên,Hà Tĩnh,64000,0.0,https://vietnambiz.vn/gia-heo-hoi-hom-nay-67-mot-tinh-tang-nhe-20267603840202.htm,
06/07/2026,vietnambiz.vn,Miền Trung - Tây Nguyên,Khánh Hoà,61000,0.0,https://vietnambiz.vn/gia-heo-hoi-hom-nay-67-mot-tinh-tang-nhe-20267603840202.htm,
06/07/2026,vietnambiz.vn,Miền Trung - Tây Nguyên,Lâm Đồng,62000,1000.0,https://vietnambiz.vn/gia-heo-hoi-hom-nay-67-mot-tinh-tang-nhe-20267603840202.htm,
06/07/2026,vietnambiz.vn,Miền Trung - Tây Nguyên,Nghệ An,65000,0.0,https://vietnambiz.vn/gia-heo-hoi-hom-nay-67-mot-tinh-tang-nhe-20267603840202.htm,
06/07/2026,vietnambiz.vn,Miền Trung - Tây Nguyên,Quảng Ngãi,62000,0.0,https://vietnambiz.vn/gia-heo-hoi-hom-nay-67-mot-tinh-tang-nhe-20267603840202.htm,
06/07/2026,vietnambiz.vn,Miền Trung - Tây Nguyên,Quảng Trị,64000,0.0,https://vietnambiz.vn/gia-heo-hoi-hom-nay-67-mot-tinh-tang-nhe-20267603840202.htm,
06/07/2026,vietnambiz.vn,Miền Trung - Tây Nguyên,Thanh Hoá,65000,0.0,https://vietnambiz.vn/gia-heo-hoi-hom-nay-67-mot-tinh-tang-nhe-20267603840202.htm,
06/07/2026,vietnambiz.vn,Miền Trung - Tây Nguyên,Đà Nẵng,62000,0.0,https://vietnambiz.vn/gia-heo-hoi-hom-nay-67-mot-tinh-tang-nhe-20267603840202.htm,
06/07/2026,vietnambiz.vn,Miền Trung - Tây Nguyên,Đắk Lắk,62000,0.0,https://vietnambiz.vn/gia-heo-hoi-hom-nay-67-mot-tinh-tang-nhe-20267603840202.htm,
07/07/2026,nongnghiepmoitruong.vn,Miền Bắc,Bắc Ninh,66000,0.0,https://nongnghiepmoitruong.vn/gia-heo-hoi-hom-nay-7-7-2026-mien-bac-giam-nhe-1000-dong-d820184.html,
07/07/2026,nongnghiepmoitruong.vn,Miền Bắc,Cao Bằng,65000,-1000.0,https://nongnghiepmoitruong.vn/gia-heo-hoi-hom-nay-7-7-2026-mien-bac-giam-nhe-1000-dong-d820184.html,
07/07/2026,nongnghiepmoitruong.vn,Miền Bắc,Hà Nội,66000,0.0,https://nongnghiepmoitruong.vn/gia-heo-hoi-hom-nay-7-7-2026-mien-bac-giam-nhe-1000-dong-d820184.html,
07/07/2026,nongnghiepmoitruong.vn,Miền Bắc,Hưng Yên,66000,0.0,https://nongnghiepmoitruong.vn/gia-heo-hoi-hom-nay-7-7-2026-mien-bac-giam-nhe-1000-dong-d820184.html,
07/07/2026,nongnghiepmoitruong.vn,Miền Bắc,Hải Phòng,66000,0.0,https://nongnghiepmoitruong.vn/gia-heo-hoi-hom-nay-7-7-2026-mien-bac-giam-nhe-1000-dong-d820184.html,
07/07/2026,nongnghiepmoitruong.vn,Miền Bắc,Lai Châu,65000,0.0,https://nongnghiepmoitruong.vn/gia-heo-hoi-hom-nay-7-7-2026-mien-bac-giam-nhe-1000-dong-d820184.html,
07/07/2026,nongnghiepmoitruong.vn,Miền Bắc,Lào Cai,65000,0.0,https://nongnghiepmoitruong.vn/gia-heo-hoi-hom-nay-7-7-2026-mien-bac-giam-nhe-1000-dong-d820184.html,
07/07/2026,nongnghiepmoitruong.vn,Miền Bắc,Lạng Sơn,65000,-1000.0,https://nongnghiepmoitruong.vn/gia-heo-hoi-hom-nay-7-7-2026-mien-bac-giam-nhe-1000-dong-d820184.html,
07/07/2026,nongnghiepmoitruong.vn,Miền Bắc,Ninh Bình,65000,0.0,https://nongnghiepmoitruong.vn/gia-heo-hoi-hom-nay-7-7-2026-mien-bac-giam-nhe-1000-dong-d820184.html,
07/07/2026,nongnghiepmoitruong.vn,Miền Bắc,Phú Thọ,65000,0.0,https://nongnghiepmoitruong.vn/gia-heo-hoi-hom-nay-7-7-2026-mien-bac-giam-nhe-1000-dong-d820184.html,
07/07/2026,nongnghiepmoitruong.vn,Miền Bắc,Quảng Ninh,66000,0.0,https://nongnghiepmoitruong.vn/gia-heo-hoi-hom-nay-7-7-2026-mien-bac-giam-nhe-1000-dong-d820184.html,
07/07/2026,nongnghiepmoitruong.vn,Miền Bắc,Sơn La,65000,-1000.0,https://nongnghiepmoitruong.vn/gia-heo-hoi-hom-nay-7-7-2026-mien-bac-giam-nhe-1000-dong-d820184.html,
07/07/2026,nongnghiepmoitruong.vn,Miền Bắc,Thái Nguyên,65000,-1000.0,https://nongnghiepmoitruong.vn/gia-heo-hoi-hom-nay-7-7-2026-mien-bac-giam-nhe-1000-dong-d820184.html,
07/07/2026,nongnghiepmoitruong.vn,Miền Bắc,Tuyên Quang,65000,0.0,https://nongnghiepmoitruong.vn/gia-heo-hoi-hom-nay-7-7-2026-mien-bac-giam-nhe-1000-dong-d820184.html,
07/07/2026,nongnghiepmoitruong.vn,Miền Bắc,Điện Biên,66000,0.0,https://nongnghiepmoitruong.vn/gia-heo-hoi-hom-nay-7-7-2026-mien-bac-giam-nhe-1000-dong-d820184.html,
07/07/2026,nongnghiepmoitruong.vn,Miền Nam,An Giang,61000,0.0,https://nongnghiepmoitruong.vn/gia-heo-hoi-hom-nay-7-7-2026-mien-bac-giam-nhe-1000-dong-d820184.html,
07/07/2026,nongnghiepmoitruong.vn,Miền Nam,Cà Mau,60000,0.0,https://nongnghiepmoitruong.vn/gia-heo-hoi-hom-nay-7-7-2026-mien-bac-giam-nhe-1000-dong-d820184.html,
07/07/2026,nongnghiepmoitruong.vn,Miền Nam,Cần Thơ,61000,0.0,https://nongnghiepmoitruong.vn/gia-heo-hoi-hom-nay-7-7-2026-mien-bac-giam-nhe-1000-dong-d820184.html,
07/07/2026,nongnghiepmoitruong.vn,Miền Nam,TP.HCM,63000,0.0,https://nongnghiepmoitruong.vn/gia-heo-hoi-hom-nay-7-7-2026-mien-bac-giam-nhe-1000-dong-d820184.html,
07/07/2026,nongnghiepmoitruong.vn,Miền Nam,Tây Ninh,62000,0.0,https://nongnghiepmoitruong.vn/gia-heo-hoi-hom-nay-7-7-2026-mien-bac-giam-nhe-1000-dong-d820184.html,
07/07/2026,nongnghiepmoitruong.vn,Miền Nam,Vĩnh Long,61000,0.0,https://nongnghiepmoitruong.vn/gia-heo-hoi-hom-nay-7-7-2026-mien-bac-giam-nhe-1000-dong-d820184.html,
07/07/2026,nongnghiepmoitruong.vn,Miền Nam,Đồng Nai,63000,0.0,https://nongnghiepmoitruong.vn/gia-heo-hoi-hom-nay-7-7-2026-mien-bac-giam-nhe-1000-dong-d820184.html,
07/07/2026,nongnghiepmoitruong.vn,Miền Nam,Đồng Tháp,60000,0.0,https://nongnghiepmoitruong.vn/gia-heo-hoi-hom-nay-7-7-2026-mien-bac-giam-nhe-1000-dong-d820184.html,
07/07/2026,nongnghiepmoitruong.vn,Miền Trung - Tây Nguyên,Gia Lai,62000,0.0,https://nongnghiepmoitruong.vn/gia-heo-hoi-hom-nay-7-7-2026-mien-bac-giam-nhe-1000-dong-d820184.html,
07/07/2026,nongnghiepmoitruong.vn,Miền Trung - Tây Nguyên,Huế,63000,0.0,https://nongnghiepmoitruong.vn/gia-heo-hoi-hom-nay-7-7-2026-mien-bac-giam-nhe-1000-dong-d820184.html,
07/07/2026,nongnghiepmoitruong.vn,Miền Trung - Tây Nguyên,Hà Tĩnh,64000,0.0,https://nongnghiepmoitruong.vn/gia-heo-hoi-hom-nay-7-7-2026-mien-bac-giam-nhe-1000-dong-d820184.html,
07/07/2026,nongnghiepmoitruong.vn,Miền Trung - Tây Nguyên,Khánh Hòa,61000,0.0,https://nongnghiepmoitruong.vn/gia-heo-hoi-hom-nay-7-7-2026-mien-bac-giam-nhe-1000-dong-d820184.html,
07/07/2026,nongnghiepmoitruong.vn,Miền Trung - Tây Nguyên,Lâm Đồng,62000,0.0,https://nongnghiepmoitruong.vn/gia-heo-hoi-hom-nay-7-7-2026-mien-bac-giam-nhe-1000-dong-d820184.html,
07/07/2026,nongnghiepmoitruong.vn,Miền Trung - Tây Nguyên,Nghệ An,65000,0.0,https://nongnghiepmoitruong.vn/gia-heo-hoi-hom-nay-7-7-2026-mien-bac-giam-nhe-1000-dong-d820184.html,
07/07/2026,nongnghiepmoitruong.vn,Miền Trung - Tây Nguyên,Quảng Ngãi,62000,0.0,https://nongnghiepmoitruong.vn/gia-heo-hoi-hom-nay-7-7-2026-mien-bac-giam-nhe-1000-dong-d820184.html,
07/07/2026,nongnghiepmoitruong.vn,Miền Trung - Tây Nguyên,Quảng Trị,64000,0.0,https://nongnghiepmoitruong.vn/gia-heo-hoi-hom-nay-7-7-2026-mien-bac-giam-nhe-1000-dong-d820184.html,
07/07/2026,nongnghiepmoitruong.vn,Miền Trung - Tây Nguyên,Thanh Hóa,65000,0.0,https://nongnghiepmoitruong.vn/gia-heo-hoi-hom-nay-7-7-2026-mien-bac-giam-nhe-1000-dong-d820184.html,
07/07/2026,nongnghiepmoitruong.vn,Miền Trung - Tây Nguyên,Đà Nẵng,62000,0.0,https://nongnghiepmoitruong.vn/gia-heo-hoi-hom-nay-7-7-2026-mien-bac-giam-nhe-1000-dong-d820184.html,
07/07/2026,nongnghiepmoitruong.vn,Miền Trung - Tây Nguyên,Đắk Lắk,62000,0.0,https://nongnghiepmoitruong.vn/gia-heo-hoi-hom-nay-7-7-2026-mien-bac-giam-nhe-1000-dong-d820184.html,
07/07/2026,vietnambiz.vn,Miền Bắc,Bắc Ninh,66000,0.0,https://vietnambiz.vn/gia-heo-hoi-hom-nay-77-giam-nhe-tai-mot-so-tinh-mien-nui-phia-bac-20267761825952.htm,
07/07/2026,vietnambiz.vn,Miền Bắc,Cao Bằng,65000,-1000.0,https://vietnambiz.vn/gia-heo-hoi-hom-nay-77-giam-nhe-tai-mot-so-tinh-mien-nui-phia-bac-20267761825952.htm,
07/07/2026,vietnambiz.vn,Miền Bắc,Hà Nội,66000,0.0,https://vietnambiz.vn/gia-heo-hoi-hom-nay-77-giam-nhe-tai-mot-so-tinh-mien-nui-phia-bac-20267761825952.htm,
07/07/2026,vietnambiz.vn,Miền Bắc,Hưng Yên,66000,0.0,https://vietnambiz.vn/gia-heo-hoi-hom-nay-77-giam-nhe-tai-mot-so-tinh-mien-nui-phia-bac-20267761825952.htm,
07/07/2026,vietnambiz.vn,Miền Bắc,Hải Phòng,66000,0.0,https://vietnambiz.vn/gia-heo-hoi-hom-nay-77-giam-nhe-tai-mot-so-tinh-mien-nui-phia-bac-20267761825952.htm,
07/07/2026,vietnambiz.vn,Miền Bắc,Lai Châu,65000,0.0,https://vietnambiz.vn/gia-heo-hoi-hom-nay-77-giam-nhe-tai-mot-so-tinh-mien-nui-phia-bac-20267761825952.htm,
07/07/2026,vietnambiz.vn,Miền Bắc,Lào Cai,65000,0.0,https://vietnambiz.vn/gia-heo-hoi-hom-nay-77-giam-nhe-tai-mot-so-tinh-mien-nui-phia-bac-20267761825952.htm,
07/07/2026,vietnambiz.vn,Miền Bắc,Lạng Sơn,65000,-1000.0,https://vietnambiz.vn/gia-heo-hoi-hom-nay-77-giam-nhe-tai-mot-so-tinh-mien-nui-phia-bac-20267761825952.htm,
07/07/2026,vietnambiz.vn,Miền Bắc,Ninh Bình,65000,0.0,https://vietnambiz.vn/gia-heo-hoi-hom-nay-77-giam-nhe-tai-mot-so-tinh-mien-nui-phia-bac-20267761825952.htm,
07/07/2026,vietnambiz.vn,Miền Bắc,Phú Thọ,65000,0.0,https://vietnambiz.vn/gia-heo-hoi-hom-nay-77-giam-nhe-tai-mot-so-tinh-mien-nui-phia-bac-20267761825952.htm,
07/07/2026,vietnambiz.vn,Miền Bắc,Quảng Ninh,66000,0.0,https://vietnambiz.vn/gia-heo-hoi-hom-nay-77-giam-nhe-tai-mot-so-tinh-mien-nui-phia-bac-20267761825952.htm,
07/07/2026,vietnambiz.vn,Miền Bắc,Sơn La,65000,-1000.0,https://vietnambiz.vn/gia-heo-hoi-hom-nay-77-giam-nhe-tai-mot-so-tinh-mien-nui-phia-bac-20267761825952.htm,
07/07/2026,vietnambiz.vn,Miền Bắc,Thái Nguyên,65000,-1000.0,https://vietnambiz.vn/gia-heo-hoi-hom-nay-77-giam-nhe-tai-mot-so-tinh-mien-nui-phia-bac-20267761825952.htm,
07/07/2026,vietnambiz.vn,Miền Bắc,Tuyên Quang,65000,0.0,https://vietnambiz.vn/gia-heo-hoi-hom-nay-77-giam-nhe-tai-mot-so-tinh-mien-nui-phia-bac-20267761825952.htm,
07/07/2026,vietnambiz.vn,Miền Bắc,Điện Biên,66000,0.0,https://vietnambiz.vn/gia-heo-hoi-hom-nay-77-giam-nhe-tai-mot-so-tinh-mien-nui-phia-bac-20267761825952.htm,
07/07/2026,vietnambiz.vn,Miền Nam,An Giang,61000,0.0,https://vietnambiz.vn/gia-heo-hoi-hom-nay-77-giam-nhe-tai-mot-so-tinh-mien-nui-phia-bac-20267761825952.htm,
07/07/2026,vietnambiz.vn,Miền Nam,Cà Mau,60000,0.0,https://vietnambiz.vn/gia-heo-hoi-hom-nay-77-giam-nhe-tai-mot-so-tinh-mien-nui-phia-bac-20267761825952.htm,
07/07/2026,vietnambiz.vn,Miền Nam,Cần Thơ,61000,0.0,https://vietnambiz.vn/gia-heo-hoi-hom-nay-77-giam-nhe-tai-mot-so-tinh-mien-nui-phia-bac-20267761825952.htm,
07/07/2026,vietnambiz.vn,Miền Nam,TP HCM,63000,0.0,https://vietnambiz.vn/gia-heo-hoi-hom-nay-77-giam-nhe-tai-mot-so-tinh-mien-nui-phia-bac-20267761825952.htm,
07/07/2026,vietnambiz.vn,Miền Nam,Tây Ninh,62000,0.0,https://vietnambiz.vn/gia-heo-hoi-hom-nay-77-giam-nhe-tai-mot-so-tinh-mien-nui-phia-bac-20267761825952.htm,
07/07/2026,vietnambiz.vn,Miền Nam,Vĩnh Long,61000,0.0,https://vietnambiz.vn/gia-heo-hoi-hom-nay-77-giam-nhe-tai-mot-so-tinh-mien-nui-phia-bac-20267761825952.htm,
07/07/2026,vietnambiz.vn,Miền Nam,Đồng Nai,63000,0.0,https://vietnambiz.vn/gia-heo-hoi-hom-nay-77-giam-nhe-tai-mot-so-tinh-mien-nui-phia-bac-20267761825952.htm,
07/07/2026,vietnambiz.vn,Miền Nam,Đồng Tháp,60000,0.0,https://vietnambiz.vn/gia-heo-hoi-hom-nay-77-giam-nhe-tai-mot-so-tinh-mien-nui-phia-bac-20267761825952.htm,
07/07/2026,vietnambiz.vn,Miền Trung - Tây Nguyên,Gia Lai,62000,0.0,https://vietnambiz.vn/gia-heo-hoi-hom-nay-77-giam-nhe-tai-mot-so-tinh-mien-nui-phia-bac-20267761825952.htm,
07/07/2026,vietnambiz.vn,Miền Trung - Tây Nguyên,Huế,63000,0.0,https://vietnambiz.vn/gia-heo-hoi-hom-nay-77-giam-nhe-tai-mot-so-tinh-mien-nui-phia-bac-20267761825952.htm,
07/07/2026,vietnambiz.vn,Miền Trung - Tây Nguyên,Hà Tĩnh,64000,0.0,https://vietnambiz.vn/gia-heo-hoi-hom-nay-77-giam-nhe-tai-mot-so-tinh-mien-nui-phia-bac-20267761825952.htm,
07/07/2026,vietnambiz.vn,Miền Trung - Tây Nguyên,Khánh Hoà,61000,0.0,https://vietnambiz.vn/gia-heo-hoi-hom-nay-77-giam-nhe-tai-mot-so-tinh-mien-nui-phia-bac-20267761825952.htm,
07/07/2026,vietnambiz.vn,Miền Trung - Tây Nguyên,Lâm Đồng,62000,0.0,https://vietnambiz.vn/gia-heo-hoi-hom-nay-77-giam-nhe-tai-mot-so-tinh-mien-nui-phia-bac-20267761825952.htm,
07/07/2026,vietnambiz.vn,Miền Trung - Tây Nguyên,Nghệ An,65000,0.0,https://vietnambiz.vn/gia-heo-hoi-hom-nay-77-giam-nhe-tai-mot-so-tinh-mien-nui-phia-bac-20267761825952.htm,
07/07/2026,vietnambiz.vn,Miền Trung - Tây Nguyên,Quảng Ngãi,62000,0.0,https://vietnambiz.vn/gia-heo-hoi-hom-nay-77-giam-nhe-tai-mot-so-tinh-mien-nui-phia-bac-20267761825952.htm,
07/07/2026,vietnambiz.vn,Miền Trung - Tây Nguyên,Quảng Trị,64000,0.0,https://vietnambiz.vn/gia-heo-hoi-hom-nay-77-giam-nhe-tai-mot-so-tinh-mien-nui-phia-bac-20267761825952.htm,
07/07/2026,vietnambiz.vn,Miền Trung - Tây Nguyên,Thanh Hoá,65000,0.0,https://vietnambiz.vn/gia-heo-hoi-hom-nay-77-giam-nhe-tai-mot-so-tinh-mien-nui-phia-bac-20267761825952.htm,
07/07/2026,vietnambiz.vn,Miền Trung - Tây Nguyên,Đà Nẵng,62000,0.0,https://vietnambiz.vn/gia-heo-hoi-hom-nay-77-giam-nhe-tai-mot-so-tinh-mien-nui-phia-bac-20267761825952.htm,
07/07/2026,vietnambiz.vn,Miền Trung - Tây Nguyên,Đắk Lắk,62000,0.0,https://vietnambiz.vn/gia-heo-hoi-hom-nay-77-giam-nhe-tai-mot-so-tinh-mien-nui-phia-bac-20267761825952.htm,
08/07/2026,vietnambiz.vn,Miền Bắc,Bắc Ninh,66000,0.0,https://vietnambiz.vn/gia-heo-hoi-hom-nay-87-dong-loat-chung-gia-thi-truong-giao-dich-trong-khoang-60000-66000-dongkg-20267864914195.htm,
08/07/2026,vietnambiz.vn,Miền Bắc,Cao Bằng,65000,0.0,https://vietnambiz.vn/gia-heo-hoi-hom-nay-87-dong-loat-chung-gia-thi-truong-giao-dich-trong-khoang-60000-66000-dongkg-20267864914195.htm,
08/07/2026,vietnambiz.vn,Miền Bắc,Hà Nội,66000,0.0,https://vietnambiz.vn/gia-heo-hoi-hom-nay-87-dong-loat-chung-gia-thi-truong-giao-dich-trong-khoang-60000-66000-dongkg-20267864914195.htm,
08/07/2026,vietnambiz.vn,Miền Bắc,Hưng Yên,66000,0.0,https://vietnambiz.vn/gia-heo-hoi-hom-nay-87-dong-loat-chung-gia-thi-truong-giao-dich-trong-khoang-60000-66000-dongkg-20267864914195.htm,
08/07/2026,vietnambiz.vn,Miền Bắc,Hải Phòng,66000,0.0,https://vietnambiz.vn/gia-heo-hoi-hom-nay-87-dong-loat-chung-gia-thi-truong-giao-dich-trong-khoang-60000-66000-dongkg-20267864914195.htm,
08/07/2026,vietnambiz.vn,Miền Bắc,Lai Châu,65000,0.0,https://vietnambiz.vn/gia-heo-hoi-hom-nay-87-dong-loat-chung-gia-thi-truong-giao-dich-trong-khoang-60000-66000-dongkg-20267864914195.htm,
08/07/2026,vietnambiz.vn,Miền Bắc,Lào Cai,65000,0.0,https://vietnambiz.vn/gia-heo-hoi-hom-nay-87-dong-loat-chung-gia-thi-truong-giao-dich-trong-khoang-60000-66000-dongkg-20267864914195.htm,
08/07/2026,vietnambiz.vn,Miền Bắc,Lạng Sơn,65000,0.0,https://vietnambiz.vn/gia-heo-hoi-hom-nay-87-dong-loat-chung-gia-thi-truong-giao-dich-trong-khoang-60000-66000-dongkg-20267864914195.htm,
08/07/2026,vietnambiz.vn,Miền Bắc,Ninh Bình,65000,0.0,https://vietnambiz.vn/gia-heo-hoi-hom-nay-87-dong-loat-chung-gia-thi-truong-giao-dich-trong-khoang-60000-66000-dongkg-20267864914195.htm,
08/07/2026,vietnambiz.vn,Miền Bắc,Phú Thọ,65000,0.0,https://vietnambiz.vn/gia-heo-hoi-hom-nay-87-dong-loat-chung-gia-thi-truong-giao-dich-trong-khoang-60000-66000-dongkg-20267864914195.htm,
08/07/2026,vietnambiz.vn,Miền Bắc,Quảng Ninh,66000,0.0,https://vietnambiz.vn/gia-heo-hoi-hom-nay-87-dong-loat-chung-gia-thi-truong-giao-dich-trong-khoang-60000-66000-dongkg-20267864914195.htm,
08/07/2026,vietnambiz.vn,Miền Bắc,Sơn La,65000,0.0,https://vietnambiz.vn/gia-heo-hoi-hom-nay-87-dong-loat-chung-gia-thi-truong-giao-dich-trong-khoang-60000-66000-dongkg-20267864914195.htm,
08/07/2026,vietnambiz.vn,Miền Bắc,Thái Nguyên,65000,0.0,https://vietnambiz.vn/gia-heo-hoi-hom-nay-87-dong-loat-chung-gia-thi-truong-giao-dich-trong-khoang-60000-66000-dongkg-20267864914195.htm,
08/07/2026,vietnambiz.vn,Miền Bắc,Tuyên Quang,65000,0.0,https://vietnambiz.vn/gia-heo-hoi-hom-nay-87-dong-loat-chung-gia-thi-truong-giao-dich-trong-khoang-60000-66000-dongkg-20267864914195.htm,
08/07/2026,vietnambiz.vn,Miền Bắc,Điện Biên,66000,0.0,https://vietnambiz.vn/gia-heo-hoi-hom-nay-87-dong-loat-chung-gia-thi-truong-giao-dich-trong-khoang-60000-66000-dongkg-20267864914195.htm,
08/07/2026,vietnambiz.vn,Miền Nam,An Giang,61000,0.0,https://vietnambiz.vn/gia-heo-hoi-hom-nay-87-dong-loat-chung-gia-thi-truong-giao-dich-trong-khoang-60000-66000-dongkg-20267864914195.htm,
08/07/2026,vietnambiz.vn,Miền Nam,Cà Mau,60000,0.0,https://vietnambiz.vn/gia-heo-hoi-hom-nay-87-dong-loat-chung-gia-thi-truong-giao-dich-trong-khoang-60000-66000-dongkg-20267864914195.htm,
08/07/2026,vietnambiz.vn,Miền Nam,Cần Thơ,61000,0.0,https://vietnambiz.vn/gia-heo-hoi-hom-nay-87-dong-loat-chung-gia-thi-truong-giao-dich-trong-khoang-60000-66000-dongkg-20267864914195.htm,
08/07/2026,vietnambiz.vn,Miền Nam,TP HCM,63000,0.0,https://vietnambiz.vn/gia-heo-hoi-hom-nay-87-dong-loat-chung-gia-thi-truong-giao-dich-trong-khoang-60000-66000-dongkg-20267864914195.htm,
08/07/2026,vietnambiz.vn,Miền Nam,Tây Ninh,62000,0.0,https://vietnambiz.vn/gia-heo-hoi-hom-nay-87-dong-loat-chung-gia-thi-truong-giao-dich-trong-khoang-60000-66000-dongkg-20267864914195.htm,
08/07/2026,vietnambiz.vn,Miền Nam,Vĩnh Long,61000,0.0,https://vietnambiz.vn/gia-heo-hoi-hom-nay-87-dong-loat-chung-gia-thi-truong-giao-dich-trong-khoang-60000-66000-dongkg-20267864914195.htm,
08/07/2026,vietnambiz.vn,Miền Nam,Đồng Nai,63000,0.0,https://vietnambiz.vn/gia-heo-hoi-hom-nay-87-dong-loat-chung-gia-thi-truong-giao-dich-trong-khoang-60000-66000-dongkg-20267864914195.htm,
08/07/2026,vietnambiz.vn,Miền Nam,Đồng Tháp,60000,0.0,https://vietnambiz.vn/gia-heo-hoi-hom-nay-87-dong-loat-chung-gia-thi-truong-giao-dich-trong-khoang-60000-66000-dongkg-20267864914195.htm,
08/07/2026,vietnambiz.vn,Miền Trung - Tây Nguyên,Gia Lai,62000,0.0,https://vietnambiz.vn/gia-heo-hoi-hom-nay-87-dong-loat-chung-gia-thi-truong-giao-dich-trong-khoang-60000-66000-dongkg-20267864914195.htm,
08/07/2026,vietnambiz.vn,Miền Trung - Tây Nguyên,Huế,63000,0.0,https://vietnambiz.vn/gia-heo-hoi-hom-nay-87-dong-loat-chung-gia-thi-truong-giao-dich-trong-khoang-60000-66000-dongkg-20267864914195.htm,
08/07/2026,vietnambiz.vn,Miền Trung - Tây Nguyên,Hà Tĩnh,64000,0.0,https://vietnambiz.vn/gia-heo-hoi-hom-nay-87-dong-loat-chung-gia-thi-truong-giao-dich-trong-khoang-60000-66000-dongkg-20267864914195.htm,
08/07/2026,vietnambiz.vn,Miền Trung - Tây Nguyên,Khánh Hoà,61000,0.0,https://vietnambiz.vn/gia-heo-hoi-hom-nay-87-dong-loat-chung-gia-thi-truong-giao-dich-trong-khoang-60000-66000-dongkg-20267864914195.htm,
08/07/2026,vietnambiz.vn,Miền Trung - Tây Nguyên,Lâm Đồng,62000,0.0,https://vietnambiz.vn/gia-heo-hoi-hom-nay-87-dong-loat-chung-gia-thi-truong-giao-dich-trong-khoang-60000-66000-dongkg-20267864914195.htm,
08/07/2026,vietnambiz.vn,Miền Trung - Tây Nguyên,Nghệ An,65000,0.0,https://vietnambiz.vn/gia-heo-hoi-hom-nay-87-dong-loat-chung-gia-thi-truong-giao-dich-trong-khoang-60000-66000-dongkg-20267864914195.htm,
08/07/2026,vietnambiz.vn,Miền Trung - Tây Nguyên,Quảng Ngãi,62000,0.0,https://vietnambiz.vn/gia-heo-hoi-hom-nay-87-dong-loat-chung-gia-thi-truong-giao-dich-trong-khoang-60000-66000-dongkg-20267864914195.htm,
08/07/2026,vietnambiz.vn,Miền Trung - Tây Nguyên,Quảng Trị,64000,0.0,https://vietnambiz.vn/gia-heo-hoi-hom-nay-87-dong-loat-chung-gia-thi-truong-giao-dich-trong-khoang-60000-66000-dongkg-20267864914195.htm,
08/07/2026,vietnambiz.vn,Miền Trung - Tây Nguyên,Thanh Hoá,65000,0.0,https://vietnambiz.vn/gia-heo-hoi-hom-nay-87-dong-loat-chung-gia-thi-truong-giao-dich-trong-khoang-60000-66000-dongkg-20267864914195.htm,
08/07/2026,vietnambiz.vn,Miền Trung - Tây Nguyên,Đà Nẵng,62000,0.0,https://vietnambiz.vn/gia-heo-hoi-hom-nay-87-dong-loat-chung-gia-thi-truong-giao-dich-trong-khoang-60000-66000-dongkg-20267864914195.htm,
08/07/2026,vietnambiz.vn,Miền Trung - Tây Nguyên,Đắk Lắk,62000,0.0,https://vietnambiz.vn/gia-heo-hoi-hom-nay-87-dong-loat-chung-gia-thi-truong-giao-dich-trong-khoang-60000-66000-dongkg-20267864914195.htm,
09/07/2026,nongnghiepmoitruong.vn,Miền Bắc,Bắc Ninh,66000,0.0,https://nongnghiepmoitruong.vn/gia-heo-hoi-hom-nay-9-7-2026-mien-nam-nhich-nhe-1000-dong-d820602.html,
09/07/2026,nongnghiepmoitruong.vn,Miền Bắc,Cao Bằng,65000,0.0,https://nongnghiepmoitruong.vn/gia-heo-hoi-hom-nay-9-7-2026-mien-nam-nhich-nhe-1000-dong-d820602.html,
09/07/2026,nongnghiepmoitruong.vn,Miền Bắc,Hà Nội,66000,0.0,https://nongnghiepmoitruong.vn/gia-heo-hoi-hom-nay-9-7-2026-mien-nam-nhich-nhe-1000-dong-d820602.html,
09/07/2026,nongnghiepmoitruong.vn,Miền Bắc,Hưng Yên,66000,0.0,https://nongnghiepmoitruong.vn/gia-heo-hoi-hom-nay-9-7-2026-mien-nam-nhich-nhe-1000-dong-d820602.html,
09/07/2026,nongnghiepmoitruong.vn,Miền Bắc,Hải Phòng,66000,0.0,https://nongnghiepmoitruong.vn/gia-heo-hoi-hom-nay-9-7-2026-mien-nam-nhich-nhe-1000-dong-d820602.html,
09/07/2026,nongnghiepmoitruong.vn,Miền Bắc,Lai Châu,65000,0.0,https://nongnghiepmoitruong.vn/gia-heo-hoi-hom-nay-9-7-2026-mien-nam-nhich-nhe-1000-dong-d820602.html,
09/07/2026,nongnghiepmoitruong.vn,Miền Bắc,Lào Cai,65000,0.0,https://nongnghiepmoitruong.vn/gia-heo-hoi-hom-nay-9-7-2026-mien-nam-nhich-nhe-1000-dong-d820602.html,
09/07/2026,nongnghiepmoitruong.vn,Miền Bắc,Lạng Sơn,65000,0.0,https://nongnghiepmoitruong.vn/gia-heo-hoi-hom-nay-9-7-2026-mien-nam-nhich-nhe-1000-dong-d820602.html,
09/07/2026,nongnghiepmoitruong.vn,Miền Bắc,Ninh Bình,65000,0.0,https://nongnghiepmoitruong.vn/gia-heo-hoi-hom-nay-9-7-2026-mien-nam-nhich-nhe-1000-dong-d820602.html,
09/07/2026,nongnghiepmoitruong.vn,Miền Bắc,Phú Thọ,65000,0.0,https://nongnghiepmoitruong.vn/gia-heo-hoi-hom-nay-9-7-2026-mien-nam-nhich-nhe-1000-dong-d820602.html,
09/07/2026,nongnghiepmoitruong.vn,Miền Bắc,Quảng Ninh,66000,0.0,https://nongnghiepmoitruong.vn/gia-heo-hoi-hom-nay-9-7-2026-mien-nam-nhich-nhe-1000-dong-d820602.html,
09/07/2026,nongnghiepmoitruong.vn,Miền Bắc,Sơn La,65000,0.0,https://nongnghiepmoitruong.vn/gia-heo-hoi-hom-nay-9-7-2026-mien-nam-nhich-nhe-1000-dong-d820602.html,
09/07/2026,nongnghiepmoitruong.vn,Miền Bắc,Thái Nguyên,65000,0.0,https://nongnghiepmoitruong.vn/gia-heo-hoi-hom-nay-9-7-2026-mien-nam-nhich-nhe-1000-dong-d820602.html,
09/07/2026,nongnghiepmoitruong.vn,Miền Bắc,Tuyên Quang,65000,0.0,https://nongnghiepmoitruong.vn/gia-heo-hoi-hom-nay-9-7-2026-mien-nam-nhich-nhe-1000-dong-d820602.html,
09/07/2026,nongnghiepmoitruong.vn,Miền Bắc,Điện Biên,66000,0.0,https://nongnghiepmoitruong.vn/gia-heo-hoi-hom-nay-9-7-2026-mien-nam-nhich-nhe-1000-dong-d820602.html,
09/07/2026,nongnghiepmoitruong.vn,Miền Nam,An Giang,61000,0.0,https://nongnghiepmoitruong.vn/gia-heo-hoi-hom-nay-9-7-2026-mien-nam-nhich-nhe-1000-dong-d820602.html,
09/07/2026,nongnghiepmoitruong.vn,Miền Nam,Cà Mau,61000,1000.0,https://nongnghiepmoitruong.vn/gia-heo-hoi-hom-nay-9-7-2026-mien-nam-nhich-nhe-1000-dong-d820602.html,
09/07/2026,nongnghiepmoitruong.vn,Miền Nam,Cần Thơ,61000,0.0,https://nongnghiepmoitruong.vn/gia-heo-hoi-hom-nay-9-7-2026-mien-nam-nhich-nhe-1000-dong-d820602.html,
09/07/2026,nongnghiepmoitruong.vn,Miền Nam,TP.HCM,63000,0.0,https://nongnghiepmoitruong.vn/gia-heo-hoi-hom-nay-9-7-2026-mien-nam-nhich-nhe-1000-dong-d820602.html,
09/07/2026,nongnghiepmoitruong.vn,Miền Nam,Tây Ninh,62000,0.0,https://nongnghiepmoitruong.vn/gia-heo-hoi-hom-nay-9-7-2026-mien-nam-nhich-nhe-1000-dong-d820602.html,
09/07/2026,nongnghiepmoitruong.vn,Miền Nam,Vĩnh Long,62000,1000.0,https://nongnghiepmoitruong.vn/gia-heo-hoi-hom-nay-9-7-2026-mien-nam-nhich-nhe-1000-dong-d820602.html,
09/07/2026,nongnghiepmoitruong.vn,Miền Nam,Đồng Nai,63000,0.0,https://nongnghiepmoitruong.vn/gia-heo-hoi-hom-nay-9-7-2026-mien-nam-nhich-nhe-1000-dong-d820602.html,
09/07/2026,nongnghiepmoitruong.vn,Miền Nam,Đồng Tháp,61000,1000.0,https://nongnghiepmoitruong.vn/gia-heo-hoi-hom-nay-9-7-2026-mien-nam-nhich-nhe-1000-dong-d820602.html,
09/07/2026,nongnghiepmoitruong.vn,Miền Trung - Tây Nguyên,Gia Lai,62000,0.0,https://nongnghiepmoitruong.vn/gia-heo-hoi-hom-nay-9-7-2026-mien-nam-nhich-nhe-1000-dong-d820602.html,
09/07/2026,nongnghiepmoitruong.vn,Miền Trung - Tây Nguyên,Huế,63000,0.0,https://nongnghiepmoitruong.vn/gia-heo-hoi-hom-nay-9-7-2026-mien-nam-nhich-nhe-1000-dong-d820602.html,
09/07/2026,nongnghiepmoitruong.vn,Miền Trung - Tây Nguyên,Hà Tĩnh,64000,0.0,https://nongnghiepmoitruong.vn/gia-heo-hoi-hom-nay-9-7-2026-mien-nam-nhich-nhe-1000-dong-d820602.html,
09/07/2026,nongnghiepmoitruong.vn,Miền Trung - Tây Nguyên,Khánh Hòa,61000,0.0,https://nongnghiepmoitruong.vn/gia-heo-hoi-hom-nay-9-7-2026-mien-nam-nhich-nhe-1000-dong-d820602.html,
09/07/2026,nongnghiepmoitruong.vn,Miền Trung - Tây Nguyên,Lâm Đồng,62000,0.0,https://nongnghiepmoitruong.vn/gia-heo-hoi-hom-nay-9-7-2026-mien-nam-nhich-nhe-1000-dong-d820602.html,
09/07/2026,nongnghiepmoitruong.vn,Miền Trung - Tây Nguyên,Nghệ An,65000,0.0,https://nongnghiepmoitruong.vn/gia-heo-hoi-hom-nay-9-7-2026-mien-nam-nhich-nhe-1000-dong-d820602.html,
09/07/2026,nongnghiepmoitruong.vn,Miền Trung - Tây Nguyên,Quảng Ngãi,62000,0.0,https://nongnghiepmoitruong.vn/gia-heo-hoi-hom-nay-9-7-2026-mien-nam-nhich-nhe-1000-dong-d820602.html,
09/07/2026,nongnghiepmoitruong.vn,Miền Trung - Tây Nguyên,Quảng Trị,64000,0.0,https://nongnghiepmoitruong.vn/gia-heo-hoi-hom-nay-9-7-2026-mien-nam-nhich-nhe-1000-dong-d820602.html,
09/07/2026,nongnghiepmoitruong.vn,Miền Trung - Tây Nguyên,Thanh Hóa,65000,0.0,https://nongnghiepmoitruong.vn/gia-heo-hoi-hom-nay-9-7-2026-mien-nam-nhich-nhe-1000-dong-d820602.html,
09/07/2026,nongnghiepmoitruong.vn,Miền Trung - Tây Nguyên,Đà Nẵng,62000,0.0,https://nongnghiepmoitruong.vn/gia-heo-hoi-hom-nay-9-7-2026-mien-nam-nhich-nhe-1000-dong-d820602.html,
09/07/2026,nongnghiepmoitruong.vn,Miền Trung - Tây Nguyên,Đắk Lắk,62000,0.0,https://nongnghiepmoitruong.vn/gia-heo-hoi-hom-nay-9-7-2026-mien-nam-nhich-nhe-1000-dong-d820602.html,
09/07/2026,vietnambiz.vn,Miền Bắc,Bắc Ninh,66000,0.0,https://vietnambiz.vn/gia-heo-hoi-hom-nay-97-bat-tang-tai-ba-tinh-phia-nam-20267963221868.htm,
09/07/2026,vietnambiz.vn,Miền Bắc,Cao Bằng,65000,0.0,https://vietnambiz.vn/gia-heo-hoi-hom-nay-97-bat-tang-tai-ba-tinh-phia-nam-20267963221868.htm,
09/07/2026,vietnambiz.vn,Miền Bắc,Hà Nội,66000,0.0,https://vietnambiz.vn/gia-heo-hoi-hom-nay-97-bat-tang-tai-ba-tinh-phia-nam-20267963221868.htm,
09/07/2026,vietnambiz.vn,Miền Bắc,Hưng Yên,66000,0.0,https://vietnambiz.vn/gia-heo-hoi-hom-nay-97-bat-tang-tai-ba-tinh-phia-nam-20267963221868.htm,
09/07/2026,vietnambiz.vn,Miền Bắc,Hải Phòng,66000,0.0,https://vietnambiz.vn/gia-heo-hoi-hom-nay-97-bat-tang-tai-ba-tinh-phia-nam-20267963221868.htm,
09/07/2026,vietnambiz.vn,Miền Bắc,Lai Châu,65000,0.0,https://vietnambiz.vn/gia-heo-hoi-hom-nay-97-bat-tang-tai-ba-tinh-phia-nam-20267963221868.htm,
09/07/2026,vietnambiz.vn,Miền Bắc,Lào Cai,65000,0.0,https://vietnambiz.vn/gia-heo-hoi-hom-nay-97-bat-tang-tai-ba-tinh-phia-nam-20267963221868.htm,
09/07/2026,vietnambiz.vn,Miền Bắc,Lạng Sơn,65000,0.0,https://vietnambiz.vn/gia-heo-hoi-hom-nay-97-bat-tang-tai-ba-tinh-phia-nam-20267963221868.htm,
09/07/2026,vietnambiz.vn,Miền Bắc,Ninh Bình,65000,0.0,https://vietnambiz.vn/gia-heo-hoi-hom-nay-97-bat-tang-tai-ba-tinh-phia-nam-20267963221868.htm,
09/07/2026,vietnambiz.vn,Miền Bắc,Phú Thọ,65000,0.0,https://vietnambiz.vn/gia-heo-hoi-hom-nay-97-bat-tang-tai-ba-tinh-phia-nam-20267963221868.htm,
09/07/2026,vietnambiz.vn,Miền Bắc,Quảng Ninh,66000,0.0,https://vietnambiz.vn/gia-heo-hoi-hom-nay-97-bat-tang-tai-ba-tinh-phia-nam-20267963221868.htm,
09/07/2026,vietnambiz.vn,Miền Bắc,Sơn La,65000,0.0,https://vietnambiz.vn/gia-heo-hoi-hom-nay-97-bat-tang-tai-ba-tinh-phia-nam-20267963221868.htm,
09/07/2026,vietnambiz.vn,Miền Bắc,Thái Nguyên,65000,0.0,https://vietnambiz.vn/gia-heo-hoi-hom-nay-97-bat-tang-tai-ba-tinh-phia-nam-20267963221868.htm,
09/07/2026,vietnambiz.vn,Miền Bắc,Tuyên Quang,65000,0.0,https://vietnambiz.vn/gia-heo-hoi-hom-nay-97-bat-tang-tai-ba-tinh-phia-nam-20267963221868.htm,
09/07/2026,vietnambiz.vn,Miền Bắc,Điện Biên,66000,0.0,https://vietnambiz.vn/gia-heo-hoi-hom-nay-97-bat-tang-tai-ba-tinh-phia-nam-20267963221868.htm,
09/07/2026,vietnambiz.vn,Miền Nam,An Giang,61000,0.0,https://vietnambiz.vn/gia-heo-hoi-hom-nay-97-bat-tang-tai-ba-tinh-phia-nam-20267963221868.htm,
09/07/2026,vietnambiz.vn,Miền Nam,Cà Mau,61000,1000.0,https://vietnambiz.vn/gia-heo-hoi-hom-nay-97-bat-tang-tai-ba-tinh-phia-nam-20267963221868.htm,
09/07/2026,vietnambiz.vn,Miền Nam,Cần Thơ,61000,0.0,https://vietnambiz.vn/gia-heo-hoi-hom-nay-97-bat-tang-tai-ba-tinh-phia-nam-20267963221868.htm,
09/07/2026,vietnambiz.vn,Miền Nam,TP HCM,63000,0.0,https://vietnambiz.vn/gia-heo-hoi-hom-nay-97-bat-tang-tai-ba-tinh-phia-nam-20267963221868.htm,
09/07/2026,vietnambiz.vn,Miền Nam,Tây Ninh,62000,0.0,https://vietnambiz.vn/gia-heo-hoi-hom-nay-97-bat-tang-tai-ba-tinh-phia-nam-20267963221868.htm,
09/07/2026,vietnambiz.vn,Miền Nam,Vĩnh Long,62000,1000.0,https://vietnambiz.vn/gia-heo-hoi-hom-nay-97-bat-tang-tai-ba-tinh-phia-nam-20267963221868.htm,
09/07/2026,vietnambiz.vn,Miền Nam,Đồng Nai,63000,0.0,https://vietnambiz.vn/gia-heo-hoi-hom-nay-97-bat-tang-tai-ba-tinh-phia-nam-20267963221868.htm,
09/07/2026,vietnambiz.vn,Miền Nam,Đồng Tháp,61000,1000.0,https://vietnambiz.vn/gia-heo-hoi-hom-nay-97-bat-tang-tai-ba-tinh-phia-nam-20267963221868.htm,
09/07/2026,vietnambiz.vn,Miền Trung - Tây Nguyên,Gia Lai,62000,0.0,https://vietnambiz.vn/gia-heo-hoi-hom-nay-97-bat-tang-tai-ba-tinh-phia-nam-20267963221868.htm,
09/07/2026,vietnambiz.vn,Miền Trung - Tây Nguyên,Huế,63000,0.0,https://vietnambiz.vn/gia-heo-hoi-hom-nay-97-bat-tang-tai-ba-tinh-phia-nam-20267963221868.htm,
09/07/2026,vietnambiz.vn,Miền Trung - Tây Nguyên,Hà Tĩnh,64000,0.0,https://vietnambiz.vn/gia-heo-hoi-hom-nay-97-bat-tang-tai-ba-tinh-phia-nam-20267963221868.htm,
09/07/2026,vietnambiz.vn,Miền Trung - Tây Nguyên,Khánh Hoà,61000,0.0,https://vietnambiz.vn/gia-heo-hoi-hom-nay-97-bat-tang-tai-ba-tinh-phia-nam-20267963221868.htm,
09/07/2026,vietnambiz.vn,Miền Trung - Tây Nguyên,Lâm Đồng,62000,0.0,https://vietnambiz.vn/gia-heo-hoi-hom-nay-97-bat-tang-tai-ba-tinh-phia-nam-20267963221868.htm,
09/07/2026,vietnambiz.vn,Miền Trung - Tây Nguyên,Nghệ An,65000,0.0,https://vietnambiz.vn/gia-heo-hoi-hom-nay-97-bat-tang-tai-ba-tinh-phia-nam-20267963221868.htm,
09/07/2026,vietnambiz.vn,Miền Trung - Tây Nguyên,Quảng Ngãi,62000,0.0,https://vietnambiz.vn/gia-heo-hoi-hom-nay-97-bat-tang-tai-ba-tinh-phia-nam-20267963221868.htm,
09/07/2026,vietnambiz.vn,Miền Trung - Tây Nguyên,Quảng Trị,64000,0.0,https://vietnambiz.vn/gia-heo-hoi-hom-nay-97-bat-tang-tai-ba-tinh-phia-nam-20267963221868.htm,
09/07/2026,vietnambiz.vn,Miền Trung - Tây Nguyên,Thanh Hoá,65000,0.0,https://vietnambiz.vn/gia-heo-hoi-hom-nay-97-bat-tang-tai-ba-tinh-phia-nam-20267963221868.htm,
09/07/2026,vietnambiz.vn,Miền Trung - Tây Nguyên,Đà Nẵng,62000,0.0,https://vietnambiz.vn/gia-heo-hoi-hom-nay-97-bat-tang-tai-ba-tinh-phia-nam-20267963221868.htm,
09/07/2026,vietnambiz.vn,Miền Trung - Tây Nguyên,Đắk Lắk,62000,0.0,https://vietnambiz.vn/gia-heo-hoi-hom-nay-97-bat-tang-tai-ba-tinh-phia-nam-20267963221868.htm,
10/07/2026,nongnghiepmoitruong.vn,Miền Bắc,Bắc Ninh,66000,0.0,https://nongnghiepmoitruong.vn/gia-heo-hoi-hom-nay-10-7-2026-thi-truong-lang-song-d820760.html,
10/07/2026,nongnghiepmoitruong.vn,Miền Bắc,Cao Bằng,65000,0.0,https://nongnghiepmoitruong.vn/gia-heo-hoi-hom-nay-10-7-2026-thi-truong-lang-song-d820760.html,
10/07/2026,nongnghiepmoitruong.vn,Miền Bắc,Hà Nội,66000,0.0,https://nongnghiepmoitruong.vn/gia-heo-hoi-hom-nay-10-7-2026-thi-truong-lang-song-d820760.html,
10/07/2026,nongnghiepmoitruong.vn,Miền Bắc,Hưng Yên,66000,0.0,https://nongnghiepmoitruong.vn/gia-heo-hoi-hom-nay-10-7-2026-thi-truong-lang-song-d820760.html,
10/07/2026,nongnghiepmoitruong.vn,Miền Bắc,Hải Phòng,66000,0.0,https://nongnghiepmoitruong.vn/gia-heo-hoi-hom-nay-10-7-2026-thi-truong-lang-song-d820760.html,
10/07/2026,nongnghiepmoitruong.vn,Miền Bắc,Lai Châu,65000,0.0,https://nongnghiepmoitruong.vn/gia-heo-hoi-hom-nay-10-7-2026-thi-truong-lang-song-d820760.html,
10/07/2026,nongnghiepmoitruong.vn,Miền Bắc,Lào Cai,65000,0.0,https://nongnghiepmoitruong.vn/gia-heo-hoi-hom-nay-10-7-2026-thi-truong-lang-song-d820760.html,
10/07/2026,nongnghiepmoitruong.vn,Miền Bắc,Lạng Sơn,65000,0.0,https://nongnghiepmoitruong.vn/gia-heo-hoi-hom-nay-10-7-2026-thi-truong-lang-song-d820760.html,
10/07/2026,nongnghiepmoitruong.vn,Miền Bắc,Ninh Bình,65000,0.0,https://nongnghiepmoitruong.vn/gia-heo-hoi-hom-nay-10-7-2026-thi-truong-lang-song-d820760.html,
10/07/2026,nongnghiepmoitruong.vn,Miền Bắc,Phú Thọ,65000,0.0,https://nongnghiepmoitruong.vn/gia-heo-hoi-hom-nay-10-7-2026-thi-truong-lang-song-d820760.html,
10/07/2026,nongnghiepmoitruong.vn,Miền Bắc,Quảng Ninh,66000,0.0,https://nongnghiepmoitruong.vn/gia-heo-hoi-hom-nay-10-7-2026-thi-truong-lang-song-d820760.html,
10/07/2026,nongnghiepmoitruong.vn,Miền Bắc,Sơn La,65000,0.0,https://nongnghiepmoitruong.vn/gia-heo-hoi-hom-nay-10-7-2026-thi-truong-lang-song-d820760.html,
10/07/2026,nongnghiepmoitruong.vn,Miền Bắc,Thái Nguyên,65000,0.0,https://nongnghiepmoitruong.vn/gia-heo-hoi-hom-nay-10-7-2026-thi-truong-lang-song-d820760.html,
10/07/2026,nongnghiepmoitruong.vn,Miền Bắc,Tuyên Quang,65000,0.0,https://nongnghiepmoitruong.vn/gia-heo-hoi-hom-nay-10-7-2026-thi-truong-lang-song-d820760.html,
10/07/2026,nongnghiepmoitruong.vn,Miền Bắc,Điện Biên,66000,0.0,https://nongnghiepmoitruong.vn/gia-heo-hoi-hom-nay-10-7-2026-thi-truong-lang-song-d820760.html,
10/07/2026,nongnghiepmoitruong.vn,Miền Nam,An Giang,61000,0.0,https://nongnghiepmoitruong.vn/gia-heo-hoi-hom-nay-10-7-2026-thi-truong-lang-song-d820760.html,
10/07/2026,nongnghiepmoitruong.vn,Miền Nam,Cà Mau,61000,0.0,https://nongnghiepmoitruong.vn/gia-heo-hoi-hom-nay-10-7-2026-thi-truong-lang-song-d820760.html,
10/07/2026,nongnghiepmoitruong.vn,Miền Nam,Cần Thơ,61000,0.0,https://nongnghiepmoitruong.vn/gia-heo-hoi-hom-nay-10-7-2026-thi-truong-lang-song-d820760.html,
10/07/2026,nongnghiepmoitruong.vn,Miền Nam,TP.HCM,63000,0.0,https://nongnghiepmoitruong.vn/gia-heo-hoi-hom-nay-10-7-2026-thi-truong-lang-song-d820760.html,
10/07/2026,nongnghiepmoitruong.vn,Miền Nam,Tây Ninh,62000,0.0,https://nongnghiepmoitruong.vn/gia-heo-hoi-hom-nay-10-7-2026-thi-truong-lang-song-d820760.html,
10/07/2026,nongnghiepmoitruong.vn,Miền Nam,Vĩnh Long,62000,0.0,https://nongnghiepmoitruong.vn/gia-heo-hoi-hom-nay-10-7-2026-thi-truong-lang-song-d820760.html,
10/07/2026,nongnghiepmoitruong.vn,Miền Nam,Đồng Nai,63000,0.0,https://nongnghiepmoitruong.vn/gia-heo-hoi-hom-nay-10-7-2026-thi-truong-lang-song-d820760.html,
10/07/2026,nongnghiepmoitruong.vn,Miền Nam,Đồng Tháp,61000,0.0,https://nongnghiepmoitruong.vn/gia-heo-hoi-hom-nay-10-7-2026-thi-truong-lang-song-d820760.html,
10/07/2026,nongnghiepmoitruong.vn,Miền Trung - Tây Nguyên,Gia Lai,62000,0.0,https://nongnghiepmoitruong.vn/gia-heo-hoi-hom-nay-10-7-2026-thi-truong-lang-song-d820760.html,
10/07/2026,nongnghiepmoitruong.vn,Miền Trung - Tây Nguyên,Huế,63000,0.0,https://nongnghiepmoitruong.vn/gia-heo-hoi-hom-nay-10-7-2026-thi-truong-lang-song-d820760.html,
10/07/2026,nongnghiepmoitruong.vn,Miền Trung - Tây Nguyên,Hà Tĩnh,64000,0.0,https://nongnghiepmoitruong.vn/gia-heo-hoi-hom-nay-10-7-2026-thi-truong-lang-song-d820760.html,
10/07/2026,nongnghiepmoitruong.vn,Miền Trung - Tây Nguyên,Khánh Hòa,61000,0.0,https://nongnghiepmoitruong.vn/gia-heo-hoi-hom-nay-10-7-2026-thi-truong-lang-song-d820760.html,
10/07/2026,nongnghiepmoitruong.vn,Miền Trung - Tây Nguyên,Lâm Đồng,62000,0.0,https://nongnghiepmoitruong.vn/gia-heo-hoi-hom-nay-10-7-2026-thi-truong-lang-song-d820760.html,
10/07/2026,nongnghiepmoitruong.vn,Miền Trung - Tây Nguyên,Nghệ An,65000,0.0,https://nongnghiepmoitruong.vn/gia-heo-hoi-hom-nay-10-7-2026-thi-truong-lang-song-d820760.html,
10/07/2026,nongnghiepmoitruong.vn,Miền Trung - Tây Nguyên,Quảng Ngãi,62000,0.0,https://nongnghiepmoitruong.vn/gia-heo-hoi-hom-nay-10-7-2026-thi-truong-lang-song-d820760.html,
10/07/2026,nongnghiepmoitruong.vn,Miền Trung - Tây Nguyên,Quảng Trị,64000,0.0,https://nongnghiepmoitruong.vn/gia-heo-hoi-hom-nay-10-7-2026-thi-truong-lang-song-d820760.html,
10/07/2026,nongnghiepmoitruong.vn,Miền Trung - Tây Nguyên,Thanh Hóa,65000,0.0,https://nongnghiepmoitruong.vn/gia-heo-hoi-hom-nay-10-7-2026-thi-truong-lang-song-d820760.html,
10/07/2026,nongnghiepmoitruong.vn,Miền Trung - Tây Nguyên,Đà Nẵng,62000,0.0,https://nongnghiepmoitruong.vn/gia-heo-hoi-hom-nay-10-7-2026-thi-truong-lang-song-d820760.html,
10/07/2026,nongnghiepmoitruong.vn,Miền Trung - Tây Nguyên,Đắk Lắk,62000,0.0,https://nongnghiepmoitruong.vn/gia-heo-hoi-hom-nay-10-7-2026-thi-truong-lang-song-d820760.html,
10/07/2026,vietnambiz.vn,Miền Bắc,Bắc Ninh,66000,0.0,https://vietnambiz.vn/gia-heo-hoi-hom-nay-107-duy-tri-giao-dich-trong-khoang-61000-66000-dongkg-20267107114689.htm,
10/07/2026,vietnambiz.vn,Miền Bắc,Cao Bằng,65000,0.0,https://vietnambiz.vn/gia-heo-hoi-hom-nay-107-duy-tri-giao-dich-trong-khoang-61000-66000-dongkg-20267107114689.htm,
10/07/2026,vietnambiz.vn,Miền Bắc,Hà Nội,66000,0.0,https://vietnambiz.vn/gia-heo-hoi-hom-nay-107-duy-tri-giao-dich-trong-khoang-61000-66000-dongkg-20267107114689.htm,
10/07/2026,vietnambiz.vn,Miền Bắc,Hưng Yên,66000,0.0,https://vietnambiz.vn/gia-heo-hoi-hom-nay-107-duy-tri-giao-dich-trong-khoang-61000-66000-dongkg-20267107114689.htm,
10/07/2026,vietnambiz.vn,Miền Bắc,Hải Phòng,66000,0.0,https://vietnambiz.vn/gia-heo-hoi-hom-nay-107-duy-tri-giao-dich-trong-khoang-61000-66000-dongkg-20267107114689.htm,
10/07/2026,vietnambiz.vn,Miền Bắc,Lai Châu,65000,0.0,https://vietnambiz.vn/gia-heo-hoi-hom-nay-107-duy-tri-giao-dich-trong-khoang-61000-66000-dongkg-20267107114689.htm,
10/07/2026,vietnambiz.vn,Miền Bắc,Lào Cai,65000,0.0,https://vietnambiz.vn/gia-heo-hoi-hom-nay-107-duy-tri-giao-dich-trong-khoang-61000-66000-dongkg-20267107114689.htm,
10/07/2026,vietnambiz.vn,Miền Bắc,Lạng Sơn,65000,0.0,https://vietnambiz.vn/gia-heo-hoi-hom-nay-107-duy-tri-giao-dich-trong-khoang-61000-66000-dongkg-20267107114689.htm,
10/07/2026,vietnambiz.vn,Miền Bắc,Ninh Bình,65000,0.0,https://vietnambiz.vn/gia-heo-hoi-hom-nay-107-duy-tri-giao-dich-trong-khoang-61000-66000-dongkg-20267107114689.htm,
10/07/2026,vietnambiz.vn,Miền Bắc,Phú Thọ,65000,0.0,https://vietnambiz.vn/gia-heo-hoi-hom-nay-107-duy-tri-giao-dich-trong-khoang-61000-66000-dongkg-20267107114689.htm,
10/07/2026,vietnambiz.vn,Miền Bắc,Quảng Ninh,66000,0.0,https://vietnambiz.vn/gia-heo-hoi-hom-nay-107-duy-tri-giao-dich-trong-khoang-61000-66000-dongkg-20267107114689.htm,
10/07/2026,vietnambiz.vn,Miền Bắc,Sơn La,65000,0.0,https://vietnambiz.vn/gia-heo-hoi-hom-nay-107-duy-tri-giao-dich-trong-khoang-61000-66000-dongkg-20267107114689.htm,
10/07/2026,vietnambiz.vn,Miền Bắc,Thái Nguyên,65000,0.0,https://vietnambiz.vn/gia-heo-hoi-hom-nay-107-duy-tri-giao-dich-trong-khoang-61000-66000-dongkg-20267107114689.htm,
10/07/2026,vietnambiz.vn,Miền Bắc,Tuyên Quang,65000,0.0,https://vietnambiz.vn/gia-heo-hoi-hom-nay-107-duy-tri-giao-dich-trong-khoang-61000-66000-dongkg-20267107114689.htm,
10/07/2026,vietnambiz.vn,Miền Bắc,Điện Biên,66000,0.0,https://vietnambiz.vn/gia-heo-hoi-hom-nay-107-duy-tri-giao-dich-trong-khoang-61000-66000-dongkg-20267107114689.htm,
10/07/2026,vietnambiz.vn,Miền Nam,An Giang,61000,0.0,https://vietnambiz.vn/gia-heo-hoi-hom-nay-107-duy-tri-giao-dich-trong-khoang-61000-66000-dongkg-20267107114689.htm,
10/07/2026,vietnambiz.vn,Miền Nam,Cà Mau,61000,0.0,https://vietnambiz.vn/gia-heo-hoi-hom-nay-107-duy-tri-giao-dich-trong-khoang-61000-66000-dongkg-20267107114689.htm,
10/07/2026,vietnambiz.vn,Miền Nam,Cần Thơ,61000,0.0,https://vietnambiz.vn/gia-heo-hoi-hom-nay-107-duy-tri-giao-dich-trong-khoang-61000-66000-dongkg-20267107114689.htm,
10/07/2026,vietnambiz.vn,Miền Nam,TP HCM,63000,0.0,https://vietnambiz.vn/gia-heo-hoi-hom-nay-107-duy-tri-giao-dich-trong-khoang-61000-66000-dongkg-20267107114689.htm,
10/07/2026,vietnambiz.vn,Miền Nam,Tây Ninh,62000,0.0,https://vietnambiz.vn/gia-heo-hoi-hom-nay-107-duy-tri-giao-dich-trong-khoang-61000-66000-dongkg-20267107114689.htm,
10/07/2026,vietnambiz.vn,Miền Nam,Vĩnh Long,62000,0.0,https://vietnambiz.vn/gia-heo-hoi-hom-nay-107-duy-tri-giao-dich-trong-khoang-61000-66000-dongkg-20267107114689.htm,
10/07/2026,vietnambiz.vn,Miền Nam,Đồng Nai,63000,0.0,https://vietnambiz.vn/gia-heo-hoi-hom-nay-107-duy-tri-giao-dich-trong-khoang-61000-66000-dongkg-20267107114689.htm,
10/07/2026,vietnambiz.vn,Miền Nam,Đồng Tháp,61000,0.0,https://vietnambiz.vn/gia-heo-hoi-hom-nay-107-duy-tri-giao-dich-trong-khoang-61000-66000-dongkg-20267107114689.htm,
10/07/2026,vietnambiz.vn,Miền Trung - Tây Nguyên,Gia Lai,62000,0.0,https://vietnambiz.vn/gia-heo-hoi-hom-nay-107-duy-tri-giao-dich-trong-khoang-61000-66000-dongkg-20267107114689.htm,
10/07/2026,vietnambiz.vn,Miền Trung - Tây Nguyên,Huế,63000,0.0,https://vietnambiz.vn/gia-heo-hoi-hom-nay-107-duy-tri-giao-dich-trong-khoang-61000-66000-dongkg-20267107114689.htm,
10/07/2026,vietnambiz.vn,Miền Trung - Tây Nguyên,Hà Tĩnh,64000,0.0,https://vietnambiz.vn/gia-heo-hoi-hom-nay-107-duy-tri-giao-dich-trong-khoang-61000-66000-dongkg-20267107114689.htm,
10/07/2026,vietnambiz.vn,Miền Trung - Tây Nguyên,Khánh Hoà,61000,0.0,https://vietnambiz.vn/gia-heo-hoi-hom-nay-107-duy-tri-giao-dich-trong-khoang-61000-66000-dongkg-20267107114689.htm,
10/07/2026,vietnambiz.vn,Miền Trung - Tây Nguyên,Lâm Đồng,62000,0.0,https://vietnambiz.vn/gia-heo-hoi-hom-nay-107-duy-tri-giao-dich-trong-khoang-61000-66000-dongkg-20267107114689.htm,
10/07/2026,vietnambiz.vn,Miền Trung - Tây Nguyên,Nghệ An,65000,0.0,https://vietnambiz.vn/gia-heo-hoi-hom-nay-107-duy-tri-giao-dich-trong-khoang-61000-66000-dongkg-20267107114689.htm,
10/07/2026,vietnambiz.vn,Miền Trung - Tây Nguyên,Quảng Ngãi,62000,0.0,https://vietnambiz.vn/gia-heo-hoi-hom-nay-107-duy-tri-giao-dich-trong-khoang-61000-66000-dongkg-20267107114689.htm,
10/07/2026,vietnambiz.vn,Miền Trung - Tây Nguyên,Quảng Trị,64000,0.0,https://vietnambiz.vn/gia-heo-hoi-hom-nay-107-duy-tri-giao-dich-trong-khoang-61000-66000-dongkg-20267107114689.htm,
10/07/2026,vietnambiz.vn,Miền Trung - Tây Nguyên,Thanh Hoá,65000,0.0,https://vietnambiz.vn/gia-heo-hoi-hom-nay-107-duy-tri-giao-dich-trong-khoang-61000-66000-dongkg-20267107114689.htm,
10/07/2026,vietnambiz.vn,Miền Trung - Tây Nguyên,Đà Nẵng,62000,0.0,https://vietnambiz.vn/gia-heo-hoi-hom-nay-107-duy-tri-giao-dich-trong-khoang-61000-66000-dongkg-20267107114689.htm,
10/07/2026,vietnambiz.vn,Miền Trung - Tây Nguyên,Đắk Lắk,62000,0.0,https://vietnambiz.vn/gia-heo-hoi-hom-nay-107-duy-tri-giao-dich-trong-khoang-61000-66000-dongkg-20267107114689.htm,
11/07/2026,vietnambiz.vn,Miền Bắc,Bắc Ninh,66000,0.0,https://vietnambiz.vn/gia-heo-hoi-hom-nay-117-thi-truong-khong-ghi-nhan-dieu-chinh-202671173416480.htm,
11/07/2026,vietnambiz.vn,Miền Bắc,Cao Bằng,65000,0.0,https://vietnambiz.vn/gia-heo-hoi-hom-nay-117-thi-truong-khong-ghi-nhan-dieu-chinh-202671173416480.htm,
11/07/2026,vietnambiz.vn,Miền Bắc,Hà Nội,66000,0.0,https://vietnambiz.vn/gia-heo-hoi-hom-nay-117-thi-truong-khong-ghi-nhan-dieu-chinh-202671173416480.htm,
11/07/2026,vietnambiz.vn,Miền Bắc,Hưng Yên,66000,0.0,https://vietnambiz.vn/gia-heo-hoi-hom-nay-117-thi-truong-khong-ghi-nhan-dieu-chinh-202671173416480.htm,
11/07/2026,vietnambiz.vn,Miền Bắc,Hải Phòng,66000,0.0,https://vietnambiz.vn/gia-heo-hoi-hom-nay-117-thi-truong-khong-ghi-nhan-dieu-chinh-202671173416480.htm,
11/07/2026,vietnambiz.vn,Miền Bắc,Lai Châu,65000,0.0,https://vietnambiz.vn/gia-heo-hoi-hom-nay-117-thi-truong-khong-ghi-nhan-dieu-chinh-202671173416480.htm,
11/07/2026,vietnambiz.vn,Miền Bắc,Lào Cai,65000,0.0,https://vietnambiz.vn/gia-heo-hoi-hom-nay-117-thi-truong-khong-ghi-nhan-dieu-chinh-202671173416480.htm,
11/07/2026,vietnambiz.vn,Miền Bắc,Lạng Sơn,65000,0.0,https://vietnambiz.vn/gia-heo-hoi-hom-nay-117-thi-truong-khong-ghi-nhan-dieu-chinh-202671173416480.htm,
11/07/2026,vietnambiz.vn,Miền Bắc,Ninh Bình,65000,0.0,https://vietnambiz.vn/gia-heo-hoi-hom-nay-117-thi-truong-khong-ghi-nhan-dieu-chinh-202671173416480.htm,
11/07/2026,vietnambiz.vn,Miền Bắc,Phú Thọ,65000,0.0,https://vietnambiz.vn/gia-heo-hoi-hom-nay-117-thi-truong-khong-ghi-nhan-dieu-chinh-202671173416480.htm,
11/07/2026,vietnambiz.vn,Miền Bắc,Quảng Ninh,66000,0.0,https://vietnambiz.vn/gia-heo-hoi-hom-nay-117-thi-truong-khong-ghi-nhan-dieu-chinh-202671173416480.htm,
11/07/2026,vietnambiz.vn,Miền Bắc,Sơn La,65000,0.0,https://vietnambiz.vn/gia-heo-hoi-hom-nay-117-thi-truong-khong-ghi-nhan-dieu-chinh-202671173416480.htm,
11/07/2026,vietnambiz.vn,Miền Bắc,Thái Nguyên,65000,0.0,https://vietnambiz.vn/gia-heo-hoi-hom-nay-117-thi-truong-khong-ghi-nhan-dieu-chinh-202671173416480.htm,
11/07/2026,vietnambiz.vn,Miền Bắc,Tuyên Quang,65000,0.0,https://vietnambiz.vn/gia-heo-hoi-hom-nay-117-thi-truong-khong-ghi-nhan-dieu-chinh-202671173416480.htm,
11/07/2026,vietnambiz.vn,Miền Bắc,Điện Biên,66000,0.0,https://vietnambiz.vn/gia-heo-hoi-hom-nay-117-thi-truong-khong-ghi-nhan-dieu-chinh-202671173416480.htm,
11/07/2026,vietnambiz.vn,Miền Nam,An Giang,61000,0.0,https://vietnambiz.vn/gia-heo-hoi-hom-nay-117-thi-truong-khong-ghi-nhan-dieu-chinh-202671173416480.htm,
11/07/2026,vietnambiz.vn,Miền Nam,Cà Mau,61000,0.0,https://vietnambiz.vn/gia-heo-hoi-hom-nay-117-thi-truong-khong-ghi-nhan-dieu-chinh-202671173416480.htm,
11/07/2026,vietnambiz.vn,Miền Nam,Cần Thơ,61000,0.0,https://vietnambiz.vn/gia-heo-hoi-hom-nay-117-thi-truong-khong-ghi-nhan-dieu-chinh-202671173416480.htm,
11/07/2026,vietnambiz.vn,Miền Nam,TP HCM,63000,0.0,https://vietnambiz.vn/gia-heo-hoi-hom-nay-117-thi-truong-khong-ghi-nhan-dieu-chinh-202671173416480.htm,
11/07/2026,vietnambiz.vn,Miền Nam,Tây Ninh,62000,0.0,https://vietnambiz.vn/gia-heo-hoi-hom-nay-117-thi-truong-khong-ghi-nhan-dieu-chinh-202671173416480.htm,
11/07/2026,vietnambiz.vn,Miền Nam,Vĩnh Long,62000,0.0,https://vietnambiz.vn/gia-heo-hoi-hom-nay-117-thi-truong-khong-ghi-nhan-dieu-chinh-202671173416480.htm,
11/07/2026,vietnambiz.vn,Miền Nam,Đồng Nai,63000,0.0,https://vietnambiz.vn/gia-heo-hoi-hom-nay-117-thi-truong-khong-ghi-nhan-dieu-chinh-202671173416480.htm,
11/07/2026,vietnambiz.vn,Miền Nam,Đồng Tháp,61000,0.0,https://vietnambiz.vn/gia-heo-hoi-hom-nay-117-thi-truong-khong-ghi-nhan-dieu-chinh-202671173416480.htm,
11/07/2026,vietnambiz.vn,Miền Trung - Tây Nguyên,Gia Lai,62000,0.0,https://vietnambiz.vn/gia-heo-hoi-hom-nay-117-thi-truong-khong-ghi-nhan-dieu-chinh-202671173416480.htm,
11/07/2026,vietnambiz.vn,Miền Trung - Tây Nguyên,Huế,63000,0.0,https://vietnambiz.vn/gia-heo-hoi-hom-nay-117-thi-truong-khong-ghi-nhan-dieu-chinh-202671173416480.htm,
11/07/2026,vietnambiz.vn,Miền Trung - Tây Nguyên,Hà Tĩnh,64000,0.0,https://vietnambiz.vn/gia-heo-hoi-hom-nay-117-thi-truong-khong-ghi-nhan-dieu-chinh-202671173416480.htm,
11/07/2026,vietnambiz.vn,Miền Trung - Tây Nguyên,Khánh Hoà,61000,0.0,https://vietnambiz.vn/gia-heo-hoi-hom-nay-117-thi-truong-khong-ghi-nhan-dieu-chinh-202671173416480.htm,
11/07/2026,vietnambiz.vn,Miền Trung - Tây Nguyên,Lâm Đồng,62000,0.0,https://vietnambiz.vn/gia-heo-hoi-hom-nay-117-thi-truong-khong-ghi-nhan-dieu-chinh-202671173416480.htm,
11/07/2026,vietnambiz.vn,Miền Trung - Tây Nguyên,Nghệ An,65000,0.0,https://vietnambiz.vn/gia-heo-hoi-hom-nay-117-thi-truong-khong-ghi-nhan-dieu-chinh-202671173416480.htm,
11/07/2026,vietnambiz.vn,Miền Trung - Tây Nguyên,Quảng Ngãi,62000,0.0,https://vietnambiz.vn/gia-heo-hoi-hom-nay-117-thi-truong-khong-ghi-nhan-dieu-chinh-202671173416480.htm,
11/07/2026,vietnambiz.vn,Miền Trung - Tây Nguyên,Quảng Trị,64000,0.0,https://vietnambiz.vn/gia-heo-hoi-hom-nay-117-thi-truong-khong-ghi-nhan-dieu-chinh-202671173416480.htm,
11/07/2026,vietnambiz.vn,Miền Trung - Tây Nguyên,Thanh Hoá,65000,0.0,https://vietnambiz.vn/gia-heo-hoi-hom-nay-117-thi-truong-khong-ghi-nhan-dieu-chinh-202671173416480.htm,
11/07/2026,vietnambiz.vn,Miền Trung - Tây Nguyên,Đà Nẵng,62000,0.0,https://vietnambiz.vn/gia-heo-hoi-hom-nay-117-thi-truong-khong-ghi-nhan-dieu-chinh-202671173416480.htm,
11/07/2026,vietnambiz.vn,Miền Trung - Tây Nguyên,Đắk Lắk,62000,0.0,https://vietnambiz.vn/gia-heo-hoi-hom-nay-117-thi-truong-khong-ghi-nhan-dieu-chinh-202671173416480.htm,
12/07/2026,nongnghiepmoitruong.vn,Miền Bắc,Bắc Ninh,66000,0.0,https://nongnghiepmoitruong.vn/gia-heo-hoi-hom-nay-12-7-2026-tuan-nay-bien-dong-nhe-vai-noi-d821060.html,
12/07/2026,nongnghiepmoitruong.vn,Miền Bắc,Cao Bằng,65000,-1000.0,https://nongnghiepmoitruong.vn/gia-heo-hoi-hom-nay-12-7-2026-tuan-nay-bien-dong-nhe-vai-noi-d821060.html,
12/07/2026,nongnghiepmoitruong.vn,Miền Bắc,Hà Nội,66000,0.0,https://nongnghiepmoitruong.vn/gia-heo-hoi-hom-nay-12-7-2026-tuan-nay-bien-dong-nhe-vai-noi-d821060.html,
12/07/2026,nongnghiepmoitruong.vn,Miền Bắc,Hưng Yên,66000,0.0,https://nongnghiepmoitruong.vn/gia-heo-hoi-hom-nay-12-7-2026-tuan-nay-bien-dong-nhe-vai-noi-d821060.html,
12/07/2026,nongnghiepmoitruong.vn,Miền Bắc,Hải Phòng,66000,0.0,https://nongnghiepmoitruong.vn/gia-heo-hoi-hom-nay-12-7-2026-tuan-nay-bien-dong-nhe-vai-noi-d821060.html,
12/07/2026,nongnghiepmoitruong.vn,Miền Bắc,Lai Châu,65000,0.0,https://nongnghiepmoitruong.vn/gia-heo-hoi-hom-nay-12-7-2026-tuan-nay-bien-dong-nhe-vai-noi-d821060.html,
12/07/2026,nongnghiepmoitruong.vn,Miền Bắc,Lào Cai,65000,0.0,https://nongnghiepmoitruong.vn/gia-heo-hoi-hom-nay-12-7-2026-tuan-nay-bien-dong-nhe-vai-noi-d821060.html,
12/07/2026,nongnghiepmoitruong.vn,Miền Bắc,Lạng Sơn,65000,-1000.0,https://nongnghiepmoitruong.vn/gia-heo-hoi-hom-nay-12-7-2026-tuan-nay-bien-dong-nhe-vai-noi-d821060.html,
12/07/2026,nongnghiepmoitruong.vn,Miền Bắc,Ninh Bình,65000,0.0,https://nongnghiepmoitruong.vn/gia-heo-hoi-hom-nay-12-7-2026-tuan-nay-bien-dong-nhe-vai-noi-d821060.html,
12/07/2026,nongnghiepmoitruong.vn,Miền Bắc,Phú Thọ,65000,0.0,https://nongnghiepmoitruong.vn/gia-heo-hoi-hom-nay-12-7-2026-tuan-nay-bien-dong-nhe-vai-noi-d821060.html,
12/07/2026,nongnghiepmoitruong.vn,Miền Bắc,Quảng Ninh,66000,0.0,https://nongnghiepmoitruong.vn/gia-heo-hoi-hom-nay-12-7-2026-tuan-nay-bien-dong-nhe-vai-noi-d821060.html,
12/07/2026,nongnghiepmoitruong.vn,Miền Bắc,Sơn La,65000,-1000.0,https://nongnghiepmoitruong.vn/gia-heo-hoi-hom-nay-12-7-2026-tuan-nay-bien-dong-nhe-vai-noi-d821060.html,
12/07/2026,nongnghiepmoitruong.vn,Miền Bắc,Thái Nguyên,65000,-1000.0,https://nongnghiepmoitruong.vn/gia-heo-hoi-hom-nay-12-7-2026-tuan-nay-bien-dong-nhe-vai-noi-d821060.html,
12/07/2026,nongnghiepmoitruong.vn,Miền Bắc,Tuyên Quang,65000,0.0,https://nongnghiepmoitruong.vn/gia-heo-hoi-hom-nay-12-7-2026-tuan-nay-bien-dong-nhe-vai-noi-d821060.html,
12/07/2026,nongnghiepmoitruong.vn,Miền Bắc,Điện Biên,66000,0.0,https://nongnghiepmoitruong.vn/gia-heo-hoi-hom-nay-12-7-2026-tuan-nay-bien-dong-nhe-vai-noi-d821060.html,
12/07/2026,nongnghiepmoitruong.vn,Miền Nam,An Giang,61000,0.0,https://nongnghiepmoitruong.vn/gia-heo-hoi-hom-nay-12-7-2026-tuan-nay-bien-dong-nhe-vai-noi-d821060.html,
12/07/2026,nongnghiepmoitruong.vn,Miền Nam,Cà Mau,61000,1000.0,https://nongnghiepmoitruong.vn/gia-heo-hoi-hom-nay-12-7-2026-tuan-nay-bien-dong-nhe-vai-noi-d821060.html,
12/07/2026,nongnghiepmoitruong.vn,Miền Nam,Cần Thơ,61000,-1000.0,https://nongnghiepmoitruong.vn/gia-heo-hoi-hom-nay-12-7-2026-tuan-nay-bien-dong-nhe-vai-noi-d821060.html,
12/07/2026,nongnghiepmoitruong.vn,Miền Nam,TP.HCM,63000,0.0,https://nongnghiepmoitruong.vn/gia-heo-hoi-hom-nay-12-7-2026-tuan-nay-bien-dong-nhe-vai-noi-d821060.html,
12/07/2026,nongnghiepmoitruong.vn,Miền Nam,Tây Ninh,62000,0.0,https://nongnghiepmoitruong.vn/gia-heo-hoi-hom-nay-12-7-2026-tuan-nay-bien-dong-nhe-vai-noi-d821060.html,
12/07/2026,nongnghiepmoitruong.vn,Miền Nam,Vĩnh Long,62000,0.0,https://nongnghiepmoitruong.vn/gia-heo-hoi-hom-nay-12-7-2026-tuan-nay-bien-dong-nhe-vai-noi-d821060.html,
12/07/2026,nongnghiepmoitruong.vn,Miền Nam,Đồng Nai,63000,0.0,https://nongnghiepmoitruong.vn/gia-heo-hoi-hom-nay-12-7-2026-tuan-nay-bien-dong-nhe-vai-noi-d821060.html,
12/07/2026,nongnghiepmoitruong.vn,Miền Nam,Đồng Tháp,61000,1000.0,https://nongnghiepmoitruong.vn/gia-heo-hoi-hom-nay-12-7-2026-tuan-nay-bien-dong-nhe-vai-noi-d821060.html,
12/07/2026,nongnghiepmoitruong.vn,Miền Trung - Tây Nguyên,Gia Lai,62000,0.0,https://nongnghiepmoitruong.vn/gia-heo-hoi-hom-nay-12-7-2026-tuan-nay-bien-dong-nhe-vai-noi-d821060.html,
12/07/2026,nongnghiepmoitruong.vn,Miền Trung - Tây Nguyên,Huế,63000,0.0,https://nongnghiepmoitruong.vn/gia-heo-hoi-hom-nay-12-7-2026-tuan-nay-bien-dong-nhe-vai-noi-d821060.html,
12/07/2026,nongnghiepmoitruong.vn,Miền Trung - Tây Nguyên,Hà Tĩnh,64000,0.0,https://nongnghiepmoitruong.vn/gia-heo-hoi-hom-nay-12-7-2026-tuan-nay-bien-dong-nhe-vai-noi-d821060.html,
12/07/2026,nongnghiepmoitruong.vn,Miền Trung - Tây Nguyên,Khánh Hòa,61000,0.0,https://nongnghiepmoitruong.vn/gia-heo-hoi-hom-nay-12-7-2026-tuan-nay-bien-dong-nhe-vai-noi-d821060.html,
12/07/2026,nongnghiepmoitruong.vn,Miền Trung - Tây Nguyên,Lâm Đồng,62000,1000.0,https://nongnghiepmoitruong.vn/gia-heo-hoi-hom-nay-12-7-2026-tuan-nay-bien-dong-nhe-vai-noi-d821060.html,
12/07/2026,nongnghiepmoitruong.vn,Miền Trung - Tây Nguyên,Nghệ An,65000,0.0,https://nongnghiepmoitruong.vn/gia-heo-hoi-hom-nay-12-7-2026-tuan-nay-bien-dong-nhe-vai-noi-d821060.html,
12/07/2026,nongnghiepmoitruong.vn,Miền Trung - Tây Nguyên,Quảng Ngãi,62000,-1000.0,https://nongnghiepmoitruong.vn/gia-heo-hoi-hom-nay-12-7-2026-tuan-nay-bien-dong-nhe-vai-noi-d821060.html,
12/07/2026,nongnghiepmoitruong.vn,Miền Trung - Tây Nguyên,Quảng Trị,64000,0.0,https://nongnghiepmoitruong.vn/gia-heo-hoi-hom-nay-12-7-2026-tuan-nay-bien-dong-nhe-vai-noi-d821060.html,
12/07/2026,nongnghiepmoitruong.vn,Miền Trung - Tây Nguyên,Thanh Hóa,65000,0.0,https://nongnghiepmoitruong.vn/gia-heo-hoi-hom-nay-12-7-2026-tuan-nay-bien-dong-nhe-vai-noi-d821060.html,
12/07/2026,nongnghiepmoitruong.vn,Miền Trung - Tây Nguyên,Đà Nẵng,62000,0.0,https://nongnghiepmoitruong.vn/gia-heo-hoi-hom-nay-12-7-2026-tuan-nay-bien-dong-nhe-vai-noi-d821060.html,
12/07/2026,nongnghiepmoitruong.vn,Miền Trung - Tây Nguyên,Đắk Lắk,62000,0.0,https://nongnghiepmoitruong.vn/gia-heo-hoi-hom-nay-12-7-2026-tuan-nay-bien-dong-nhe-vai-noi-d821060.html,
12/07/2026,vietnambiz.vn,Miền Bắc,Bắc Ninh,66000,0.0,https://vietnambiz.vn/gia-heo-hoi-hom-nay-127-dieu-chinh-trai-chieu-trong-tuan-qua-thi-truong-hien-giao-dich-trong-khoang-61000-66000-dongkg-202671174839599.htm,
12/07/2026,vietnambiz.vn,Miền Bắc,Cao Bằng,65000,0.0,https://vietnambiz.vn/gia-heo-hoi-hom-nay-127-dieu-chinh-trai-chieu-trong-tuan-qua-thi-truong-hien-giao-dich-trong-khoang-61000-66000-dongkg-202671174839599.htm,
12/07/2026,vietnambiz.vn,Miền Bắc,Hà Nội,66000,0.0,https://vietnambiz.vn/gia-heo-hoi-hom-nay-127-dieu-chinh-trai-chieu-trong-tuan-qua-thi-truong-hien-giao-dich-trong-khoang-61000-66000-dongkg-202671174839599.htm,
12/07/2026,vietnambiz.vn,Miền Bắc,Hưng Yên,66000,0.0,https://vietnambiz.vn/gia-heo-hoi-hom-nay-127-dieu-chinh-trai-chieu-trong-tuan-qua-thi-truong-hien-giao-dich-trong-khoang-61000-66000-dongkg-202671174839599.htm,
12/07/2026,vietnambiz.vn,Miền Bắc,Hải Phòng,66000,0.0,https://vietnambiz.vn/gia-heo-hoi-hom-nay-127-dieu-chinh-trai-chieu-trong-tuan-qua-thi-truong-hien-giao-dich-trong-khoang-61000-66000-dongkg-202671174839599.htm,
12/07/2026,vietnambiz.vn,Miền Bắc,Lai Châu,65000,0.0,https://vietnambiz.vn/gia-heo-hoi-hom-nay-127-dieu-chinh-trai-chieu-trong-tuan-qua-thi-truong-hien-giao-dich-trong-khoang-61000-66000-dongkg-202671174839599.htm,
12/07/2026,vietnambiz.vn,Miền Bắc,Lào Cai,65000,0.0,https://vietnambiz.vn/gia-heo-hoi-hom-nay-127-dieu-chinh-trai-chieu-trong-tuan-qua-thi-truong-hien-giao-dich-trong-khoang-61000-66000-dongkg-202671174839599.htm,
12/07/2026,vietnambiz.vn,Miền Bắc,Lạng Sơn,65000,0.0,https://vietnambiz.vn/gia-heo-hoi-hom-nay-127-dieu-chinh-trai-chieu-trong-tuan-qua-thi-truong-hien-giao-dich-trong-khoang-61000-66000-dongkg-202671174839599.htm,
12/07/2026,vietnambiz.vn,Miền Bắc,Ninh Bình,65000,0.0,https://vietnambiz.vn/gia-heo-hoi-hom-nay-127-dieu-chinh-trai-chieu-trong-tuan-qua-thi-truong-hien-giao-dich-trong-khoang-61000-66000-dongkg-202671174839599.htm,
12/07/2026,vietnambiz.vn,Miền Bắc,Phú Thọ,65000,0.0,https://vietnambiz.vn/gia-heo-hoi-hom-nay-127-dieu-chinh-trai-chieu-trong-tuan-qua-thi-truong-hien-giao-dich-trong-khoang-61000-66000-dongkg-202671174839599.htm,
12/07/2026,vietnambiz.vn,Miền Bắc,Quảng Ninh,66000,0.0,https://vietnambiz.vn/gia-heo-hoi-hom-nay-127-dieu-chinh-trai-chieu-trong-tuan-qua-thi-truong-hien-giao-dich-trong-khoang-61000-66000-dongkg-202671174839599.htm,
12/07/2026,vietnambiz.vn,Miền Bắc,Sơn La,65000,0.0,https://vietnambiz.vn/gia-heo-hoi-hom-nay-127-dieu-chinh-trai-chieu-trong-tuan-qua-thi-truong-hien-giao-dich-trong-khoang-61000-66000-dongkg-202671174839599.htm,
12/07/2026,vietnambiz.vn,Miền Bắc,Thái Nguyên,65000,0.0,https://vietnambiz.vn/gia-heo-hoi-hom-nay-127-dieu-chinh-trai-chieu-trong-tuan-qua-thi-truong-hien-giao-dich-trong-khoang-61000-66000-dongkg-202671174839599.htm,
12/07/2026,vietnambiz.vn,Miền Bắc,Tuyên Quang,65000,0.0,https://vietnambiz.vn/gia-heo-hoi-hom-nay-127-dieu-chinh-trai-chieu-trong-tuan-qua-thi-truong-hien-giao-dich-trong-khoang-61000-66000-dongkg-202671174839599.htm,
12/07/2026,vietnambiz.vn,Miền Bắc,Điện Biên,66000,0.0,https://vietnambiz.vn/gia-heo-hoi-hom-nay-127-dieu-chinh-trai-chieu-trong-tuan-qua-thi-truong-hien-giao-dich-trong-khoang-61000-66000-dongkg-202671174839599.htm,
12/07/2026,vietnambiz.vn,Miền Nam,An Giang,61000,0.0,https://vietnambiz.vn/gia-heo-hoi-hom-nay-127-dieu-chinh-trai-chieu-trong-tuan-qua-thi-truong-hien-giao-dich-trong-khoang-61000-66000-dongkg-202671174839599.htm,
12/07/2026,vietnambiz.vn,Miền Nam,Cà Mau,61000,0.0,https://vietnambiz.vn/gia-heo-hoi-hom-nay-127-dieu-chinh-trai-chieu-trong-tuan-qua-thi-truong-hien-giao-dich-trong-khoang-61000-66000-dongkg-202671174839599.htm,
12/07/2026,vietnambiz.vn,Miền Nam,Cần Thơ,61000,0.0,https://vietnambiz.vn/gia-heo-hoi-hom-nay-127-dieu-chinh-trai-chieu-trong-tuan-qua-thi-truong-hien-giao-dich-trong-khoang-61000-66000-dongkg-202671174839599.htm,
12/07/2026,vietnambiz.vn,Miền Nam,TP HCM,63000,0.0,https://vietnambiz.vn/gia-heo-hoi-hom-nay-127-dieu-chinh-trai-chieu-trong-tuan-qua-thi-truong-hien-giao-dich-trong-khoang-61000-66000-dongkg-202671174839599.htm,
12/07/2026,vietnambiz.vn,Miền Nam,Tây Ninh,62000,0.0,https://vietnambiz.vn/gia-heo-hoi-hom-nay-127-dieu-chinh-trai-chieu-trong-tuan-qua-thi-truong-hien-giao-dich-trong-khoang-61000-66000-dongkg-202671174839599.htm,
12/07/2026,vietnambiz.vn,Miền Nam,Vĩnh Long,62000,0.0,https://vietnambiz.vn/gia-heo-hoi-hom-nay-127-dieu-chinh-trai-chieu-trong-tuan-qua-thi-truong-hien-giao-dich-trong-khoang-61000-66000-dongkg-202671174839599.htm,
12/07/2026,vietnambiz.vn,Miền Nam,Đồng Nai,63000,0.0,https://vietnambiz.vn/gia-heo-hoi-hom-nay-127-dieu-chinh-trai-chieu-trong-tuan-qua-thi-truong-hien-giao-dich-trong-khoang-61000-66000-dongkg-202671174839599.htm,
12/07/2026,vietnambiz.vn,Miền Nam,Đồng Tháp,61000,0.0,https://vietnambiz.vn/gia-heo-hoi-hom-nay-127-dieu-chinh-trai-chieu-trong-tuan-qua-thi-truong-hien-giao-dich-trong-khoang-61000-66000-dongkg-202671174839599.htm,
12/07/2026,vietnambiz.vn,Miền Trung - Tây Nguyên,Gia Lai,62000,0.0,https://vietnambiz.vn/gia-heo-hoi-hom-nay-127-dieu-chinh-trai-chieu-trong-tuan-qua-thi-truong-hien-giao-dich-trong-khoang-61000-66000-dongkg-202671174839599.htm,
12/07/2026,vietnambiz.vn,Miền Trung - Tây Nguyên,Huế,63000,0.0,https://vietnambiz.vn/gia-heo-hoi-hom-nay-127-dieu-chinh-trai-chieu-trong-tuan-qua-thi-truong-hien-giao-dich-trong-khoang-61000-66000-dongkg-202671174839599.htm,
12/07/2026,vietnambiz.vn,Miền Trung - Tây Nguyên,Hà Tĩnh,64000,0.0,https://vietnambiz.vn/gia-heo-hoi-hom-nay-127-dieu-chinh-trai-chieu-trong-tuan-qua-thi-truong-hien-giao-dich-trong-khoang-61000-66000-dongkg-202671174839599.htm,
12/07/2026,vietnambiz.vn,Miền Trung - Tây Nguyên,Khánh Hoà,61000,0.0,https://vietnambiz.vn/gia-heo-hoi-hom-nay-127-dieu-chinh-trai-chieu-trong-tuan-qua-thi-truong-hien-giao-dich-trong-khoang-61000-66000-dongkg-202671174839599.htm,
12/07/2026,vietnambiz.vn,Miền Trung - Tây Nguyên,Lâm Đồng,62000,0.0,https://vietnambiz.vn/gia-heo-hoi-hom-nay-127-dieu-chinh-trai-chieu-trong-tuan-qua-thi-truong-hien-giao-dich-trong-khoang-61000-66000-dongkg-202671174839599.htm,
12/07/2026,vietnambiz.vn,Miền Trung - Tây Nguyên,Nghệ An,65000,0.0,https://vietnambiz.vn/gia-heo-hoi-hom-nay-127-dieu-chinh-trai-chieu-trong-tuan-qua-thi-truong-hien-giao-dich-trong-khoang-61000-66000-dongkg-202671174839599.htm,
12/07/2026,vietnambiz.vn,Miền Trung - Tây Nguyên,Quảng Ngãi,62000,0.0,https://vietnambiz.vn/gia-heo-hoi-hom-nay-127-dieu-chinh-trai-chieu-trong-tuan-qua-thi-truong-hien-giao-dich-trong-khoang-61000-66000-dongkg-202671174839599.htm,
12/07/2026,vietnambiz.vn,Miền Trung - Tây Nguyên,Quảng Trị,64000,0.0,https://vietnambiz.vn/gia-heo-hoi-hom-nay-127-dieu-chinh-trai-chieu-trong-tuan-qua-thi-truong-hien-giao-dich-trong-khoang-61000-66000-dongkg-202671174839599.htm,
12/07/2026,vietnambiz.vn,Miền Trung - Tây Nguyên,Thanh Hoá,65000,0.0,https://vietnambiz.vn/gia-heo-hoi-hom-nay-127-dieu-chinh-trai-chieu-trong-tuan-qua-thi-truong-hien-giao-dich-trong-khoang-61000-66000-dongkg-202671174839599.htm,
12/07/2026,vietnambiz.vn,Miền Trung - Tây Nguyên,Đà Nẵng,62000,0.0,https://vietnambiz.vn/gia-heo-hoi-hom-nay-127-dieu-chinh-trai-chieu-trong-tuan-qua-thi-truong-hien-giao-dich-trong-khoang-61000-66000-dongkg-202671174839599.htm,
12/07/2026,vietnambiz.vn,Miền Trung - Tây Nguyên,Đắk Lắk,62000,0.0,https://vietnambiz.vn/gia-heo-hoi-hom-nay-127-dieu-chinh-trai-chieu-trong-tuan-qua-thi-truong-hien-giao-dich-trong-khoang-61000-66000-dongkg-202671174839599.htm,
13/07/2026,vietnambiz.vn,Miền Bắc,Bắc Ninh,66000,0.0,https://vietnambiz.vn/gia-heo-hoi-hom-nay-137-mot-so-dia-phuong-tang-gia-co-noi-dat-67000-dongkg-202671355230258.htm,
13/07/2026,vietnambiz.vn,Miền Bắc,Cao Bằng,65000,0.0,https://vietnambiz.vn/gia-heo-hoi-hom-nay-137-mot-so-dia-phuong-tang-gia-co-noi-dat-67000-dongkg-202671355230258.htm,
13/07/2026,vietnambiz.vn,Miền Bắc,Hà Nội,67000,1000.0,https://vietnambiz.vn/gia-heo-hoi-hom-nay-137-mot-so-dia-phuong-tang-gia-co-noi-dat-67000-dongkg-202671355230258.htm,
13/07/2026,vietnambiz.vn,Miền Bắc,Hưng Yên,67000,1000.0,https://vietnambiz.vn/gia-heo-hoi-hom-nay-137-mot-so-dia-phuong-tang-gia-co-noi-dat-67000-dongkg-202671355230258.htm,
13/07/2026,vietnambiz.vn,Miền Bắc,Hải Phòng,66000,0.0,https://vietnambiz.vn/gia-heo-hoi-hom-nay-137-mot-so-dia-phuong-tang-gia-co-noi-dat-67000-dongkg-202671355230258.htm,
13/07/2026,vietnambiz.vn,Miền Bắc,Lai Châu,65000,0.0,https://vietnambiz.vn/gia-heo-hoi-hom-nay-137-mot-so-dia-phuong-tang-gia-co-noi-dat-67000-dongkg-202671355230258.htm,
13/07/2026,vietnambiz.vn,Miền Bắc,Lào Cai,66000,1000.0,https://vietnambiz.vn/gia-heo-hoi-hom-nay-137-mot-so-dia-phuong-tang-gia-co-noi-dat-67000-dongkg-202671355230258.htm,
13/07/2026,vietnambiz.vn,Miền Bắc,Lạng Sơn,65000,0.0,https://vietnambiz.vn/gia-heo-hoi-hom-nay-137-mot-so-dia-phuong-tang-gia-co-noi-dat-67000-dongkg-202671355230258.htm,
13/07/2026,vietnambiz.vn,Miền Bắc,Ninh Bình,66000,1000.0,https://vietnambiz.vn/gia-heo-hoi-hom-nay-137-mot-so-dia-phuong-tang-gia-co-noi-dat-67000-dongkg-202671355230258.htm,
13/07/2026,vietnambiz.vn,Miền Bắc,Phú Thọ,65000,0.0,https://vietnambiz.vn/gia-heo-hoi-hom-nay-137-mot-so-dia-phuong-tang-gia-co-noi-dat-67000-dongkg-202671355230258.htm,
13/07/2026,vietnambiz.vn,Miền Bắc,Quảng Ninh,66000,0.0,https://vietnambiz.vn/gia-heo-hoi-hom-nay-137-mot-so-dia-phuong-tang-gia-co-noi-dat-67000-dongkg-202671355230258.htm,
13/07/2026,vietnambiz.vn,Miền Bắc,Sơn La,65000,0.0,https://vietnambiz.vn/gia-heo-hoi-hom-nay-137-mot-so-dia-phuong-tang-gia-co-noi-dat-67000-dongkg-202671355230258.htm,
13/07/2026,vietnambiz.vn,Miền Bắc,Thái Nguyên,65000,0.0,https://vietnambiz.vn/gia-heo-hoi-hom-nay-137-mot-so-dia-phuong-tang-gia-co-noi-dat-67000-dongkg-202671355230258.htm,
13/07/2026,vietnambiz.vn,Miền Bắc,Tuyên Quang,65000,0.0,https://vietnambiz.vn/gia-heo-hoi-hom-nay-137-mot-so-dia-phuong-tang-gia-co-noi-dat-67000-dongkg-202671355230258.htm,
13/07/2026,vietnambiz.vn,Miền Bắc,Điện Biên,66000,0.0,https://vietnambiz.vn/gia-heo-hoi-hom-nay-137-mot-so-dia-phuong-tang-gia-co-noi-dat-67000-dongkg-202671355230258.htm,
13/07/2026,vietnambiz.vn,Miền Nam,An Giang,61000,0.0,https://vietnambiz.vn/gia-heo-hoi-hom-nay-137-mot-so-dia-phuong-tang-gia-co-noi-dat-67000-dongkg-202671355230258.htm,
13/07/2026,vietnambiz.vn,Miền Nam,Cà Mau,61000,0.0,https://vietnambiz.vn/gia-heo-hoi-hom-nay-137-mot-so-dia-phuong-tang-gia-co-noi-dat-67000-dongkg-202671355230258.htm,
13/07/2026,vietnambiz.vn,Miền Nam,Cần Thơ,61000,0.0,https://vietnambiz.vn/gia-heo-hoi-hom-nay-137-mot-so-dia-phuong-tang-gia-co-noi-dat-67000-dongkg-202671355230258.htm,
13/07/2026,vietnambiz.vn,Miền Nam,TP HCM,63000,0.0,https://vietnambiz.vn/gia-heo-hoi-hom-nay-137-mot-so-dia-phuong-tang-gia-co-noi-dat-67000-dongkg-202671355230258.htm,
13/07/2026,vietnambiz.vn,Miền Nam,Tây Ninh,62000,0.0,https://vietnambiz.vn/gia-heo-hoi-hom-nay-137-mot-so-dia-phuong-tang-gia-co-noi-dat-67000-dongkg-202671355230258.htm,
13/07/2026,vietnambiz.vn,Miền Nam,Vĩnh Long,62000,0.0,https://vietnambiz.vn/gia-heo-hoi-hom-nay-137-mot-so-dia-phuong-tang-gia-co-noi-dat-67000-dongkg-202671355230258.htm,
13/07/2026,vietnambiz.vn,Miền Nam,Đồng Nai,63000,0.0,https://vietnambiz.vn/gia-heo-hoi-hom-nay-137-mot-so-dia-phuong-tang-gia-co-noi-dat-67000-dongkg-202671355230258.htm,
13/07/2026,vietnambiz.vn,Miền Nam,Đồng Tháp,61000,0.0,https://vietnambiz.vn/gia-heo-hoi-hom-nay-137-mot-so-dia-phuong-tang-gia-co-noi-dat-67000-dongkg-202671355230258.htm,
13/07/2026,vietnambiz.vn,Miền Trung - Tây Nguyên,Gia Lai,62000,0.0,https://vietnambiz.vn/gia-heo-hoi-hom-nay-137-mot-so-dia-phuong-tang-gia-co-noi-dat-67000-dongkg-202671355230258.htm,
13/07/2026,vietnambiz.vn,Miền Trung - Tây Nguyên,Huế,63000,0.0,https://vietnambiz.vn/gia-heo-hoi-hom-nay-137-mot-so-dia-phuong-tang-gia-co-noi-dat-67000-dongkg-202671355230258.htm,
13/07/2026,vietnambiz.vn,Miền Trung - Tây Nguyên,Hà Tĩnh,64000,0.0,https://vietnambiz.vn/gia-heo-hoi-hom-nay-137-mot-so-dia-phuong-tang-gia-co-noi-dat-67000-dongkg-202671355230258.htm,
13/07/2026,vietnambiz.vn,Miền Trung - Tây Nguyên,Khánh Hoà,62000,1000.0,https://vietnambiz.vn/gia-heo-hoi-hom-nay-137-mot-so-dia-phuong-tang-gia-co-noi-dat-67000-dongkg-202671355230258.htm,
13/07/2026,vietnambiz.vn,Miền Trung - Tây Nguyên,Lâm Đồng,63000,1000.0,https://vietnambiz.vn/gia-heo-hoi-hom-nay-137-mot-so-dia-phuong-tang-gia-co-noi-dat-67000-dongkg-202671355230258.htm,
13/07/2026,vietnambiz.vn,Miền Trung - Tây Nguyên,Nghệ An,65000,0.0,https://vietnambiz.vn/gia-heo-hoi-hom-nay-137-mot-so-dia-phuong-tang-gia-co-noi-dat-67000-dongkg-202671355230258.htm,
13/07/2026,vietnambiz.vn,Miền Trung - Tây Nguyên,Quảng Ngãi,62000,0.0,https://vietnambiz.vn/gia-heo-hoi-hom-nay-137-mot-so-dia-phuong-tang-gia-co-noi-dat-67000-dongkg-202671355230258.htm,
13/07/2026,vietnambiz.vn,Miền Trung - Tây Nguyên,Quảng Trị,64000,0.0,https://vietnambiz.vn/gia-heo-hoi-hom-nay-137-mot-so-dia-phuong-tang-gia-co-noi-dat-67000-dongkg-202671355230258.htm,
13/07/2026,vietnambiz.vn,Miền Trung - Tây Nguyên,Thanh Hoá,65000,0.0,https://vietnambiz.vn/gia-heo-hoi-hom-nay-137-mot-so-dia-phuong-tang-gia-co-noi-dat-67000-dongkg-202671355230258.htm,
13/07/2026,vietnambiz.vn,Miền Trung - Tây Nguyên,Đà Nẵng,62000,0.0,https://vietnambiz.vn/gia-heo-hoi-hom-nay-137-mot-so-dia-phuong-tang-gia-co-noi-dat-67000-dongkg-202671355230258.htm,
13/07/2026,vietnambiz.vn,Miền Trung - Tây Nguyên,Đắk Lắk,62000,0.0,https://vietnambiz.vn/gia-heo-hoi-hom-nay-137-mot-so-dia-phuong-tang-gia-co-noi-dat-67000-dongkg-202671355230258.htm,
13/07/2026,vinanet.vn,Miền Bắc,Bắc Ninh,66000,,https://vinanet.vn/nong-san/gia-heo-hoi-hom-nay-137-mien-bac-neo-cao-mien-nam-van-tram-lang-810951.html,
13/07/2026,vinanet.vn,Miền Bắc,Cao Bằng,65000,,https://vinanet.vn/nong-san/gia-heo-hoi-hom-nay-137-mien-bac-neo-cao-mien-nam-van-tram-lang-810951.html,
13/07/2026,vinanet.vn,Miền Bắc,Hà Nội,66000,,https://vinanet.vn/nong-san/gia-heo-hoi-hom-nay-137-mien-bac-neo-cao-mien-nam-van-tram-lang-810951.html,
13/07/2026,vinanet.vn,Miền Bắc,Hưng Yên,66000,,https://vinanet.vn/nong-san/gia-heo-hoi-hom-nay-137-mien-bac-neo-cao-mien-nam-van-tram-lang-810951.html,
13/07/2026,vinanet.vn,Miền Bắc,Hải Phòng,66000,,https://vinanet.vn/nong-san/gia-heo-hoi-hom-nay-137-mien-bac-neo-cao-mien-nam-van-tram-lang-810951.html,
13/07/2026,vinanet.vn,Miền Bắc,Lai Châu,65000,,https://vinanet.vn/nong-san/gia-heo-hoi-hom-nay-137-mien-bac-neo-cao-mien-nam-van-tram-lang-810951.html,
13/07/2026,vinanet.vn,Miền Bắc,Lào Cai,65000,,https://vinanet.vn/nong-san/gia-heo-hoi-hom-nay-137-mien-bac-neo-cao-mien-nam-van-tram-lang-810951.html,
13/07/2026,vinanet.vn,Miền Bắc,Lạng Sơn,65000,,https://vinanet.vn/nong-san/gia-heo-hoi-hom-nay-137-mien-bac-neo-cao-mien-nam-van-tram-lang-810951.html,
13/07/2026,vinanet.vn,Miền Bắc,Ninh Bình,65000,,https://vinanet.vn/nong-san/gia-heo-hoi-hom-nay-137-mien-bac-neo-cao-mien-nam-van-tram-lang-810951.html,
13/07/2026,vinanet.vn,Miền Bắc,Phú Thọ,65000,,https://vinanet.vn/nong-san/gia-heo-hoi-hom-nay-137-mien-bac-neo-cao-mien-nam-van-tram-lang-810951.html,
13/07/2026,vinanet.vn,Miền Bắc,Quảng Ninh,66000,,https://vinanet.vn/nong-san/gia-heo-hoi-hom-nay-137-mien-bac-neo-cao-mien-nam-van-tram-lang-810951.html,
13/07/2026,vinanet.vn,Miền Bắc,Sơn La,65000,,https://vinanet.vn/nong-san/gia-heo-hoi-hom-nay-137-mien-bac-neo-cao-mien-nam-van-tram-lang-810951.html,
13/07/2026,vinanet.vn,Miền Bắc,Thái Nguyên,65000,,https://vinanet.vn/nong-san/gia-heo-hoi-hom-nay-137-mien-bac-neo-cao-mien-nam-van-tram-lang-810951.html,
13/07/2026,vinanet.vn,Miền Bắc,Tuyên Quang,65000,,https://vinanet.vn/nong-san/gia-heo-hoi-hom-nay-137-mien-bac-neo-cao-mien-nam-van-tram-lang-810951.html,
13/07/2026,vinanet.vn,Miền Bắc,Điện Biên,66000,,https://vinanet.vn/nong-san/gia-heo-hoi-hom-nay-137-mien-bac-neo-cao-mien-nam-van-tram-lang-810951.html,
13/07/2026,vinanet.vn,Miền Nam,An Giang,61000,,https://vinanet.vn/nong-san/gia-heo-hoi-hom-nay-137-mien-bac-neo-cao-mien-nam-van-tram-lang-810951.html,
13/07/2026,vinanet.vn,Miền Nam,Cà Mau,61000,,https://vinanet.vn/nong-san/gia-heo-hoi-hom-nay-137-mien-bac-neo-cao-mien-nam-van-tram-lang-810951.html,
13/07/2026,vinanet.vn,Miền Nam,Cần Thơ,62000,,https://vinanet.vn/nong-san/gia-heo-hoi-hom-nay-137-mien-bac-neo-cao-mien-nam-van-tram-lang-810951.html,
13/07/2026,vinanet.vn,Miền Nam,TP HCM,63000,,https://vinanet.vn/nong-san/gia-heo-hoi-hom-nay-137-mien-bac-neo-cao-mien-nam-van-tram-lang-810951.html,
13/07/2026,vinanet.vn,Miền Nam,Tây Ninh,62000,,https://vinanet.vn/nong-san/gia-heo-hoi-hom-nay-137-mien-bac-neo-cao-mien-nam-van-tram-lang-810951.html,
13/07/2026,vinanet.vn,Miền Nam,Vĩnh Long,62000,,https://vinanet.vn/nong-san/gia-heo-hoi-hom-nay-137-mien-bac-neo-cao-mien-nam-van-tram-lang-810951.html,
13/07/2026,vinanet.vn,Miền Nam,Đồng Nai,63000,,https://vinanet.vn/nong-san/gia-heo-hoi-hom-nay-137-mien-bac-neo-cao-mien-nam-van-tram-lang-810951.html,
13/07/2026,vinanet.vn,Miền Nam,Đồng Tháp,61000,,https://vinanet.vn/nong-san/gia-heo-hoi-hom-nay-137-mien-bac-neo-cao-mien-nam-van-tram-lang-810951.html,
13/07/2026,vinanet.vn,Miền Trung - Tây Nguyên,Gia Lai,62000,,https://vinanet.vn/nong-san/gia-heo-hoi-hom-nay-137-mien-bac-neo-cao-mien-nam-van-tram-lang-810951.html,
13/07/2026,vinanet.vn,Miền Trung - Tây Nguyên,Huế,63000,,https://vinanet.vn/nong-san/gia-heo-hoi-hom-nay-137-mien-bac-neo-cao-mien-nam-van-tram-lang-810951.html,
13/07/2026,vinanet.vn,Miền Trung - Tây Nguyên,Hà Tĩnh,64000,,https://vinanet.vn/nong-san/gia-heo-hoi-hom-nay-137-mien-bac-neo-cao-mien-nam-van-tram-lang-810951.html,
13/07/2026,vinanet.vn,Miền Trung - Tây Nguyên,Khánh Hoà,61000,,https://vinanet.vn/nong-san/gia-heo-hoi-hom-nay-137-mien-bac-neo-cao-mien-nam-van-tram-lang-810951.html,
13/07/2026,vinanet.vn,Miền Trung - Tây Nguyên,Lâm Đồng,62000,,https://vinanet.vn/nong-san/gia-heo-hoi-hom-nay-137-mien-bac-neo-cao-mien-nam-van-tram-lang-810951.html,
13/07/2026,vinanet.vn,Miền Trung - Tây Nguyên,Nghệ An,65000,,https://vinanet.vn/nong-san/gia-heo-hoi-hom-nay-137-mien-bac-neo-cao-mien-nam-van-tram-lang-810951.html,
13/07/2026,vinanet.vn,Miền Trung - Tây Nguyên,Quảng Ngãi,63000,,https://vinanet.vn/nong-san/gia-heo-hoi-hom-nay-137-mien-bac-neo-cao-mien-nam-van-tram-lang-810951.html,
13/07/2026,vinanet.vn,Miền Trung - Tây Nguyên,Quảng Trị,64000,,https://vinanet.vn/nong-san/gia-heo-hoi-hom-nay-137-mien-bac-neo-cao-mien-nam-van-tram-lang-810951.html,
13/07/2026,vinanet.vn,Miền Trung - Tây Nguyên,Thanh Hoá,65000,,https://vinanet.vn/nong-san/gia-heo-hoi-hom-nay-137-mien-bac-neo-cao-mien-nam-van-tram-lang-810951.html,
13/07/2026,vinanet.vn,Miền Trung - Tây Nguyên,Đà Nẵng,62000,,https://vinanet.vn/nong-san/gia-heo-hoi-hom-nay-137-mien-bac-neo-cao-mien-nam-van-tram-lang-810951.html,
13/07/2026,vinanet.vn,Miền Trung - Tây Nguyên,Đắk Lắk,62000,,https://vinanet.vn/nong-san/gia-heo-hoi-hom-nay-137-mien-bac-neo-cao-mien-nam-van-tram-lang-810951.html,
14/07/2026,nongnghiepmoitruong.vn,Miền Bắc,Bắc Ninh,66000,0.0,https://nongnghiepmoitruong.vn/gia-heo-hoi-hom-nay-14-7-2026-tang-nhe-1000-dong-d821324.html,
14/07/2026,nongnghiepmoitruong.vn,Miền Bắc,Cao Bằng,65000,0.0,https://nongnghiepmoitruong.vn/gia-heo-hoi-hom-nay-14-7-2026-tang-nhe-1000-dong-d821324.html,
14/07/2026,nongnghiepmoitruong.vn,Miền Bắc,Hà Nội,67000,0.0,https://nongnghiepmoitruong.vn/gia-heo-hoi-hom-nay-14-7-2026-tang-nhe-1000-dong-d821324.html,
14/07/2026,nongnghiepmoitruong.vn,Miền Bắc,Hưng Yên,67000,0.0,https://nongnghiepmoitruong.vn/gia-heo-hoi-hom-nay-14-7-2026-tang-nhe-1000-dong-d821324.html,
14/07/2026,nongnghiepmoitruong.vn,Miền Bắc,Hải Phòng,66000,0.0,https://nongnghiepmoitruong.vn/gia-heo-hoi-hom-nay-14-7-2026-tang-nhe-1000-dong-d821324.html,
14/07/2026,nongnghiepmoitruong.vn,Miền Bắc,Lai Châu,66000,1000.0,https://nongnghiepmoitruong.vn/gia-heo-hoi-hom-nay-14-7-2026-tang-nhe-1000-dong-d821324.html,
14/07/2026,nongnghiepmoitruong.vn,Miền Bắc,Lào Cai,66000,0.0,https://nongnghiepmoitruong.vn/gia-heo-hoi-hom-nay-14-7-2026-tang-nhe-1000-dong-d821324.html,
14/07/2026,nongnghiepmoitruong.vn,Miền Bắc,Lạng Sơn,65000,0.0,https://nongnghiepmoitruong.vn/gia-heo-hoi-hom-nay-14-7-2026-tang-nhe-1000-dong-d821324.html,
14/07/2026,nongnghiepmoitruong.vn,Miền Bắc,Ninh Bình,66000,0.0,https://nongnghiepmoitruong.vn/gia-heo-hoi-hom-nay-14-7-2026-tang-nhe-1000-dong-d821324.html,
14/07/2026,nongnghiepmoitruong.vn,Miền Bắc,Phú Thọ,65000,0.0,https://nongnghiepmoitruong.vn/gia-heo-hoi-hom-nay-14-7-2026-tang-nhe-1000-dong-d821324.html,
14/07/2026,nongnghiepmoitruong.vn,Miền Bắc,Quảng Ninh,66000,0.0,https://nongnghiepmoitruong.vn/gia-heo-hoi-hom-nay-14-7-2026-tang-nhe-1000-dong-d821324.html,
14/07/2026,nongnghiepmoitruong.vn,Miền Bắc,Sơn La,65000,0.0,https://nongnghiepmoitruong.vn/gia-heo-hoi-hom-nay-14-7-2026-tang-nhe-1000-dong-d821324.html,
14/07/2026,nongnghiepmoitruong.vn,Miền Bắc,Thái Nguyên,66000,1000.0,https://nongnghiepmoitruong.vn/gia-heo-hoi-hom-nay-14-7-2026-tang-nhe-1000-dong-d821324.html,
14/07/2026,nongnghiepmoitruong.vn,Miền Bắc,Tuyên Quang,66000,1000.0,https://nongnghiepmoitruong.vn/gia-heo-hoi-hom-nay-14-7-2026-tang-nhe-1000-dong-d821324.html,
14/07/2026,nongnghiepmoitruong.vn,Miền Bắc,Điện Biên,66000,0.0,https://nongnghiepmoitruong.vn/gia-heo-hoi-hom-nay-14-7-2026-tang-nhe-1000-dong-d821324.html,
14/07/2026,nongnghiepmoitruong.vn,Miền Nam,An Giang,62000,1000.0,https://nongnghiepmoitruong.vn/gia-heo-hoi-hom-nay-14-7-2026-tang-nhe-1000-dong-d821324.html,
14/07/2026,nongnghiepmoitruong.vn,Miền Nam,Cà Mau,61000,0.0,https://nongnghiepmoitruong.vn/gia-heo-hoi-hom-nay-14-7-2026-tang-nhe-1000-dong-d821324.html,
14/07/2026,nongnghiepmoitruong.vn,Miền Nam,Cần Thơ,62000,1000.0,https://nongnghiepmoitruong.vn/gia-heo-hoi-hom-nay-14-7-2026-tang-nhe-1000-dong-d821324.html,
14/07/2026,nongnghiepmoitruong.vn,Miền Nam,TP.HCM,63000,0.0,https://nongnghiepmoitruong.vn/gia-heo-hoi-hom-nay-14-7-2026-tang-nhe-1000-dong-d821324.html,
14/07/2026,nongnghiepmoitruong.vn,Miền Nam,Tây Ninh,62000,0.0,https://nongnghiepmoitruong.vn/gia-heo-hoi-hom-nay-14-7-2026-tang-nhe-1000-dong-d821324.html,
14/07/2026,nongnghiepmoitruong.vn,Miền Nam,Vĩnh Long,62000,0.0,https://nongnghiepmoitruong.vn/gia-heo-hoi-hom-nay-14-7-2026-tang-nhe-1000-dong-d821324.html,
14/07/2026,nongnghiepmoitruong.vn,Miền Nam,Đồng Nai,64000,1000.0,https://nongnghiepmoitruong.vn/gia-heo-hoi-hom-nay-14-7-2026-tang-nhe-1000-dong-d821324.html,
14/07/2026,nongnghiepmoitruong.vn,Miền Nam,Đồng Tháp,61000,0.0,https://nongnghiepmoitruong.vn/gia-heo-hoi-hom-nay-14-7-2026-tang-nhe-1000-dong-d821324.html,
14/07/2026,nongnghiepmoitruong.vn,Miền Trung - Tây Nguyên,Gia Lai,62000,0.0,https://nongnghiepmoitruong.vn/gia-heo-hoi-hom-nay-14-7-2026-tang-nhe-1000-dong-d821324.html,
14/07/2026,nongnghiepmoitruong.vn,Miền Trung - Tây Nguyên,Huế,63000,0.0,https://nongnghiepmoitruong.vn/gia-heo-hoi-hom-nay-14-7-2026-tang-nhe-1000-dong-d821324.html,
14/07/2026,nongnghiepmoitruong.vn,Miền Trung - Tây Nguyên,Hà Tĩnh,64000,0.0,https://nongnghiepmoitruong.vn/gia-heo-hoi-hom-nay-14-7-2026-tang-nhe-1000-dong-d821324.html,
14/07/2026,nongnghiepmoitruong.vn,Miền Trung - Tây Nguyên,Khánh Hòa,62000,0.0,https://nongnghiepmoitruong.vn/gia-heo-hoi-hom-nay-14-7-2026-tang-nhe-1000-dong-d821324.html,
14/07/2026,nongnghiepmoitruong.vn,Miền Trung - Tây Nguyên,Lâm Đồng,64000,1000.0,https://nongnghiepmoitruong.vn/gia-heo-hoi-hom-nay-14-7-2026-tang-nhe-1000-dong-d821324.html,
14/07/2026,nongnghiepmoitruong.vn,Miền Trung - Tây Nguyên,Nghệ An,65000,0.0,https://nongnghiepmoitruong.vn/gia-heo-hoi-hom-nay-14-7-2026-tang-nhe-1000-dong-d821324.html,
14/07/2026,nongnghiepmoitruong.vn,Miền Trung - Tây Nguyên,Quảng Ngãi,62000,0.0,https://nongnghiepmoitruong.vn/gia-heo-hoi-hom-nay-14-7-2026-tang-nhe-1000-dong-d821324.html,
14/07/2026,nongnghiepmoitruong.vn,Miền Trung - Tây Nguyên,Quảng Trị,64000,0.0,https://nongnghiepmoitruong.vn/gia-heo-hoi-hom-nay-14-7-2026-tang-nhe-1000-dong-d821324.html,
14/07/2026,nongnghiepmoitruong.vn,Miền Trung - Tây Nguyên,Thanh Hóa,65000,0.0,https://nongnghiepmoitruong.vn/gia-heo-hoi-hom-nay-14-7-2026-tang-nhe-1000-dong-d821324.html,
14/07/2026,nongnghiepmoitruong.vn,Miền Trung - Tây Nguyên,Đà Nẵng,62000,0.0,https://nongnghiepmoitruong.vn/gia-heo-hoi-hom-nay-14-7-2026-tang-nhe-1000-dong-d821324.html,
14/07/2026,nongnghiepmoitruong.vn,Miền Trung - Tây Nguyên,Đắk Lắk,62000,0.0,https://nongnghiepmoitruong.vn/gia-heo-hoi-hom-nay-14-7-2026-tang-nhe-1000-dong-d821324.html,
14/07/2026,vietnambiz.vn,Miền Bắc,Bắc Ninh,66000,0.0,https://vietnambiz.vn/gia-heo-hoi-hom-nay-147-tang-tai-ca-ba-mien-20267146402597.htm,
14/07/2026,vietnambiz.vn,Miền Bắc,Cao Bằng,65000,0.0,https://vietnambiz.vn/gia-heo-hoi-hom-nay-147-tang-tai-ca-ba-mien-20267146402597.htm,
14/07/2026,vietnambiz.vn,Miền Bắc,Hà Nội,67000,0.0,https://vietnambiz.vn/gia-heo-hoi-hom-nay-147-tang-tai-ca-ba-mien-20267146402597.htm,
14/07/2026,vietnambiz.vn,Miền Bắc,Hưng Yên,67000,0.0,https://vietnambiz.vn/gia-heo-hoi-hom-nay-147-tang-tai-ca-ba-mien-20267146402597.htm,
14/07/2026,vietnambiz.vn,Miền Bắc,Hải Phòng,66000,0.0,https://vietnambiz.vn/gia-heo-hoi-hom-nay-147-tang-tai-ca-ba-mien-20267146402597.htm,
14/07/2026,vietnambiz.vn,Miền Bắc,Lai Châu,66000,1000.0,https://vietnambiz.vn/gia-heo-hoi-hom-nay-147-tang-tai-ca-ba-mien-20267146402597.htm,
14/07/2026,vietnambiz.vn,Miền Bắc,Lào Cai,66000,0.0,https://vietnambiz.vn/gia-heo-hoi-hom-nay-147-tang-tai-ca-ba-mien-20267146402597.htm,
14/07/2026,vietnambiz.vn,Miền Bắc,Lạng Sơn,65000,0.0,https://vietnambiz.vn/gia-heo-hoi-hom-nay-147-tang-tai-ca-ba-mien-20267146402597.htm,
14/07/2026,vietnambiz.vn,Miền Bắc,Ninh Bình,66000,0.0,https://vietnambiz.vn/gia-heo-hoi-hom-nay-147-tang-tai-ca-ba-mien-20267146402597.htm,
14/07/2026,vietnambiz.vn,Miền Bắc,Phú Thọ,65000,0.0,https://vietnambiz.vn/gia-heo-hoi-hom-nay-147-tang-tai-ca-ba-mien-20267146402597.htm,
14/07/2026,vietnambiz.vn,Miền Bắc,Quảng Ninh,66000,0.0,https://vietnambiz.vn/gia-heo-hoi-hom-nay-147-tang-tai-ca-ba-mien-20267146402597.htm,
14/07/2026,vietnambiz.vn,Miền Bắc,Sơn La,65000,0.0,https://vietnambiz.vn/gia-heo-hoi-hom-nay-147-tang-tai-ca-ba-mien-20267146402597.htm,
14/07/2026,vietnambiz.vn,Miền Bắc,Thái Nguyên,66000,1000.0,https://vietnambiz.vn/gia-heo-hoi-hom-nay-147-tang-tai-ca-ba-mien-20267146402597.htm,
14/07/2026,vietnambiz.vn,Miền Bắc,Tuyên Quang,66000,1000.0,https://vietnambiz.vn/gia-heo-hoi-hom-nay-147-tang-tai-ca-ba-mien-20267146402597.htm,
14/07/2026,vietnambiz.vn,Miền Bắc,Điện Biên,66000,0.0,https://vietnambiz.vn/gia-heo-hoi-hom-nay-147-tang-tai-ca-ba-mien-20267146402597.htm,
14/07/2026,vietnambiz.vn,Miền Nam,An Giang,62000,1000.0,https://vietnambiz.vn/gia-heo-hoi-hom-nay-147-tang-tai-ca-ba-mien-20267146402597.htm,
14/07/2026,vietnambiz.vn,Miền Nam,Cà Mau,61000,0.0,https://vietnambiz.vn/gia-heo-hoi-hom-nay-147-tang-tai-ca-ba-mien-20267146402597.htm,
14/07/2026,vietnambiz.vn,Miền Nam,Cần Thơ,62000,1000.0,https://vietnambiz.vn/gia-heo-hoi-hom-nay-147-tang-tai-ca-ba-mien-20267146402597.htm,
14/07/2026,vietnambiz.vn,Miền Nam,TP HCM,63000,0.0,https://vietnambiz.vn/gia-heo-hoi-hom-nay-147-tang-tai-ca-ba-mien-20267146402597.htm,
14/07/2026,vietnambiz.vn,Miền Nam,Tây Ninh,62000,0.0,https://vietnambiz.vn/gia-heo-hoi-hom-nay-147-tang-tai-ca-ba-mien-20267146402597.htm,
14/07/2026,vietnambiz.vn,Miền Nam,Vĩnh Long,62000,0.0,https://vietnambiz.vn/gia-heo-hoi-hom-nay-147-tang-tai-ca-ba-mien-20267146402597.htm,
14/07/2026,vietnambiz.vn,Miền Nam,Đồng Nai,64000,1000.0,https://vietnambiz.vn/gia-heo-hoi-hom-nay-147-tang-tai-ca-ba-mien-20267146402597.htm,
14/07/2026,vietnambiz.vn,Miền Nam,Đồng Tháp,61000,0.0,https://vietnambiz.vn/gia-heo-hoi-hom-nay-147-tang-tai-ca-ba-mien-20267146402597.htm,
14/07/2026,vietnambiz.vn,Miền Trung - Tây Nguyên,Gia Lai,62000,0.0,https://vietnambiz.vn/gia-heo-hoi-hom-nay-147-tang-tai-ca-ba-mien-20267146402597.htm,
14/07/2026,vietnambiz.vn,Miền Trung - Tây Nguyên,Huế,63000,0.0,https://vietnambiz.vn/gia-heo-hoi-hom-nay-147-tang-tai-ca-ba-mien-20267146402597.htm,
14/07/2026,vietnambiz.vn,Miền Trung - Tây Nguyên,Hà Tĩnh,64000,0.0,https://vietnambiz.vn/gia-heo-hoi-hom-nay-147-tang-tai-ca-ba-mien-20267146402597.htm,
14/07/2026,vietnambiz.vn,Miền Trung - Tây Nguyên,Khánh Hoà,62000,0.0,https://vietnambiz.vn/gia-heo-hoi-hom-nay-147-tang-tai-ca-ba-mien-20267146402597.htm,
14/07/2026,vietnambiz.vn,Miền Trung - Tây Nguyên,Lâm Đồng,64000,1000.0,https://vietnambiz.vn/gia-heo-hoi-hom-nay-147-tang-tai-ca-ba-mien-20267146402597.htm,
14/07/2026,vietnambiz.vn,Miền Trung - Tây Nguyên,Nghệ An,65000,0.0,https://vietnambiz.vn/gia-heo-hoi-hom-nay-147-tang-tai-ca-ba-mien-20267146402597.htm,
14/07/2026,vietnambiz.vn,Miền Trung - Tây Nguyên,Quảng Ngãi,62000,0.0,https://vietnambiz.vn/gia-heo-hoi-hom-nay-147-tang-tai-ca-ba-mien-20267146402597.htm,
14/07/2026,vietnambiz.vn,Miền Trung - Tây Nguyên,Quảng Trị,64000,0.0,https://vietnambiz.vn/gia-heo-hoi-hom-nay-147-tang-tai-ca-ba-mien-20267146402597.htm,
14/07/2026,vietnambiz.vn,Miền Trung - Tây Nguyên,Thanh Hoá,65000,0.0,https://vietnambiz.vn/gia-heo-hoi-hom-nay-147-tang-tai-ca-ba-mien-20267146402597.htm,
14/07/2026,vietnambiz.vn,Miền Trung - Tây Nguyên,Đà Nẵng,62000,0.0,https://vietnambiz.vn/gia-heo-hoi-hom-nay-147-tang-tai-ca-ba-mien-20267146402597.htm,
14/07/2026,vietnambiz.vn,Miền Trung - Tây Nguyên,Đắk Lắk,62000,0.0,https://vietnambiz.vn/gia-heo-hoi-hom-nay-147-tang-tai-ca-ba-mien-20267146402597.htm,
15/07/2026,vietnambiz.vn,Miền Bắc,Bắc Ninh,66000,0.0,https://vietnambiz.vn/gia-heo-hoi-hom-nay-157-nhich-nhe-tai-thi-truong-phia-nam-20267157638162.htm,
15/07/2026,vietnambiz.vn,Miền Bắc,Cao Bằng,65000,0.0,https://vietnambiz.vn/gia-heo-hoi-hom-nay-157-nhich-nhe-tai-thi-truong-phia-nam-20267157638162.htm,
15/07/2026,vietnambiz.vn,Miền Bắc,Hà Nội,67000,0.0,https://vietnambiz.vn/gia-heo-hoi-hom-nay-157-nhich-nhe-tai-thi-truong-phia-nam-20267157638162.htm,
15/07/2026,vietnambiz.vn,Miền Bắc,Hưng Yên,67000,0.0,https://vietnambiz.vn/gia-heo-hoi-hom-nay-157-nhich-nhe-tai-thi-truong-phia-nam-20267157638162.htm,
15/07/2026,vietnambiz.vn,Miền Bắc,Hải Phòng,66000,0.0,https://vietnambiz.vn/gia-heo-hoi-hom-nay-157-nhich-nhe-tai-thi-truong-phia-nam-20267157638162.htm,
15/07/2026,vietnambiz.vn,Miền Bắc,Lai Châu,66000,0.0,https://vietnambiz.vn/gia-heo-hoi-hom-nay-157-nhich-nhe-tai-thi-truong-phia-nam-20267157638162.htm,
15/07/2026,vietnambiz.vn,Miền Bắc,Lào Cai,66000,0.0,https://vietnambiz.vn/gia-heo-hoi-hom-nay-157-nhich-nhe-tai-thi-truong-phia-nam-20267157638162.htm,
15/07/2026,vietnambiz.vn,Miền Bắc,Lạng Sơn,65000,0.0,https://vietnambiz.vn/gia-heo-hoi-hom-nay-157-nhich-nhe-tai-thi-truong-phia-nam-20267157638162.htm,
15/07/2026,vietnambiz.vn,Miền Bắc,Ninh Bình,66000,0.0,https://vietnambiz.vn/gia-heo-hoi-hom-nay-157-nhich-nhe-tai-thi-truong-phia-nam-20267157638162.htm,
15/07/2026,vietnambiz.vn,Miền Bắc,Phú Thọ,65000,0.0,https://vietnambiz.vn/gia-heo-hoi-hom-nay-157-nhich-nhe-tai-thi-truong-phia-nam-20267157638162.htm,
15/07/2026,vietnambiz.vn,Miền Bắc,Quảng Ninh,66000,0.0,https://vietnambiz.vn/gia-heo-hoi-hom-nay-157-nhich-nhe-tai-thi-truong-phia-nam-20267157638162.htm,
15/07/2026,vietnambiz.vn,Miền Bắc,Sơn La,65000,0.0,https://vietnambiz.vn/gia-heo-hoi-hom-nay-157-nhich-nhe-tai-thi-truong-phia-nam-20267157638162.htm,
15/07/2026,vietnambiz.vn,Miền Bắc,Thái Nguyên,66000,0.0,https://vietnambiz.vn/gia-heo-hoi-hom-nay-157-nhich-nhe-tai-thi-truong-phia-nam-20267157638162.htm,
15/07/2026,vietnambiz.vn,Miền Bắc,Tuyên Quang,66000,0.0,https://vietnambiz.vn/gia-heo-hoi-hom-nay-157-nhich-nhe-tai-thi-truong-phia-nam-20267157638162.htm,
15/07/2026,vietnambiz.vn,Miền Bắc,Điện Biên,66000,0.0,https://vietnambiz.vn/gia-heo-hoi-hom-nay-157-nhich-nhe-tai-thi-truong-phia-nam-20267157638162.htm,
15/07/2026,vietnambiz.vn,Miền Nam,An Giang,62000,0.0,https://vietnambiz.vn/gia-heo-hoi-hom-nay-157-nhich-nhe-tai-thi-truong-phia-nam-20267157638162.htm,
15/07/2026,vietnambiz.vn,Miền Nam,Cà Mau,62000,1000.0,https://vietnambiz.vn/gia-heo-hoi-hom-nay-157-nhich-nhe-tai-thi-truong-phia-nam-20267157638162.htm,
15/07/2026,vietnambiz.vn,Miền Nam,Cần Thơ,62000,0.0,https://vietnambiz.vn/gia-heo-hoi-hom-nay-157-nhich-nhe-tai-thi-truong-phia-nam-20267157638162.htm,
15/07/2026,vietnambiz.vn,Miền Nam,TP HCM,63000,0.0,https://vietnambiz.vn/gia-heo-hoi-hom-nay-157-nhich-nhe-tai-thi-truong-phia-nam-20267157638162.htm,
15/07/2026,vietnambiz.vn,Miền Nam,Tây Ninh,62000,0.0,https://vietnambiz.vn/gia-heo-hoi-hom-nay-157-nhich-nhe-tai-thi-truong-phia-nam-20267157638162.htm,
15/07/2026,vietnambiz.vn,Miền Nam,Vĩnh Long,62000,0.0,https://vietnambiz.vn/gia-heo-hoi-hom-nay-157-nhich-nhe-tai-thi-truong-phia-nam-20267157638162.htm,
15/07/2026,vietnambiz.vn,Miền Nam,Đồng Nai,64000,0.0,https://vietnambiz.vn/gia-heo-hoi-hom-nay-157-nhich-nhe-tai-thi-truong-phia-nam-20267157638162.htm,
15/07/2026,vietnambiz.vn,Miền Nam,Đồng Tháp,62000,1000.0,https://vietnambiz.vn/gia-heo-hoi-hom-nay-157-nhich-nhe-tai-thi-truong-phia-nam-20267157638162.htm,
15/07/2026,vietnambiz.vn,Miền Trung - Tây Nguyên,Gia Lai,62000,0.0,https://vietnambiz.vn/gia-heo-hoi-hom-nay-157-nhich-nhe-tai-thi-truong-phia-nam-20267157638162.htm,
15/07/2026,vietnambiz.vn,Miền Trung - Tây Nguyên,Huế,63000,0.0,https://vietnambiz.vn/gia-heo-hoi-hom-nay-157-nhich-nhe-tai-thi-truong-phia-nam-20267157638162.htm,
15/07/2026,vietnambiz.vn,Miền Trung - Tây Nguyên,Hà Tĩnh,64000,0.0,https://vietnambiz.vn/gia-heo-hoi-hom-nay-157-nhich-nhe-tai-thi-truong-phia-nam-20267157638162.htm,
15/07/2026,vietnambiz.vn,Miền Trung - Tây Nguyên,Khánh Hoà,62000,0.0,https://vietnambiz.vn/gia-heo-hoi-hom-nay-157-nhich-nhe-tai-thi-truong-phia-nam-20267157638162.htm,
15/07/2026,vietnambiz.vn,Miền Trung - Tây Nguyên,Lâm Đồng,64000,0.0,https://vietnambiz.vn/gia-heo-hoi-hom-nay-157-nhich-nhe-tai-thi-truong-phia-nam-20267157638162.htm,
15/07/2026,vietnambiz.vn,Miền Trung - Tây Nguyên,Nghệ An,65000,0.0,https://vietnambiz.vn/gia-heo-hoi-hom-nay-157-nhich-nhe-tai-thi-truong-phia-nam-20267157638162.htm,
15/07/2026,vietnambiz.vn,Miền Trung - Tây Nguyên,Quảng Ngãi,62000,0.0,https://vietnambiz.vn/gia-heo-hoi-hom-nay-157-nhich-nhe-tai-thi-truong-phia-nam-20267157638162.htm,
15/07/2026,vietnambiz.vn,Miền Trung - Tây Nguyên,Quảng Trị,64000,0.0,https://vietnambiz.vn/gia-heo-hoi-hom-nay-157-nhich-nhe-tai-thi-truong-phia-nam-20267157638162.htm,
15/07/2026,vietnambiz.vn,Miền Trung - Tây Nguyên,Thanh Hoá,65000,0.0,https://vietnambiz.vn/gia-heo-hoi-hom-nay-157-nhich-nhe-tai-thi-truong-phia-nam-20267157638162.htm,
15/07/2026,vietnambiz.vn,Miền Trung - Tây Nguyên,Đà Nẵng,62000,0.0,https://vietnambiz.vn/gia-heo-hoi-hom-nay-157-nhich-nhe-tai-thi-truong-phia-nam-20267157638162.htm,
15/07/2026,vietnambiz.vn,Miền Trung - Tây Nguyên,Đắk Lắk,62000,0.0,https://vietnambiz.vn/gia-heo-hoi-hom-nay-157-nhich-nhe-tai-thi-truong-phia-nam-20267157638162.htm,
16/07/2026,vietnambiz.vn,Miền Bắc,Bắc Ninh,67000,1000.0,https://vietnambiz.vn/gia-heo-hoi-hom-nay-167-giu-da-tang-tai-mien-bac-va-mien-trung-them-hai-tinh-ghi-nhan-muc-67000-dongkg-202671664024317.htm,
16/07/2026,vietnambiz.vn,Miền Bắc,Cao Bằng,66000,1000.0,https://vietnambiz.vn/gia-heo-hoi-hom-nay-167-giu-da-tang-tai-mien-bac-va-mien-trung-them-hai-tinh-ghi-nhan-muc-67000-dongkg-202671664024317.htm,
16/07/2026,vietnambiz.vn,Miền Bắc,Hà Nội,67000,0.0,https://vietnambiz.vn/gia-heo-hoi-hom-nay-167-giu-da-tang-tai-mien-bac-va-mien-trung-them-hai-tinh-ghi-nhan-muc-67000-dongkg-202671664024317.htm,
16/07/2026,vietnambiz.vn,Miền Bắc,Hưng Yên,67000,0.0,https://vietnambiz.vn/gia-heo-hoi-hom-nay-167-giu-da-tang-tai-mien-bac-va-mien-trung-them-hai-tinh-ghi-nhan-muc-67000-dongkg-202671664024317.htm,
16/07/2026,vietnambiz.vn,Miền Bắc,Hải Phòng,66000,0.0,https://vietnambiz.vn/gia-heo-hoi-hom-nay-167-giu-da-tang-tai-mien-bac-va-mien-trung-them-hai-tinh-ghi-nhan-muc-67000-dongkg-202671664024317.htm,
16/07/2026,vietnambiz.vn,Miền Bắc,Lai Châu,66000,0.0,https://vietnambiz.vn/gia-heo-hoi-hom-nay-167-giu-da-tang-tai-mien-bac-va-mien-trung-them-hai-tinh-ghi-nhan-muc-67000-dongkg-202671664024317.htm,
16/07/2026,vietnambiz.vn,Miền Bắc,Lào Cai,66000,0.0,https://vietnambiz.vn/gia-heo-hoi-hom-nay-167-giu-da-tang-tai-mien-bac-va-mien-trung-them-hai-tinh-ghi-nhan-muc-67000-dongkg-202671664024317.htm,
16/07/2026,vietnambiz.vn,Miền Bắc,Lạng Sơn,66000,1000.0,https://vietnambiz.vn/gia-heo-hoi-hom-nay-167-giu-da-tang-tai-mien-bac-va-mien-trung-them-hai-tinh-ghi-nhan-muc-67000-dongkg-202671664024317.htm,
16/07/2026,vietnambiz.vn,Miền Bắc,Ninh Bình,66000,0.0,https://vietnambiz.vn/gia-heo-hoi-hom-nay-167-giu-da-tang-tai-mien-bac-va-mien-trung-them-hai-tinh-ghi-nhan-muc-67000-dongkg-202671664024317.htm,
16/07/2026,vietnambiz.vn,Miền Bắc,Phú Thọ,66000,1000.0,https://vietnambiz.vn/gia-heo-hoi-hom-nay-167-giu-da-tang-tai-mien-bac-va-mien-trung-them-hai-tinh-ghi-nhan-muc-67000-dongkg-202671664024317.htm,
16/07/2026,vietnambiz.vn,Miền Bắc,Quảng Ninh,66000,0.0,https://vietnambiz.vn/gia-heo-hoi-hom-nay-167-giu-da-tang-tai-mien-bac-va-mien-trung-them-hai-tinh-ghi-nhan-muc-67000-dongkg-202671664024317.htm,
16/07/2026,vietnambiz.vn,Miền Bắc,Sơn La,66000,1000.0,https://vietnambiz.vn/gia-heo-hoi-hom-nay-167-giu-da-tang-tai-mien-bac-va-mien-trung-them-hai-tinh-ghi-nhan-muc-67000-dongkg-202671664024317.htm,
16/07/2026,vietnambiz.vn,Miền Bắc,Thái Nguyên,67000,1000.0,https://vietnambiz.vn/gia-heo-hoi-hom-nay-167-giu-da-tang-tai-mien-bac-va-mien-trung-them-hai-tinh-ghi-nhan-muc-67000-dongkg-202671664024317.htm,
16/07/2026,vietnambiz.vn,Miền Bắc,Tuyên Quang,66000,0.0,https://vietnambiz.vn/gia-heo-hoi-hom-nay-167-giu-da-tang-tai-mien-bac-va-mien-trung-them-hai-tinh-ghi-nhan-muc-67000-dongkg-202671664024317.htm,
16/07/2026,vietnambiz.vn,Miền Bắc,Điện Biên,66000,0.0,https://vietnambiz.vn/gia-heo-hoi-hom-nay-167-giu-da-tang-tai-mien-bac-va-mien-trung-them-hai-tinh-ghi-nhan-muc-67000-dongkg-202671664024317.htm,
16/07/2026,vietnambiz.vn,Miền Nam,An Giang,62000,0.0,https://vietnambiz.vn/gia-heo-hoi-hom-nay-167-giu-da-tang-tai-mien-bac-va-mien-trung-them-hai-tinh-ghi-nhan-muc-67000-dongkg-202671664024317.htm,
16/07/2026,vietnambiz.vn,Miền Nam,Cà Mau,62000,0.0,https://vietnambiz.vn/gia-heo-hoi-hom-nay-167-giu-da-tang-tai-mien-bac-va-mien-trung-them-hai-tinh-ghi-nhan-muc-67000-dongkg-202671664024317.htm,
16/07/2026,vietnambiz.vn,Miền Nam,Cần Thơ,62000,0.0,https://vietnambiz.vn/gia-heo-hoi-hom-nay-167-giu-da-tang-tai-mien-bac-va-mien-trung-them-hai-tinh-ghi-nhan-muc-67000-dongkg-202671664024317.htm,
16/07/2026,vietnambiz.vn,Miền Nam,TP HCM,63000,0.0,https://vietnambiz.vn/gia-heo-hoi-hom-nay-167-giu-da-tang-tai-mien-bac-va-mien-trung-them-hai-tinh-ghi-nhan-muc-67000-dongkg-202671664024317.htm,
16/07/2026,vietnambiz.vn,Miền Nam,Tây Ninh,62000,0.0,https://vietnambiz.vn/gia-heo-hoi-hom-nay-167-giu-da-tang-tai-mien-bac-va-mien-trung-them-hai-tinh-ghi-nhan-muc-67000-dongkg-202671664024317.htm,
16/07/2026,vietnambiz.vn,Miền Nam,Vĩnh Long,62000,0.0,https://vietnambiz.vn/gia-heo-hoi-hom-nay-167-giu-da-tang-tai-mien-bac-va-mien-trung-them-hai-tinh-ghi-nhan-muc-67000-dongkg-202671664024317.htm,
16/07/2026,vietnambiz.vn,Miền Nam,Đồng Nai,64000,0.0,https://vietnambiz.vn/gia-heo-hoi-hom-nay-167-giu-da-tang-tai-mien-bac-va-mien-trung-them-hai-tinh-ghi-nhan-muc-67000-dongkg-202671664024317.htm,
16/07/2026,vietnambiz.vn,Miền Nam,Đồng Tháp,62000,0.0,https://vietnambiz.vn/gia-heo-hoi-hom-nay-167-giu-da-tang-tai-mien-bac-va-mien-trung-them-hai-tinh-ghi-nhan-muc-67000-dongkg-202671664024317.htm,
16/07/2026,vietnambiz.vn,Miền Trung - Tây Nguyên,Gia Lai,63000,1000.0,https://vietnambiz.vn/gia-heo-hoi-hom-nay-167-giu-da-tang-tai-mien-bac-va-mien-trung-them-hai-tinh-ghi-nhan-muc-67000-dongkg-202671664024317.htm,
16/07/2026,vietnambiz.vn,Miền Trung - Tây Nguyên,Huế,64000,1000.0,https://vietnambiz.vn/gia-heo-hoi-hom-nay-167-giu-da-tang-tai-mien-bac-va-mien-trung-them-hai-tinh-ghi-nhan-muc-67000-dongkg-202671664024317.htm,
16/07/2026,vietnambiz.vn,Miền Trung - Tây Nguyên,Hà Tĩnh,64000,0.0,https://vietnambiz.vn/gia-heo-hoi-hom-nay-167-giu-da-tang-tai-mien-bac-va-mien-trung-them-hai-tinh-ghi-nhan-muc-67000-dongkg-202671664024317.htm,
16/07/2026,vietnambiz.vn,Miền Trung - Tây Nguyên,Khánh Hoà,62000,0.0,https://vietnambiz.vn/gia-heo-hoi-hom-nay-167-giu-da-tang-tai-mien-bac-va-mien-trung-them-hai-tinh-ghi-nhan-muc-67000-dongkg-202671664024317.htm,
16/07/2026,vietnambiz.vn,Miền Trung - Tây Nguyên,Lâm Đồng,64000,0.0,https://vietnambiz.vn/gia-heo-hoi-hom-nay-167-giu-da-tang-tai-mien-bac-va-mien-trung-them-hai-tinh-ghi-nhan-muc-67000-dongkg-202671664024317.htm,
16/07/2026,vietnambiz.vn,Miền Trung - Tây Nguyên,Nghệ An,65000,0.0,https://vietnambiz.vn/gia-heo-hoi-hom-nay-167-giu-da-tang-tai-mien-bac-va-mien-trung-them-hai-tinh-ghi-nhan-muc-67000-dongkg-202671664024317.htm,
16/07/2026,vietnambiz.vn,Miền Trung - Tây Nguyên,Quảng Ngãi,63000,1000.0,https://vietnambiz.vn/gia-heo-hoi-hom-nay-167-giu-da-tang-tai-mien-bac-va-mien-trung-them-hai-tinh-ghi-nhan-muc-67000-dongkg-202671664024317.htm,
16/07/2026,vietnambiz.vn,Miền Trung - Tây Nguyên,Quảng Trị,64000,0.0,https://vietnambiz.vn/gia-heo-hoi-hom-nay-167-giu-da-tang-tai-mien-bac-va-mien-trung-them-hai-tinh-ghi-nhan-muc-67000-dongkg-202671664024317.htm,
16/07/2026,vietnambiz.vn,Miền Trung - Tây Nguyên,Thanh Hoá,65000,0.0,https://vietnambiz.vn/gia-heo-hoi-hom-nay-167-giu-da-tang-tai-mien-bac-va-mien-trung-them-hai-tinh-ghi-nhan-muc-67000-dongkg-202671664024317.htm,
16/07/2026,vietnambiz.vn,Miền Trung - Tây Nguyên,Đà Nẵng,63000,1000.0,https://vietnambiz.vn/gia-heo-hoi-hom-nay-167-giu-da-tang-tai-mien-bac-va-mien-trung-them-hai-tinh-ghi-nhan-muc-67000-dongkg-202671664024317.htm,
16/07/2026,vietnambiz.vn,Miền Trung - Tây Nguyên,Đắk Lắk,63000,1000.0,https://vietnambiz.vn/gia-heo-hoi-hom-nay-167-giu-da-tang-tai-mien-bac-va-mien-trung-them-hai-tinh-ghi-nhan-muc-67000-dongkg-202671664024317.htm,
17/07/2026,vietnambiz.vn,Miền Bắc,Bắc Ninh,67000,0.0,https://vietnambiz.vn/gia-heo-hoi-hom-nay-177-di-ngang-tren-toan-quoc-202671763721935.htm,
17/07/2026,vietnambiz.vn,Miền Bắc,Cao Bằng,66000,0.0,https://vietnambiz.vn/gia-heo-hoi-hom-nay-177-di-ngang-tren-toan-quoc-202671763721935.htm,
17/07/2026,vietnambiz.vn,Miền Bắc,Hà Nội,67000,0.0,https://vietnambiz.vn/gia-heo-hoi-hom-nay-177-di-ngang-tren-toan-quoc-202671763721935.htm,
17/07/2026,vietnambiz.vn,Miền Bắc,Hưng Yên,67000,0.0,https://vietnambiz.vn/gia-heo-hoi-hom-nay-177-di-ngang-tren-toan-quoc-202671763721935.htm,
17/07/2026,vietnambiz.vn,Miền Bắc,Hải Phòng,66000,0.0,https://vietnambiz.vn/gia-heo-hoi-hom-nay-177-di-ngang-tren-toan-quoc-202671763721935.htm,
17/07/2026,vietnambiz.vn,Miền Bắc,Lai Châu,66000,0.0,https://vietnambiz.vn/gia-heo-hoi-hom-nay-177-di-ngang-tren-toan-quoc-202671763721935.htm,
17/07/2026,vietnambiz.vn,Miền Bắc,Lào Cai,66000,0.0,https://vietnambiz.vn/gia-heo-hoi-hom-nay-177-di-ngang-tren-toan-quoc-202671763721935.htm,
17/07/2026,vietnambiz.vn,Miền Bắc,Lạng Sơn,66000,0.0,https://vietnambiz.vn/gia-heo-hoi-hom-nay-177-di-ngang-tren-toan-quoc-202671763721935.htm,
17/07/2026,vietnambiz.vn,Miền Bắc,Ninh Bình,66000,0.0,https://vietnambiz.vn/gia-heo-hoi-hom-nay-177-di-ngang-tren-toan-quoc-202671763721935.htm,
17/07/2026,vietnambiz.vn,Miền Bắc,Phú Thọ,66000,0.0,https://vietnambiz.vn/gia-heo-hoi-hom-nay-177-di-ngang-tren-toan-quoc-202671763721935.htm,
17/07/2026,vietnambiz.vn,Miền Bắc,Quảng Ninh,66000,0.0,https://vietnambiz.vn/gia-heo-hoi-hom-nay-177-di-ngang-tren-toan-quoc-202671763721935.htm,
17/07/2026,vietnambiz.vn,Miền Bắc,Sơn La,66000,0.0,https://vietnambiz.vn/gia-heo-hoi-hom-nay-177-di-ngang-tren-toan-quoc-202671763721935.htm,
17/07/2026,vietnambiz.vn,Miền Bắc,Thái Nguyên,67000,0.0,https://vietnambiz.vn/gia-heo-hoi-hom-nay-177-di-ngang-tren-toan-quoc-202671763721935.htm,
17/07/2026,vietnambiz.vn,Miền Bắc,Tuyên Quang,66000,0.0,https://vietnambiz.vn/gia-heo-hoi-hom-nay-177-di-ngang-tren-toan-quoc-202671763721935.htm,
17/07/2026,vietnambiz.vn,Miền Bắc,Điện Biên,66000,0.0,https://vietnambiz.vn/gia-heo-hoi-hom-nay-177-di-ngang-tren-toan-quoc-202671763721935.htm,
17/07/2026,vietnambiz.vn,Miền Nam,An Giang,62000,0.0,https://vietnambiz.vn/gia-heo-hoi-hom-nay-177-di-ngang-tren-toan-quoc-202671763721935.htm,
17/07/2026,vietnambiz.vn,Miền Nam,Cà Mau,62000,0.0,https://vietnambiz.vn/gia-heo-hoi-hom-nay-177-di-ngang-tren-toan-quoc-202671763721935.htm,
17/07/2026,vietnambiz.vn,Miền Nam,Cần Thơ,62000,0.0,https://vietnambiz.vn/gia-heo-hoi-hom-nay-177-di-ngang-tren-toan-quoc-202671763721935.htm,
17/07/2026,vietnambiz.vn,Miền Nam,TP HCM,63000,0.0,https://vietnambiz.vn/gia-heo-hoi-hom-nay-177-di-ngang-tren-toan-quoc-202671763721935.htm,
17/07/2026,vietnambiz.vn,Miền Nam,Tây Ninh,62000,0.0,https://vietnambiz.vn/gia-heo-hoi-hom-nay-177-di-ngang-tren-toan-quoc-202671763721935.htm,
17/07/2026,vietnambiz.vn,Miền Nam,Vĩnh Long,62000,0.0,https://vietnambiz.vn/gia-heo-hoi-hom-nay-177-di-ngang-tren-toan-quoc-202671763721935.htm,
17/07/2026,vietnambiz.vn,Miền Nam,Đồng Nai,64000,0.0,https://vietnambiz.vn/gia-heo-hoi-hom-nay-177-di-ngang-tren-toan-quoc-202671763721935.htm,
17/07/2026,vietnambiz.vn,Miền Nam,Đồng Tháp,62000,0.0,https://vietnambiz.vn/gia-heo-hoi-hom-nay-177-di-ngang-tren-toan-quoc-202671763721935.htm,
17/07/2026,vietnambiz.vn,Miền Trung - Tây Nguyên,Gia Lai,63000,0.0,https://vietnambiz.vn/gia-heo-hoi-hom-nay-177-di-ngang-tren-toan-quoc-202671763721935.htm,
17/07/2026,vietnambiz.vn,Miền Trung - Tây Nguyên,Huế,64000,0.0,https://vietnambiz.vn/gia-heo-hoi-hom-nay-177-di-ngang-tren-toan-quoc-202671763721935.htm,
17/07/2026,vietnambiz.vn,Miền Trung - Tây Nguyên,Hà Tĩnh,64000,0.0,https://vietnambiz.vn/gia-heo-hoi-hom-nay-177-di-ngang-tren-toan-quoc-202671763721935.htm,
17/07/2026,vietnambiz.vn,Miền Trung - Tây Nguyên,Khánh Hoà,62000,0.0,https://vietnambiz.vn/gia-heo-hoi-hom-nay-177-di-ngang-tren-toan-quoc-202671763721935.htm,
17/07/2026,vietnambiz.vn,Miền Trung - Tây Nguyên,Lâm Đồng,64000,0.0,https://vietnambiz.vn/gia-heo-hoi-hom-nay-177-di-ngang-tren-toan-quoc-202671763721935.htm,
17/07/2026,vietnambiz.vn,Miền Trung - Tây Nguyên,Nghệ An,65000,0.0,https://vietnambiz.vn/gia-heo-hoi-hom-nay-177-di-ngang-tren-toan-quoc-202671763721935.htm,
17/07/2026,vietnambiz.vn,Miền Trung - Tây Nguyên,Quảng Ngãi,63000,0.0,https://vietnambiz.vn/gia-heo-hoi-hom-nay-177-di-ngang-tren-toan-quoc-202671763721935.htm,
17/07/2026,vietnambiz.vn,Miền Trung - Tây Nguyên,Quảng Trị,64000,0.0,https://vietnambiz.vn/gia-heo-hoi-hom-nay-177-di-ngang-tren-toan-quoc-202671763721935.htm,
17/07/2026,vietnambiz.vn,Miền Trung - Tây Nguyên,Thanh Hoá,65000,0.0,https://vietnambiz.vn/gia-heo-hoi-hom-nay-177-di-ngang-tren-toan-quoc-202671763721935.htm,
17/07/2026,vietnambiz.vn,Miền Trung - Tây Nguyên,Đà Nẵng,63000,0.0,https://vietnambiz.vn/gia-heo-hoi-hom-nay-177-di-ngang-tren-toan-quoc-202671763721935.htm,
17/07/2026,vietnambiz.vn,Miền Trung - Tây Nguyên,Đắk Lắk,63000,0.0,https://vietnambiz.vn/gia-heo-hoi-hom-nay-177-di-ngang-tren-toan-quoc-202671763721935.htm,
18/07/2026,vietnambiz.vn,Miền Bắc,Bắc Ninh,67000,0.0,https://vietnambiz.vn/gia-heo-hoi-hom-nay-187-tiep-tuc-lang-song-20267186166119.htm,
18/07/2026,vietnambiz.vn,Miền Bắc,Cao Bằng,66000,0.0,https://vietnambiz.vn/gia-heo-hoi-hom-nay-187-tiep-tuc-lang-song-20267186166119.htm,
18/07/2026,vietnambiz.vn,Miền Bắc,Hà Nội,67000,0.0,https://vietnambiz.vn/gia-heo-hoi-hom-nay-187-tiep-tuc-lang-song-20267186166119.htm,
18/07/2026,vietnambiz.vn,Miền Bắc,Hưng Yên,67000,0.0,https://vietnambiz.vn/gia-heo-hoi-hom-nay-187-tiep-tuc-lang-song-20267186166119.htm,
18/07/2026,vietnambiz.vn,Miền Bắc,Hải Phòng,66000,0.0,https://vietnambiz.vn/gia-heo-hoi-hom-nay-187-tiep-tuc-lang-song-20267186166119.htm,
18/07/2026,vietnambiz.vn,Miền Bắc,Lai Châu,66000,0.0,https://vietnambiz.vn/gia-heo-hoi-hom-nay-187-tiep-tuc-lang-song-20267186166119.htm,
18/07/2026,vietnambiz.vn,Miền Bắc,Lào Cai,66000,0.0,https://vietnambiz.vn/gia-heo-hoi-hom-nay-187-tiep-tuc-lang-song-20267186166119.htm,
18/07/2026,vietnambiz.vn,Miền Bắc,Lạng Sơn,66000,0.0,https://vietnambiz.vn/gia-heo-hoi-hom-nay-187-tiep-tuc-lang-song-20267186166119.htm,
18/07/2026,vietnambiz.vn,Miền Bắc,Ninh Bình,66000,0.0,https://vietnambiz.vn/gia-heo-hoi-hom-nay-187-tiep-tuc-lang-song-20267186166119.htm,
18/07/2026,vietnambiz.vn,Miền Bắc,Phú Thọ,66000,0.0,https://vietnambiz.vn/gia-heo-hoi-hom-nay-187-tiep-tuc-lang-song-20267186166119.htm,
18/07/2026,vietnambiz.vn,Miền Bắc,Quảng Ninh,66000,0.0,https://vietnambiz.vn/gia-heo-hoi-hom-nay-187-tiep-tuc-lang-song-20267186166119.htm,
18/07/2026,vietnambiz.vn,Miền Bắc,Sơn La,66000,0.0,https://vietnambiz.vn/gia-heo-hoi-hom-nay-187-tiep-tuc-lang-song-20267186166119.htm,
18/07/2026,vietnambiz.vn,Miền Bắc,Thái Nguyên,67000,0.0,https://vietnambiz.vn/gia-heo-hoi-hom-nay-187-tiep-tuc-lang-song-20267186166119.htm,
18/07/2026,vietnambiz.vn,Miền Bắc,Tuyên Quang,66000,0.0,https://vietnambiz.vn/gia-heo-hoi-hom-nay-187-tiep-tuc-lang-song-20267186166119.htm,
18/07/2026,vietnambiz.vn,Miền Bắc,Điện Biên,66000,0.0,https://vietnambiz.vn/gia-heo-hoi-hom-nay-187-tiep-tuc-lang-song-20267186166119.htm,
18/07/2026,vietnambiz.vn,Miền Nam,An Giang,62000,0.0,https://vietnambiz.vn/gia-heo-hoi-hom-nay-187-tiep-tuc-lang-song-20267186166119.htm,
18/07/2026,vietnambiz.vn,Miền Nam,Cà Mau,62000,0.0,https://vietnambiz.vn/gia-heo-hoi-hom-nay-187-tiep-tuc-lang-song-20267186166119.htm,
18/07/2026,vietnambiz.vn,Miền Nam,Cần Thơ,62000,0.0,https://vietnambiz.vn/gia-heo-hoi-hom-nay-187-tiep-tuc-lang-song-20267186166119.htm,
18/07/2026,vietnambiz.vn,Miền Nam,TP HCM,63000,0.0,https://vietnambiz.vn/gia-heo-hoi-hom-nay-187-tiep-tuc-lang-song-20267186166119.htm,
18/07/2026,vietnambiz.vn,Miền Nam,Tây Ninh,62000,0.0,https://vietnambiz.vn/gia-heo-hoi-hom-nay-187-tiep-tuc-lang-song-20267186166119.htm,
18/07/2026,vietnambiz.vn,Miền Nam,Vĩnh Long,62000,0.0,https://vietnambiz.vn/gia-heo-hoi-hom-nay-187-tiep-tuc-lang-song-20267186166119.htm,
18/07/2026,vietnambiz.vn,Miền Nam,Đồng Nai,64000,0.0,https://vietnambiz.vn/gia-heo-hoi-hom-nay-187-tiep-tuc-lang-song-20267186166119.htm,
18/07/2026,vietnambiz.vn,Miền Nam,Đồng Tháp,62000,0.0,https://vietnambiz.vn/gia-heo-hoi-hom-nay-187-tiep-tuc-lang-song-20267186166119.htm,
18/07/2026,vietnambiz.vn,Miền Trung - Tây Nguyên,Gia Lai,63000,0.0,https://vietnambiz.vn/gia-heo-hoi-hom-nay-187-tiep-tuc-lang-song-20267186166119.htm,
18/07/2026,vietnambiz.vn,Miền Trung - Tây Nguyên,Huế,64000,0.0,https://vietnambiz.vn/gia-heo-hoi-hom-nay-187-tiep-tuc-lang-song-20267186166119.htm,
18/07/2026,vietnambiz.vn,Miền Trung - Tây Nguyên,Hà Tĩnh,64000,0.0,https://vietnambiz.vn/gia-heo-hoi-hom-nay-187-tiep-tuc-lang-song-20267186166119.htm,
18/07/2026,vietnambiz.vn,Miền Trung - Tây Nguyên,Khánh Hoà,62000,0.0,https://vietnambiz.vn/gia-heo-hoi-hom-nay-187-tiep-tuc-lang-song-20267186166119.htm,
18/07/2026,vietnambiz.vn,Miền Trung - Tây Nguyên,Lâm Đồng,64000,0.0,https://vietnambiz.vn/gia-heo-hoi-hom-nay-187-tiep-tuc-lang-song-20267186166119.htm,
18/07/2026,vietnambiz.vn,Miền Trung - Tây Nguyên,Nghệ An,65000,0.0,https://vietnambiz.vn/gia-heo-hoi-hom-nay-187-tiep-tuc-lang-song-20267186166119.htm,
18/07/2026,vietnambiz.vn,Miền Trung - Tây Nguyên,Quảng Ngãi,63000,0.0,https://vietnambiz.vn/gia-heo-hoi-hom-nay-187-tiep-tuc-lang-song-20267186166119.htm,
18/07/2026,vietnambiz.vn,Miền Trung - Tây Nguyên,Quảng Trị,64000,0.0,https://vietnambiz.vn/gia-heo-hoi-hom-nay-187-tiep-tuc-lang-song-20267186166119.htm,
18/07/2026,vietnambiz.vn,Miền Trung - Tây Nguyên,Thanh Hoá,65000,0.0,https://vietnambiz.vn/gia-heo-hoi-hom-nay-187-tiep-tuc-lang-song-20267186166119.htm,
18/07/2026,vietnambiz.vn,Miền Trung - Tây Nguyên,Đà Nẵng,63000,0.0,https://vietnambiz.vn/gia-heo-hoi-hom-nay-187-tiep-tuc-lang-song-20267186166119.htm,
18/07/2026,vietnambiz.vn,Miền Trung - Tây Nguyên,Đắk Lắk,63000,0.0,https://vietnambiz.vn/gia-heo-hoi-hom-nay-187-tiep-tuc-lang-song-20267186166119.htm,
19/07/2026,nongnghiepmoitruong.vn,Miền Bắc,Bắc Ninh,67000,1000.0,https://nongnghiepmoitruong.vn/gia-heo-hoi-hom-nay-19-7-2026-thi-truong-tuan-nay-hoi-phuc-d822165.html,
19/07/2026,nongnghiepmoitruong.vn,Miền Bắc,Cao Bằng,66000,1000.0,https://nongnghiepmoitruong.vn/gia-heo-hoi-hom-nay-19-7-2026-thi-truong-tuan-nay-hoi-phuc-d822165.html,
19/07/2026,nongnghiepmoitruong.vn,Miền Bắc,Hà Nội,67000,1000.0,https://nongnghiepmoitruong.vn/gia-heo-hoi-hom-nay-19-7-2026-thi-truong-tuan-nay-hoi-phuc-d822165.html,
19/07/2026,nongnghiepmoitruong.vn,Miền Bắc,Hưng Yên,67000,1000.0,https://nongnghiepmoitruong.vn/gia-heo-hoi-hom-nay-19-7-2026-thi-truong-tuan-nay-hoi-phuc-d822165.html,
19/07/2026,nongnghiepmoitruong.vn,Miền Bắc,Hải Phòng,66000,0.0,https://nongnghiepmoitruong.vn/gia-heo-hoi-hom-nay-19-7-2026-thi-truong-tuan-nay-hoi-phuc-d822165.html,
19/07/2026,nongnghiepmoitruong.vn,Miền Bắc,Lai Châu,66000,1000.0,https://nongnghiepmoitruong.vn/gia-heo-hoi-hom-nay-19-7-2026-thi-truong-tuan-nay-hoi-phuc-d822165.html,
19/07/2026,nongnghiepmoitruong.vn,Miền Bắc,Lào Cai,66000,1000.0,https://nongnghiepmoitruong.vn/gia-heo-hoi-hom-nay-19-7-2026-thi-truong-tuan-nay-hoi-phuc-d822165.html,
19/07/2026,nongnghiepmoitruong.vn,Miền Bắc,Lạng Sơn,66000,1000.0,https://nongnghiepmoitruong.vn/gia-heo-hoi-hom-nay-19-7-2026-thi-truong-tuan-nay-hoi-phuc-d822165.html,
19/07/2026,nongnghiepmoitruong.vn,Miền Bắc,Ninh Bình,66000,1000.0,https://nongnghiepmoitruong.vn/gia-heo-hoi-hom-nay-19-7-2026-thi-truong-tuan-nay-hoi-phuc-d822165.html,
19/07/2026,nongnghiepmoitruong.vn,Miền Bắc,Phú Thọ,66000,1000.0,https://nongnghiepmoitruong.vn/gia-heo-hoi-hom-nay-19-7-2026-thi-truong-tuan-nay-hoi-phuc-d822165.html,
19/07/2026,nongnghiepmoitruong.vn,Miền Bắc,Quảng Ninh,66000,0.0,https://nongnghiepmoitruong.vn/gia-heo-hoi-hom-nay-19-7-2026-thi-truong-tuan-nay-hoi-phuc-d822165.html,
19/07/2026,nongnghiepmoitruong.vn,Miền Bắc,Sơn La,66000,1000.0,https://nongnghiepmoitruong.vn/gia-heo-hoi-hom-nay-19-7-2026-thi-truong-tuan-nay-hoi-phuc-d822165.html,
19/07/2026,nongnghiepmoitruong.vn,Miền Bắc,Thái Nguyên,67000,2000.0,https://nongnghiepmoitruong.vn/gia-heo-hoi-hom-nay-19-7-2026-thi-truong-tuan-nay-hoi-phuc-d822165.html,
19/07/2026,nongnghiepmoitruong.vn,Miền Bắc,Tuyên Quang,66000,1000.0,https://nongnghiepmoitruong.vn/gia-heo-hoi-hom-nay-19-7-2026-thi-truong-tuan-nay-hoi-phuc-d822165.html,
19/07/2026,nongnghiepmoitruong.vn,Miền Bắc,Điện Biên,66000,0.0,https://nongnghiepmoitruong.vn/gia-heo-hoi-hom-nay-19-7-2026-thi-truong-tuan-nay-hoi-phuc-d822165.html,
19/07/2026,nongnghiepmoitruong.vn,Miền Nam,An Giang,62000,1000.0,https://nongnghiepmoitruong.vn/gia-heo-hoi-hom-nay-19-7-2026-thi-truong-tuan-nay-hoi-phuc-d822165.html,
19/07/2026,nongnghiepmoitruong.vn,Miền Nam,Cà Mau,62000,1000.0,https://nongnghiepmoitruong.vn/gia-heo-hoi-hom-nay-19-7-2026-thi-truong-tuan-nay-hoi-phuc-d822165.html,
19/07/2026,nongnghiepmoitruong.vn,Miền Nam,Cần Thơ,62000,1000.0,https://nongnghiepmoitruong.vn/gia-heo-hoi-hom-nay-19-7-2026-thi-truong-tuan-nay-hoi-phuc-d822165.html,
19/07/2026,nongnghiepmoitruong.vn,Miền Nam,TP.HCM,63000,0.0,https://nongnghiepmoitruong.vn/gia-heo-hoi-hom-nay-19-7-2026-thi-truong-tuan-nay-hoi-phuc-d822165.html,
19/07/2026,nongnghiepmoitruong.vn,Miền Nam,Tây Ninh,62000,0.0,https://nongnghiepmoitruong.vn/gia-heo-hoi-hom-nay-19-7-2026-thi-truong-tuan-nay-hoi-phuc-d822165.html,
19/07/2026,nongnghiepmoitruong.vn,Miền Nam,Vĩnh Long,62000,0.0,https://nongnghiepmoitruong.vn/gia-heo-hoi-hom-nay-19-7-2026-thi-truong-tuan-nay-hoi-phuc-d822165.html,
19/07/2026,nongnghiepmoitruong.vn,Miền Nam,Đồng Nai,64000,1000.0,https://nongnghiepmoitruong.vn/gia-heo-hoi-hom-nay-19-7-2026-thi-truong-tuan-nay-hoi-phuc-d822165.html,
19/07/2026,nongnghiepmoitruong.vn,Miền Nam,Đồng Tháp,62000,1000.0,https://nongnghiepmoitruong.vn/gia-heo-hoi-hom-nay-19-7-2026-thi-truong-tuan-nay-hoi-phuc-d822165.html,
19/07/2026,nongnghiepmoitruong.vn,Miền Trung - Tây Nguyên,Gia Lai,63000,1000.0,https://nongnghiepmoitruong.vn/gia-heo-hoi-hom-nay-19-7-2026-thi-truong-tuan-nay-hoi-phuc-d822165.html,
19/07/2026,nongnghiepmoitruong.vn,Miền Trung - Tây Nguyên,Huế,64000,1000.0,https://nongnghiepmoitruong.vn/gia-heo-hoi-hom-nay-19-7-2026-thi-truong-tuan-nay-hoi-phuc-d822165.html,
19/07/2026,nongnghiepmoitruong.vn,Miền Trung - Tây Nguyên,Hà Tĩnh,64000,0.0,https://nongnghiepmoitruong.vn/gia-heo-hoi-hom-nay-19-7-2026-thi-truong-tuan-nay-hoi-phuc-d822165.html,
19/07/2026,nongnghiepmoitruong.vn,Miền Trung - Tây Nguyên,Khánh Hòa,62000,1000.0,https://nongnghiepmoitruong.vn/gia-heo-hoi-hom-nay-19-7-2026-thi-truong-tuan-nay-hoi-phuc-d822165.html,
19/07/2026,nongnghiepmoitruong.vn,Miền Trung - Tây Nguyên,Lâm Đồng,64000,2000.0,https://nongnghiepmoitruong.vn/gia-heo-hoi-hom-nay-19-7-2026-thi-truong-tuan-nay-hoi-phuc-d822165.html,
19/07/2026,nongnghiepmoitruong.vn,Miền Trung - Tây Nguyên,Nghệ An,65000,0.0,https://nongnghiepmoitruong.vn/gia-heo-hoi-hom-nay-19-7-2026-thi-truong-tuan-nay-hoi-phuc-d822165.html,
19/07/2026,nongnghiepmoitruong.vn,Miền Trung - Tây Nguyên,Quảng Ngãi,63000,1000.0,https://nongnghiepmoitruong.vn/gia-heo-hoi-hom-nay-19-7-2026-thi-truong-tuan-nay-hoi-phuc-d822165.html,
19/07/2026,nongnghiepmoitruong.vn,Miền Trung - Tây Nguyên,Quảng Trị,64000,0.0,https://nongnghiepmoitruong.vn/gia-heo-hoi-hom-nay-19-7-2026-thi-truong-tuan-nay-hoi-phuc-d822165.html,
19/07/2026,nongnghiepmoitruong.vn,Miền Trung - Tây Nguyên,Thanh Hóa,65000,0.0,https://nongnghiepmoitruong.vn/gia-heo-hoi-hom-nay-19-7-2026-thi-truong-tuan-nay-hoi-phuc-d822165.html,
19/07/2026,nongnghiepmoitruong.vn,Miền Trung - Tây Nguyên,Đà Nẵng,63000,1000.0,https://nongnghiepmoitruong.vn/gia-heo-hoi-hom-nay-19-7-2026-thi-truong-tuan-nay-hoi-phuc-d822165.html,
19/07/2026,nongnghiepmoitruong.vn,Miền Trung - Tây Nguyên,Đắk Lắk,63000,1000.0,https://nongnghiepmoitruong.vn/gia-heo-hoi-hom-nay-19-7-2026-thi-truong-tuan-nay-hoi-phuc-d822165.html,
19/07/2026,vietnambiz.vn,Miền Bắc,Bắc Ninh,67000,0.0,https://vietnambiz.vn/gia-heo-hoi-hom-nay-197-ba-mien-dieu-chinh-tang-trong-tuan-qua-thi-truong-dao-dong-tu-62000-67000-dongkg-2026718103926463.htm,
19/07/2026,vietnambiz.vn,Miền Bắc,Cao Bằng,66000,0.0,https://vietnambiz.vn/gia-heo-hoi-hom-nay-197-ba-mien-dieu-chinh-tang-trong-tuan-qua-thi-truong-dao-dong-tu-62000-67000-dongkg-2026718103926463.htm,
19/07/2026,vietnambiz.vn,Miền Bắc,Hà Nội,67000,0.0,https://vietnambiz.vn/gia-heo-hoi-hom-nay-197-ba-mien-dieu-chinh-tang-trong-tuan-qua-thi-truong-dao-dong-tu-62000-67000-dongkg-2026718103926463.htm,
19/07/2026,vietnambiz.vn,Miền Bắc,Hưng Yên,67000,0.0,https://vietnambiz.vn/gia-heo-hoi-hom-nay-197-ba-mien-dieu-chinh-tang-trong-tuan-qua-thi-truong-dao-dong-tu-62000-67000-dongkg-2026718103926463.htm,
19/07/2026,vietnambiz.vn,Miền Bắc,Hải Phòng,66000,0.0,https://vietnambiz.vn/gia-heo-hoi-hom-nay-197-ba-mien-dieu-chinh-tang-trong-tuan-qua-thi-truong-dao-dong-tu-62000-67000-dongkg-2026718103926463.htm,
19/07/2026,vietnambiz.vn,Miền Bắc,Lai Châu,66000,0.0,https://vietnambiz.vn/gia-heo-hoi-hom-nay-197-ba-mien-dieu-chinh-tang-trong-tuan-qua-thi-truong-dao-dong-tu-62000-67000-dongkg-2026718103926463.htm,
19/07/2026,vietnambiz.vn,Miền Bắc,Lào Cai,66000,0.0,https://vietnambiz.vn/gia-heo-hoi-hom-nay-197-ba-mien-dieu-chinh-tang-trong-tuan-qua-thi-truong-dao-dong-tu-62000-67000-dongkg-2026718103926463.htm,
19/07/2026,vietnambiz.vn,Miền Bắc,Lạng Sơn,66000,0.0,https://vietnambiz.vn/gia-heo-hoi-hom-nay-197-ba-mien-dieu-chinh-tang-trong-tuan-qua-thi-truong-dao-dong-tu-62000-67000-dongkg-2026718103926463.htm,
19/07/2026,vietnambiz.vn,Miền Bắc,Ninh Bình,66000,0.0,https://vietnambiz.vn/gia-heo-hoi-hom-nay-197-ba-mien-dieu-chinh-tang-trong-tuan-qua-thi-truong-dao-dong-tu-62000-67000-dongkg-2026718103926463.htm,
19/07/2026,vietnambiz.vn,Miền Bắc,Phú Thọ,66000,0.0,https://vietnambiz.vn/gia-heo-hoi-hom-nay-197-ba-mien-dieu-chinh-tang-trong-tuan-qua-thi-truong-dao-dong-tu-62000-67000-dongkg-2026718103926463.htm,
19/07/2026,vietnambiz.vn,Miền Bắc,Quảng Ninh,66000,0.0,https://vietnambiz.vn/gia-heo-hoi-hom-nay-197-ba-mien-dieu-chinh-tang-trong-tuan-qua-thi-truong-dao-dong-tu-62000-67000-dongkg-2026718103926463.htm,
19/07/2026,vietnambiz.vn,Miền Bắc,Sơn La,66000,0.0,https://vietnambiz.vn/gia-heo-hoi-hom-nay-197-ba-mien-dieu-chinh-tang-trong-tuan-qua-thi-truong-dao-dong-tu-62000-67000-dongkg-2026718103926463.htm,
19/07/2026,vietnambiz.vn,Miền Bắc,Thái Nguyên,67000,0.0,https://vietnambiz.vn/gia-heo-hoi-hom-nay-197-ba-mien-dieu-chinh-tang-trong-tuan-qua-thi-truong-dao-dong-tu-62000-67000-dongkg-2026718103926463.htm,
19/07/2026,vietnambiz.vn,Miền Bắc,Tuyên Quang,66000,0.0,https://vietnambiz.vn/gia-heo-hoi-hom-nay-197-ba-mien-dieu-chinh-tang-trong-tuan-qua-thi-truong-dao-dong-tu-62000-67000-dongkg-2026718103926463.htm,
19/07/2026,vietnambiz.vn,Miền Bắc,Điện Biên,66000,0.0,https://vietnambiz.vn/gia-heo-hoi-hom-nay-197-ba-mien-dieu-chinh-tang-trong-tuan-qua-thi-truong-dao-dong-tu-62000-67000-dongkg-2026718103926463.htm,
19/07/2026,vietnambiz.vn,Miền Nam,An Giang,62000,0.0,https://vietnambiz.vn/gia-heo-hoi-hom-nay-197-ba-mien-dieu-chinh-tang-trong-tuan-qua-thi-truong-dao-dong-tu-62000-67000-dongkg-2026718103926463.htm,
19/07/2026,vietnambiz.vn,Miền Nam,Cà Mau,62000,0.0,https://vietnambiz.vn/gia-heo-hoi-hom-nay-197-ba-mien-dieu-chinh-tang-trong-tuan-qua-thi-truong-dao-dong-tu-62000-67000-dongkg-2026718103926463.htm,
19/07/2026,vietnambiz.vn,Miền Nam,Cần Thơ,62000,0.0,https://vietnambiz.vn/gia-heo-hoi-hom-nay-197-ba-mien-dieu-chinh-tang-trong-tuan-qua-thi-truong-dao-dong-tu-62000-67000-dongkg-2026718103926463.htm,
19/07/2026,vietnambiz.vn,Miền Nam,TP HCM,63000,0.0,https://vietnambiz.vn/gia-heo-hoi-hom-nay-197-ba-mien-dieu-chinh-tang-trong-tuan-qua-thi-truong-dao-dong-tu-62000-67000-dongkg-2026718103926463.htm,
19/07/2026,vietnambiz.vn,Miền Nam,Tây Ninh,62000,0.0,https://vietnambiz.vn/gia-heo-hoi-hom-nay-197-ba-mien-dieu-chinh-tang-trong-tuan-qua-thi-truong-dao-dong-tu-62000-67000-dongkg-2026718103926463.htm,
19/07/2026,vietnambiz.vn,Miền Nam,Vĩnh Long,62000,0.0,https://vietnambiz.vn/gia-heo-hoi-hom-nay-197-ba-mien-dieu-chinh-tang-trong-tuan-qua-thi-truong-dao-dong-tu-62000-67000-dongkg-2026718103926463.htm,
19/07/2026,vietnambiz.vn,Miền Nam,Đồng Nai,64000,0.0,https://vietnambiz.vn/gia-heo-hoi-hom-nay-197-ba-mien-dieu-chinh-tang-trong-tuan-qua-thi-truong-dao-dong-tu-62000-67000-dongkg-2026718103926463.htm,
19/07/2026,vietnambiz.vn,Miền Nam,Đồng Tháp,62000,0.0,https://vietnambiz.vn/gia-heo-hoi-hom-nay-197-ba-mien-dieu-chinh-tang-trong-tuan-qua-thi-truong-dao-dong-tu-62000-67000-dongkg-2026718103926463.htm,
19/07/2026,vietnambiz.vn,Miền Trung - Tây Nguyên,Gia Lai,63000,0.0,https://vietnambiz.vn/gia-heo-hoi-hom-nay-197-ba-mien-dieu-chinh-tang-trong-tuan-qua-thi-truong-dao-dong-tu-62000-67000-dongkg-2026718103926463.htm,
19/07/2026,vietnambiz.vn,Miền Trung - Tây Nguyên,Huế,64000,0.0,https://vietnambiz.vn/gia-heo-hoi-hom-nay-197-ba-mien-dieu-chinh-tang-trong-tuan-qua-thi-truong-dao-dong-tu-62000-67000-dongkg-2026718103926463.htm,
19/07/2026,vietnambiz.vn,Miền Trung - Tây Nguyên,Hà Tĩnh,64000,0.0,https://vietnambiz.vn/gia-heo-hoi-hom-nay-197-ba-mien-dieu-chinh-tang-trong-tuan-qua-thi-truong-dao-dong-tu-62000-67000-dongkg-2026718103926463.htm,
19/07/2026,vietnambiz.vn,Miền Trung - Tây Nguyên,Khánh Hoà,62000,0.0,https://vietnambiz.vn/gia-heo-hoi-hom-nay-197-ba-mien-dieu-chinh-tang-trong-tuan-qua-thi-truong-dao-dong-tu-62000-67000-dongkg-2026718103926463.htm,
19/07/2026,vietnambiz.vn,Miền Trung - Tây Nguyên,Lâm Đồng,64000,0.0,https://vietnambiz.vn/gia-heo-hoi-hom-nay-197-ba-mien-dieu-chinh-tang-trong-tuan-qua-thi-truong-dao-dong-tu-62000-67000-dongkg-2026718103926463.htm,
19/07/2026,vietnambiz.vn,Miền Trung - Tây Nguyên,Nghệ An,65000,0.0,https://vietnambiz.vn/gia-heo-hoi-hom-nay-197-ba-mien-dieu-chinh-tang-trong-tuan-qua-thi-truong-dao-dong-tu-62000-67000-dongkg-2026718103926463.htm,
19/07/2026,vietnambiz.vn,Miền Trung - Tây Nguyên,Quảng Ngãi,63000,0.0,https://vietnambiz.vn/gia-heo-hoi-hom-nay-197-ba-mien-dieu-chinh-tang-trong-tuan-qua-thi-truong-dao-dong-tu-62000-67000-dongkg-2026718103926463.htm,
19/07/2026,vietnambiz.vn,Miền Trung - Tây Nguyên,Quảng Trị,64000,0.0,https://vietnambiz.vn/gia-heo-hoi-hom-nay-197-ba-mien-dieu-chinh-tang-trong-tuan-qua-thi-truong-dao-dong-tu-62000-67000-dongkg-2026718103926463.htm,
19/07/2026,vietnambiz.vn,Miền Trung - Tây Nguyên,Thanh Hoá,65000,0.0,https://vietnambiz.vn/gia-heo-hoi-hom-nay-197-ba-mien-dieu-chinh-tang-trong-tuan-qua-thi-truong-dao-dong-tu-62000-67000-dongkg-2026718103926463.htm,
19/07/2026,vietnambiz.vn,Miền Trung - Tây Nguyên,Đà Nẵng,63000,0.0,https://vietnambiz.vn/gia-heo-hoi-hom-nay-197-ba-mien-dieu-chinh-tang-trong-tuan-qua-thi-truong-dao-dong-tu-62000-67000-dongkg-2026718103926463.htm,
19/07/2026,vietnambiz.vn,Miền Trung - Tây Nguyên,Đắk Lắk,63000,0.0,https://vietnambiz.vn/gia-heo-hoi-hom-nay-197-ba-mien-dieu-chinh-tang-trong-tuan-qua-thi-truong-dao-dong-tu-62000-67000-dongkg-2026718103926463.htm,
20/07/2026,nongnghiepmoitruong.vn,Miền Bắc,Bắc Ninh,67000,0.0,https://nongnghiepmoitruong.vn/gia-heo-hoi-hom-nay-20-7-2026-nhich-nhe-o-vai-noi-d822250.html,
20/07/2026,nongnghiepmoitruong.vn,Miền Bắc,Cao Bằng,66000,0.0,https://nongnghiepmoitruong.vn/gia-heo-hoi-hom-nay-20-7-2026-nhich-nhe-o-vai-noi-d822250.html,
20/07/2026,nongnghiepmoitruong.vn,Miền Bắc,Hà Nội,67000,0.0,https://nongnghiepmoitruong.vn/gia-heo-hoi-hom-nay-20-7-2026-nhich-nhe-o-vai-noi-d822250.html,
20/07/2026,nongnghiepmoitruong.vn,Miền Bắc,Hưng Yên,67000,0.0,https://nongnghiepmoitruong.vn/gia-heo-hoi-hom-nay-20-7-2026-nhich-nhe-o-vai-noi-d822250.html,
20/07/2026,nongnghiepmoitruong.vn,Miền Bắc,Hải Phòng,66000,0.0,https://nongnghiepmoitruong.vn/gia-heo-hoi-hom-nay-20-7-2026-nhich-nhe-o-vai-noi-d822250.html,
20/07/2026,nongnghiepmoitruong.vn,Miền Bắc,Lai Châu,66000,0.0,https://nongnghiepmoitruong.vn/gia-heo-hoi-hom-nay-20-7-2026-nhich-nhe-o-vai-noi-d822250.html,
20/07/2026,nongnghiepmoitruong.vn,Miền Bắc,Lào Cai,66000,0.0,https://nongnghiepmoitruong.vn/gia-heo-hoi-hom-nay-20-7-2026-nhich-nhe-o-vai-noi-d822250.html,
20/07/2026,nongnghiepmoitruong.vn,Miền Bắc,Lạng Sơn,66000,0.0,https://nongnghiepmoitruong.vn/gia-heo-hoi-hom-nay-20-7-2026-nhich-nhe-o-vai-noi-d822250.html,
20/07/2026,nongnghiepmoitruong.vn,Miền Bắc,Ninh Bình,66000,0.0,https://nongnghiepmoitruong.vn/gia-heo-hoi-hom-nay-20-7-2026-nhich-nhe-o-vai-noi-d822250.html,
20/07/2026,nongnghiepmoitruong.vn,Miền Bắc,Phú Thọ,66000,0.0,https://nongnghiepmoitruong.vn/gia-heo-hoi-hom-nay-20-7-2026-nhich-nhe-o-vai-noi-d822250.html,
20/07/2026,nongnghiepmoitruong.vn,Miền Bắc,Quảng Ninh,66000,0.0,https://nongnghiepmoitruong.vn/gia-heo-hoi-hom-nay-20-7-2026-nhich-nhe-o-vai-noi-d822250.html,
20/07/2026,nongnghiepmoitruong.vn,Miền Bắc,Sơn La,66000,0.0,https://nongnghiepmoitruong.vn/gia-heo-hoi-hom-nay-20-7-2026-nhich-nhe-o-vai-noi-d822250.html,
20/07/2026,nongnghiepmoitruong.vn,Miền Bắc,Thái Nguyên,67000,0.0,https://nongnghiepmoitruong.vn/gia-heo-hoi-hom-nay-20-7-2026-nhich-nhe-o-vai-noi-d822250.html,
20/07/2026,nongnghiepmoitruong.vn,Miền Bắc,Tuyên Quang,66000,0.0,https://nongnghiepmoitruong.vn/gia-heo-hoi-hom-nay-20-7-2026-nhich-nhe-o-vai-noi-d822250.html,
20/07/2026,nongnghiepmoitruong.vn,Miền Bắc,Điện Biên,66000,0.0,https://nongnghiepmoitruong.vn/gia-heo-hoi-hom-nay-20-7-2026-nhich-nhe-o-vai-noi-d822250.html,
20/07/2026,nongnghiepmoitruong.vn,Miền Nam,An Giang,62000,0.0,https://nongnghiepmoitruong.vn/gia-heo-hoi-hom-nay-20-7-2026-nhich-nhe-o-vai-noi-d822250.html,
20/07/2026,nongnghiepmoitruong.vn,Miền Nam,Cà Mau,62000,0.0,https://nongnghiepmoitruong.vn/gia-heo-hoi-hom-nay-20-7-2026-nhich-nhe-o-vai-noi-d822250.html,
20/07/2026,nongnghiepmoitruong.vn,Miền Nam,Cần Thơ,63000,1000.0,https://nongnghiepmoitruong.vn/gia-heo-hoi-hom-nay-20-7-2026-nhich-nhe-o-vai-noi-d822250.html,
20/07/2026,nongnghiepmoitruong.vn,Miền Nam,TP.HCM,63000,0.0,https://nongnghiepmoitruong.vn/gia-heo-hoi-hom-nay-20-7-2026-nhich-nhe-o-vai-noi-d822250.html,
20/07/2026,nongnghiepmoitruong.vn,Miền Nam,Tây Ninh,63000,1000.0,https://nongnghiepmoitruong.vn/gia-heo-hoi-hom-nay-20-7-2026-nhich-nhe-o-vai-noi-d822250.html,
20/07/2026,nongnghiepmoitruong.vn,Miền Nam,Vĩnh Long,63000,1000.0,https://nongnghiepmoitruong.vn/gia-heo-hoi-hom-nay-20-7-2026-nhich-nhe-o-vai-noi-d822250.html,
20/07/2026,nongnghiepmoitruong.vn,Miền Nam,Đồng Nai,64000,0.0,https://nongnghiepmoitruong.vn/gia-heo-hoi-hom-nay-20-7-2026-nhich-nhe-o-vai-noi-d822250.html,
20/07/2026,nongnghiepmoitruong.vn,Miền Nam,Đồng Tháp,62000,0.0,https://nongnghiepmoitruong.vn/gia-heo-hoi-hom-nay-20-7-2026-nhich-nhe-o-vai-noi-d822250.html,
20/07/2026,nongnghiepmoitruong.vn,Miền Trung - Tây Nguyên,Gia Lai,63000,0.0,https://nongnghiepmoitruong.vn/gia-heo-hoi-hom-nay-20-7-2026-nhich-nhe-o-vai-noi-d822250.html,
20/07/2026,nongnghiepmoitruong.vn,Miền Trung - Tây Nguyên,Huế,64000,0.0,https://nongnghiepmoitruong.vn/gia-heo-hoi-hom-nay-20-7-2026-nhich-nhe-o-vai-noi-d822250.html,
20/07/2026,nongnghiepmoitruong.vn,Miền Trung - Tây Nguyên,Hà Tĩnh,64000,0.0,https://nongnghiepmoitruong.vn/gia-heo-hoi-hom-nay-20-7-2026-nhich-nhe-o-vai-noi-d822250.html,
20/07/2026,nongnghiepmoitruong.vn,Miền Trung - Tây Nguyên,Khánh Hòa,62000,0.0,https://nongnghiepmoitruong.vn/gia-heo-hoi-hom-nay-20-7-2026-nhich-nhe-o-vai-noi-d822250.html,
20/07/2026,nongnghiepmoitruong.vn,Miền Trung - Tây Nguyên,Lâm Đồng,64000,0.0,https://nongnghiepmoitruong.vn/gia-heo-hoi-hom-nay-20-7-2026-nhich-nhe-o-vai-noi-d822250.html,
20/07/2026,nongnghiepmoitruong.vn,Miền Trung - Tây Nguyên,Nghệ An,65000,0.0,https://nongnghiepmoitruong.vn/gia-heo-hoi-hom-nay-20-7-2026-nhich-nhe-o-vai-noi-d822250.html,
20/07/2026,nongnghiepmoitruong.vn,Miền Trung - Tây Nguyên,Quảng Ngãi,63000,0.0,https://nongnghiepmoitruong.vn/gia-heo-hoi-hom-nay-20-7-2026-nhich-nhe-o-vai-noi-d822250.html,
20/07/2026,nongnghiepmoitruong.vn,Miền Trung - Tây Nguyên,Quảng Trị,64000,0.0,https://nongnghiepmoitruong.vn/gia-heo-hoi-hom-nay-20-7-2026-nhich-nhe-o-vai-noi-d822250.html,
20/07/2026,nongnghiepmoitruong.vn,Miền Trung - Tây Nguyên,Thanh Hóa,65000,0.0,https://nongnghiepmoitruong.vn/gia-heo-hoi-hom-nay-20-7-2026-nhich-nhe-o-vai-noi-d822250.html,
20/07/2026,nongnghiepmoitruong.vn,Miền Trung - Tây Nguyên,Đà Nẵng,63000,0.0,https://nongnghiepmoitruong.vn/gia-heo-hoi-hom-nay-20-7-2026-nhich-nhe-o-vai-noi-d822250.html,
20/07/2026,nongnghiepmoitruong.vn,Miền Trung - Tây Nguyên,Đắk Lắk,63000,0.0,https://nongnghiepmoitruong.vn/gia-heo-hoi-hom-nay-20-7-2026-nhich-nhe-o-vai-noi-d822250.html,
20/07/2026,vietnambiz.vn,Miền Bắc,Bắc Ninh,67000,0.0,https://vietnambiz.vn/gia-heo-hoi-hom-nay-207-tang-nhe-o-khu-vuc-mien-nam-20267207518963.htm,
20/07/2026,vietnambiz.vn,Miền Bắc,Cao Bằng,66000,0.0,https://vietnambiz.vn/gia-heo-hoi-hom-nay-207-tang-nhe-o-khu-vuc-mien-nam-20267207518963.htm,
20/07/2026,vietnambiz.vn,Miền Bắc,Hà Nội,67000,0.0,https://vietnambiz.vn/gia-heo-hoi-hom-nay-207-tang-nhe-o-khu-vuc-mien-nam-20267207518963.htm,
20/07/2026,vietnambiz.vn,Miền Bắc,Hưng Yên,67000,0.0,https://vietnambiz.vn/gia-heo-hoi-hom-nay-207-tang-nhe-o-khu-vuc-mien-nam-20267207518963.htm,
20/07/2026,vietnambiz.vn,Miền Bắc,Hải Phòng,66000,0.0,https://vietnambiz.vn/gia-heo-hoi-hom-nay-207-tang-nhe-o-khu-vuc-mien-nam-20267207518963.htm,
20/07/2026,vietnambiz.vn,Miền Bắc,Lai Châu,66000,0.0,https://vietnambiz.vn/gia-heo-hoi-hom-nay-207-tang-nhe-o-khu-vuc-mien-nam-20267207518963.htm,
20/07/2026,vietnambiz.vn,Miền Bắc,Lào Cai,66000,0.0,https://vietnambiz.vn/gia-heo-hoi-hom-nay-207-tang-nhe-o-khu-vuc-mien-nam-20267207518963.htm,
20/07/2026,vietnambiz.vn,Miền Bắc,Lạng Sơn,66000,0.0,https://vietnambiz.vn/gia-heo-hoi-hom-nay-207-tang-nhe-o-khu-vuc-mien-nam-20267207518963.htm,
20/07/2026,vietnambiz.vn,Miền Bắc,Ninh Bình,66000,0.0,https://vietnambiz.vn/gia-heo-hoi-hom-nay-207-tang-nhe-o-khu-vuc-mien-nam-20267207518963.htm,
20/07/2026,vietnambiz.vn,Miền Bắc,Phú Thọ,66000,0.0,https://vietnambiz.vn/gia-heo-hoi-hom-nay-207-tang-nhe-o-khu-vuc-mien-nam-20267207518963.htm,
20/07/2026,vietnambiz.vn,Miền Bắc,Quảng Ninh,66000,0.0,https://vietnambiz.vn/gia-heo-hoi-hom-nay-207-tang-nhe-o-khu-vuc-mien-nam-20267207518963.htm,
20/07/2026,vietnambiz.vn,Miền Bắc,Sơn La,66000,0.0,https://vietnambiz.vn/gia-heo-hoi-hom-nay-207-tang-nhe-o-khu-vuc-mien-nam-20267207518963.htm,
20/07/2026,vietnambiz.vn,Miền Bắc,Thái Nguyên,67000,0.0,https://vietnambiz.vn/gia-heo-hoi-hom-nay-207-tang-nhe-o-khu-vuc-mien-nam-20267207518963.htm,
20/07/2026,vietnambiz.vn,Miền Bắc,Tuyên Quang,66000,0.0,https://vietnambiz.vn/gia-heo-hoi-hom-nay-207-tang-nhe-o-khu-vuc-mien-nam-20267207518963.htm,
20/07/2026,vietnambiz.vn,Miền Bắc,Điện Biên,66000,0.0,https://vietnambiz.vn/gia-heo-hoi-hom-nay-207-tang-nhe-o-khu-vuc-mien-nam-20267207518963.htm,
20/07/2026,vietnambiz.vn,Miền Nam,An Giang,62000,0.0,https://vietnambiz.vn/gia-heo-hoi-hom-nay-207-tang-nhe-o-khu-vuc-mien-nam-20267207518963.htm,
20/07/2026,vietnambiz.vn,Miền Nam,Cà Mau,62000,0.0,https://vietnambiz.vn/gia-heo-hoi-hom-nay-207-tang-nhe-o-khu-vuc-mien-nam-20267207518963.htm,
20/07/2026,vietnambiz.vn,Miền Nam,Cần Thơ,63000,1000.0,https://vietnambiz.vn/gia-heo-hoi-hom-nay-207-tang-nhe-o-khu-vuc-mien-nam-20267207518963.htm,
20/07/2026,vietnambiz.vn,Miền Nam,TP HCM,63000,0.0,https://vietnambiz.vn/gia-heo-hoi-hom-nay-207-tang-nhe-o-khu-vuc-mien-nam-20267207518963.htm,
20/07/2026,vietnambiz.vn,Miền Nam,Tây Ninh,63000,1000.0,https://vietnambiz.vn/gia-heo-hoi-hom-nay-207-tang-nhe-o-khu-vuc-mien-nam-20267207518963.htm,
20/07/2026,vietnambiz.vn,Miền Nam,Vĩnh Long,63000,1000.0,https://vietnambiz.vn/gia-heo-hoi-hom-nay-207-tang-nhe-o-khu-vuc-mien-nam-20267207518963.htm,
20/07/2026,vietnambiz.vn,Miền Nam,Đồng Nai,64000,0.0,https://vietnambiz.vn/gia-heo-hoi-hom-nay-207-tang-nhe-o-khu-vuc-mien-nam-20267207518963.htm,
20/07/2026,vietnambiz.vn,Miền Nam,Đồng Tháp,62000,0.0,https://vietnambiz.vn/gia-heo-hoi-hom-nay-207-tang-nhe-o-khu-vuc-mien-nam-20267207518963.htm,
20/07/2026,vietnambiz.vn,Miền Trung - Tây Nguyên,Gia Lai,63000,0.0,https://vietnambiz.vn/gia-heo-hoi-hom-nay-207-tang-nhe-o-khu-vuc-mien-nam-20267207518963.htm,
20/07/2026,vietnambiz.vn,Miền Trung - Tây Nguyên,Huế,64000,0.0,https://vietnambiz.vn/gia-heo-hoi-hom-nay-207-tang-nhe-o-khu-vuc-mien-nam-20267207518963.htm,
20/07/2026,vietnambiz.vn,Miền Trung - Tây Nguyên,Hà Tĩnh,64000,0.0,https://vietnambiz.vn/gia-heo-hoi-hom-nay-207-tang-nhe-o-khu-vuc-mien-nam-20267207518963.htm,
20/07/2026,vietnambiz.vn,Miền Trung - Tây Nguyên,Khánh Hoà,62000,0.0,https://vietnambiz.vn/gia-heo-hoi-hom-nay-207-tang-nhe-o-khu-vuc-mien-nam-20267207518963.htm,
20/07/2026,vietnambiz.vn,Miền Trung - Tây Nguyên,Lâm Đồng,64000,0.0,https://vietnambiz.vn/gia-heo-hoi-hom-nay-207-tang-nhe-o-khu-vuc-mien-nam-20267207518963.htm,
20/07/2026,vietnambiz.vn,Miền Trung - Tây Nguyên,Nghệ An,65000,0.0,https://vietnambiz.vn/gia-heo-hoi-hom-nay-207-tang-nhe-o-khu-vuc-mien-nam-20267207518963.htm,
20/07/2026,vietnambiz.vn,Miền Trung - Tây Nguyên,Quảng Ngãi,63000,0.0,https://vietnambiz.vn/gia-heo-hoi-hom-nay-207-tang-nhe-o-khu-vuc-mien-nam-20267207518963.htm,
20/07/2026,vietnambiz.vn,Miền Trung - Tây Nguyên,Quảng Trị,64000,0.0,https://vietnambiz.vn/gia-heo-hoi-hom-nay-207-tang-nhe-o-khu-vuc-mien-nam-20267207518963.htm,
20/07/2026,vietnambiz.vn,Miền Trung - Tây Nguyên,Thanh Hoá,65000,0.0,https://vietnambiz.vn/gia-heo-hoi-hom-nay-207-tang-nhe-o-khu-vuc-mien-nam-20267207518963.htm,
20/07/2026,vietnambiz.vn,Miền Trung - Tây Nguyên,Đà Nẵng,63000,0.0,https://vietnambiz.vn/gia-heo-hoi-hom-nay-207-tang-nhe-o-khu-vuc-mien-nam-20267207518963.htm,
20/07/2026,vietnambiz.vn,Miền Trung - Tây Nguyên,Đắk Lắk,63000,0.0,https://vietnambiz.vn/gia-heo-hoi-hom-nay-207-tang-nhe-o-khu-vuc-mien-nam-20267207518963.htm,
20/07/2026,vinanet.vn,Miền Bắc,Bắc Ninh,67000,,https://vinanet.vn/nong-san/gia-heo-hoi-hom-nay-207-bon-dia-phuong-cung-dan-dau-ca-nuoc-811135.html,
20/07/2026,vinanet.vn,Miền Bắc,Cao Bằng,66000,,https://vinanet.vn/nong-san/gia-heo-hoi-hom-nay-207-bon-dia-phuong-cung-dan-dau-ca-nuoc-811135.html,
20/07/2026,vinanet.vn,Miền Bắc,Hà Nội,67000,,https://vinanet.vn/nong-san/gia-heo-hoi-hom-nay-207-bon-dia-phuong-cung-dan-dau-ca-nuoc-811135.html,
20/07/2026,vinanet.vn,Miền Bắc,Hưng Yên,67000,,https://vinanet.vn/nong-san/gia-heo-hoi-hom-nay-207-bon-dia-phuong-cung-dan-dau-ca-nuoc-811135.html,
20/07/2026,vinanet.vn,Miền Bắc,Hải Phòng,66000,,https://vinanet.vn/nong-san/gia-heo-hoi-hom-nay-207-bon-dia-phuong-cung-dan-dau-ca-nuoc-811135.html,
20/07/2026,vinanet.vn,Miền Bắc,Lai Châu,66000,,https://vinanet.vn/nong-san/gia-heo-hoi-hom-nay-207-bon-dia-phuong-cung-dan-dau-ca-nuoc-811135.html,
20/07/2026,vinanet.vn,Miền Bắc,Lào Cai,66000,,https://vinanet.vn/nong-san/gia-heo-hoi-hom-nay-207-bon-dia-phuong-cung-dan-dau-ca-nuoc-811135.html,
20/07/2026,vinanet.vn,Miền Bắc,Lạng Sơn,66000,,https://vinanet.vn/nong-san/gia-heo-hoi-hom-nay-207-bon-dia-phuong-cung-dan-dau-ca-nuoc-811135.html,
20/07/2026,vinanet.vn,Miền Bắc,Ninh Bình,66000,,https://vinanet.vn/nong-san/gia-heo-hoi-hom-nay-207-bon-dia-phuong-cung-dan-dau-ca-nuoc-811135.html,
20/07/2026,vinanet.vn,Miền Bắc,Phú Thọ,66000,,https://vinanet.vn/nong-san/gia-heo-hoi-hom-nay-207-bon-dia-phuong-cung-dan-dau-ca-nuoc-811135.html,
20/07/2026,vinanet.vn,Miền Bắc,Quảng Ninh,66000,,https://vinanet.vn/nong-san/gia-heo-hoi-hom-nay-207-bon-dia-phuong-cung-dan-dau-ca-nuoc-811135.html,
20/07/2026,vinanet.vn,Miền Bắc,Sơn La,66000,,https://vinanet.vn/nong-san/gia-heo-hoi-hom-nay-207-bon-dia-phuong-cung-dan-dau-ca-nuoc-811135.html,
20/07/2026,vinanet.vn,Miền Bắc,Thái Nguyên,67000,,https://vinanet.vn/nong-san/gia-heo-hoi-hom-nay-207-bon-dia-phuong-cung-dan-dau-ca-nuoc-811135.html,
20/07/2026,vinanet.vn,Miền Bắc,Tuyên Quang,66000,,https://vinanet.vn/nong-san/gia-heo-hoi-hom-nay-207-bon-dia-phuong-cung-dan-dau-ca-nuoc-811135.html,
20/07/2026,vinanet.vn,Miền Bắc,Điện Biên,66000,,https://vinanet.vn/nong-san/gia-heo-hoi-hom-nay-207-bon-dia-phuong-cung-dan-dau-ca-nuoc-811135.html,
20/07/2026,vinanet.vn,Miền Nam,An Giang,62000,,https://vinanet.vn/nong-san/gia-heo-hoi-hom-nay-207-bon-dia-phuong-cung-dan-dau-ca-nuoc-811135.html,
20/07/2026,vinanet.vn,Miền Nam,Cà Mau,62000,,https://vinanet.vn/nong-san/gia-heo-hoi-hom-nay-207-bon-dia-phuong-cung-dan-dau-ca-nuoc-811135.html,
20/07/2026,vinanet.vn,Miền Nam,Cần Thơ,62000,,https://vinanet.vn/nong-san/gia-heo-hoi-hom-nay-207-bon-dia-phuong-cung-dan-dau-ca-nuoc-811135.html,
20/07/2026,vinanet.vn,Miền Nam,TP HCM,63000,,https://vinanet.vn/nong-san/gia-heo-hoi-hom-nay-207-bon-dia-phuong-cung-dan-dau-ca-nuoc-811135.html,
20/07/2026,vinanet.vn,Miền Nam,Tây Ninh,62000,,https://vinanet.vn/nong-san/gia-heo-hoi-hom-nay-207-bon-dia-phuong-cung-dan-dau-ca-nuoc-811135.html,
20/07/2026,vinanet.vn,Miền Nam,Vĩnh Long,62000,,https://vinanet.vn/nong-san/gia-heo-hoi-hom-nay-207-bon-dia-phuong-cung-dan-dau-ca-nuoc-811135.html,
20/07/2026,vinanet.vn,Miền Nam,Đồng Nai,64000,,https://vinanet.vn/nong-san/gia-heo-hoi-hom-nay-207-bon-dia-phuong-cung-dan-dau-ca-nuoc-811135.html,
20/07/2026,vinanet.vn,Miền Nam,Đồng Tháp,62000,,https://vinanet.vn/nong-san/gia-heo-hoi-hom-nay-207-bon-dia-phuong-cung-dan-dau-ca-nuoc-811135.html,
20/07/2026,vinanet.vn,Miền Trung - Tây Nguyên,Gia Lai,63000,,https://vinanet.vn/nong-san/gia-heo-hoi-hom-nay-207-bon-dia-phuong-cung-dan-dau-ca-nuoc-811135.html,
20/07/2026,vinanet.vn,Miền Trung - Tây Nguyên,Huế,64000,,https://vinanet.vn/nong-san/gia-heo-hoi-hom-nay-207-bon-dia-phuong-cung-dan-dau-ca-nuoc-811135.html,
20/07/2026,vinanet.vn,Miền Trung - Tây Nguyên,Hà Tĩnh,64000,,https://vinanet.vn/nong-san/gia-heo-hoi-hom-nay-207-bon-dia-phuong-cung-dan-dau-ca-nuoc-811135.html,
20/07/2026,vinanet.vn,Miền Trung - Tây Nguyên,Khánh Hoà,62000,,https://vinanet.vn/nong-san/gia-heo-hoi-hom-nay-207-bon-dia-phuong-cung-dan-dau-ca-nuoc-811135.html,
20/07/2026,vinanet.vn,Miền Trung - Tây Nguyên,Lâm Đồng,64000,,https://vinanet.vn/nong-san/gia-heo-hoi-hom-nay-207-bon-dia-phuong-cung-dan-dau-ca-nuoc-811135.html,
20/07/2026,vinanet.vn,Miền Trung - Tây Nguyên,Nghệ An,65000,,https://vinanet.vn/nong-san/gia-heo-hoi-hom-nay-207-bon-dia-phuong-cung-dan-dau-ca-nuoc-811135.html,
20/07/2026,vinanet.vn,Miền Trung - Tây Nguyên,Quảng Ngãi,63000,,https://vinanet.vn/nong-san/gia-heo-hoi-hom-nay-207-bon-dia-phuong-cung-dan-dau-ca-nuoc-811135.html,
20/07/2026,vinanet.vn,Miền Trung - Tây Nguyên,Quảng Trị,64000,,https://vinanet.vn/nong-san/gia-heo-hoi-hom-nay-207-bon-dia-phuong-cung-dan-dau-ca-nuoc-811135.html,
20/07/2026,vinanet.vn,Miền Trung - Tây Nguyên,Thanh Hoá,65000,,https://vinanet.vn/nong-san/gia-heo-hoi-hom-nay-207-bon-dia-phuong-cung-dan-dau-ca-nuoc-811135.html,
20/07/2026,vinanet.vn,Miền Trung - Tây Nguyên,Đà Nẵng,63000,,https://vinanet.vn/nong-san/gia-heo-hoi-hom-nay-207-bon-dia-phuong-cung-dan-dau-ca-nuoc-811135.html,
20/07/2026,vinanet.vn,Miền Trung - Tây Nguyên,Đắk Lắk,63000,,https://vinanet.vn/nong-san/gia-heo-hoi-hom-nay-207-bon-dia-phuong-cung-dan-dau-ca-nuoc-811135.html,
21/07/2026,nongnghiepmoitruong.vn,Miền Bắc,Bắc Ninh,66000,-1000.0,https://nongnghiepmoitruong.vn/gia-heo-hoi-hom-nay-21-7-2026-giam-nhe-o-mot-vai-dia-phuong-d822404.html,
21/07/2026,nongnghiepmoitruong.vn,Miền Bắc,Cao Bằng,66000,0.0,https://nongnghiepmoitruong.vn/gia-heo-hoi-hom-nay-21-7-2026-giam-nhe-o-mot-vai-dia-phuong-d822404.html,
21/07/2026,nongnghiepmoitruong.vn,Miền Bắc,Hà Nội,67000,0.0,https://nongnghiepmoitruong.vn/gia-heo-hoi-hom-nay-21-7-2026-giam-nhe-o-mot-vai-dia-phuong-d822404.html,
21/07/2026,nongnghiepmoitruong.vn,Miền Bắc,Hưng Yên,67000,0.0,https://nongnghiepmoitruong.vn/gia-heo-hoi-hom-nay-21-7-2026-giam-nhe-o-mot-vai-dia-phuong-d822404.html,
21/07/2026,nongnghiepmoitruong.vn,Miền Bắc,Hải Phòng,66000,0.0,https://nongnghiepmoitruong.vn/gia-heo-hoi-hom-nay-21-7-2026-giam-nhe-o-mot-vai-dia-phuong-d822404.html,
21/07/2026,nongnghiepmoitruong.vn,Miền Bắc,Lai Châu,66000,0.0,https://nongnghiepmoitruong.vn/gia-heo-hoi-hom-nay-21-7-2026-giam-nhe-o-mot-vai-dia-phuong-d822404.html,
21/07/2026,nongnghiepmoitruong.vn,Miền Bắc,Lào Cai,66000,0.0,https://nongnghiepmoitruong.vn/gia-heo-hoi-hom-nay-21-7-2026-giam-nhe-o-mot-vai-dia-phuong-d822404.html,
21/07/2026,nongnghiepmoitruong.vn,Miền Bắc,Lạng Sơn,66000,0.0,https://nongnghiepmoitruong.vn/gia-heo-hoi-hom-nay-21-7-2026-giam-nhe-o-mot-vai-dia-phuong-d822404.html,
21/07/2026,nongnghiepmoitruong.vn,Miền Bắc,Ninh Bình,66000,0.0,https://nongnghiepmoitruong.vn/gia-heo-hoi-hom-nay-21-7-2026-giam-nhe-o-mot-vai-dia-phuong-d822404.html,
21/07/2026,nongnghiepmoitruong.vn,Miền Bắc,Phú Thọ,66000,0.0,https://nongnghiepmoitruong.vn/gia-heo-hoi-hom-nay-21-7-2026-giam-nhe-o-mot-vai-dia-phuong-d822404.html,
21/07/2026,nongnghiepmoitruong.vn,Miền Bắc,Quảng Ninh,66000,0.0,https://nongnghiepmoitruong.vn/gia-heo-hoi-hom-nay-21-7-2026-giam-nhe-o-mot-vai-dia-phuong-d822404.html,
21/07/2026,nongnghiepmoitruong.vn,Miền Bắc,Sơn La,66000,0.0,https://nongnghiepmoitruong.vn/gia-heo-hoi-hom-nay-21-7-2026-giam-nhe-o-mot-vai-dia-phuong-d822404.html,
21/07/2026,nongnghiepmoitruong.vn,Miền Bắc,Thái Nguyên,67000,0.0,https://nongnghiepmoitruong.vn/gia-heo-hoi-hom-nay-21-7-2026-giam-nhe-o-mot-vai-dia-phuong-d822404.html,
21/07/2026,nongnghiepmoitruong.vn,Miền Bắc,Tuyên Quang,66000,0.0,https://nongnghiepmoitruong.vn/gia-heo-hoi-hom-nay-21-7-2026-giam-nhe-o-mot-vai-dia-phuong-d822404.html,
21/07/2026,nongnghiepmoitruong.vn,Miền Bắc,Điện Biên,66000,0.0,https://nongnghiepmoitruong.vn/gia-heo-hoi-hom-nay-21-7-2026-giam-nhe-o-mot-vai-dia-phuong-d822404.html,
21/07/2026,nongnghiepmoitruong.vn,Miền Nam,An Giang,62000,0.0,https://nongnghiepmoitruong.vn/gia-heo-hoi-hom-nay-21-7-2026-giam-nhe-o-mot-vai-dia-phuong-d822404.html,
21/07/2026,nongnghiepmoitruong.vn,Miền Nam,Cà Mau,62000,0.0,https://nongnghiepmoitruong.vn/gia-heo-hoi-hom-nay-21-7-2026-giam-nhe-o-mot-vai-dia-phuong-d822404.html,
21/07/2026,nongnghiepmoitruong.vn,Miền Nam,Cần Thơ,63000,0.0,https://nongnghiepmoitruong.vn/gia-heo-hoi-hom-nay-21-7-2026-giam-nhe-o-mot-vai-dia-phuong-d822404.html,
21/07/2026,nongnghiepmoitruong.vn,Miền Nam,TP.HCM,63000,0.0,https://nongnghiepmoitruong.vn/gia-heo-hoi-hom-nay-21-7-2026-giam-nhe-o-mot-vai-dia-phuong-d822404.html,
21/07/2026,nongnghiepmoitruong.vn,Miền Nam,Tây Ninh,63000,0.0,https://nongnghiepmoitruong.vn/gia-heo-hoi-hom-nay-21-7-2026-giam-nhe-o-mot-vai-dia-phuong-d822404.html,
21/07/2026,nongnghiepmoitruong.vn,Miền Nam,Vĩnh Long,63000,0.0,https://nongnghiepmoitruong.vn/gia-heo-hoi-hom-nay-21-7-2026-giam-nhe-o-mot-vai-dia-phuong-d822404.html,
21/07/2026,nongnghiepmoitruong.vn,Miền Nam,Đồng Nai,63000,-1000.0,https://nongnghiepmoitruong.vn/gia-heo-hoi-hom-nay-21-7-2026-giam-nhe-o-mot-vai-dia-phuong-d822404.html,
21/07/2026,nongnghiepmoitruong.vn,Miền Nam,Đồng Tháp,62000,0.0,https://nongnghiepmoitruong.vn/gia-heo-hoi-hom-nay-21-7-2026-giam-nhe-o-mot-vai-dia-phuong-d822404.html,
21/07/2026,nongnghiepmoitruong.vn,Miền Trung - Tây Nguyên,Gia Lai,63000,0.0,https://nongnghiepmoitruong.vn/gia-heo-hoi-hom-nay-21-7-2026-giam-nhe-o-mot-vai-dia-phuong-d822404.html,
21/07/2026,nongnghiepmoitruong.vn,Miền Trung - Tây Nguyên,Huế,64000,0.0,https://nongnghiepmoitruong.vn/gia-heo-hoi-hom-nay-21-7-2026-giam-nhe-o-mot-vai-dia-phuong-d822404.html,
21/07/2026,nongnghiepmoitruong.vn,Miền Trung - Tây Nguyên,Hà Tĩnh,64000,0.0,https://nongnghiepmoitruong.vn/gia-heo-hoi-hom-nay-21-7-2026-giam-nhe-o-mot-vai-dia-phuong-d822404.html,
21/07/2026,nongnghiepmoitruong.vn,Miền Trung - Tây Nguyên,Khánh Hòa,62000,0.0,https://nongnghiepmoitruong.vn/gia-heo-hoi-hom-nay-21-7-2026-giam-nhe-o-mot-vai-dia-phuong-d822404.html,
21/07/2026,nongnghiepmoitruong.vn,Miền Trung - Tây Nguyên,Lâm Đồng,63000,-1000.0,https://nongnghiepmoitruong.vn/gia-heo-hoi-hom-nay-21-7-2026-giam-nhe-o-mot-vai-dia-phuong-d822404.html,
21/07/2026,nongnghiepmoitruong.vn,Miền Trung - Tây Nguyên,Nghệ An,65000,0.0,https://nongnghiepmoitruong.vn/gia-heo-hoi-hom-nay-21-7-2026-giam-nhe-o-mot-vai-dia-phuong-d822404.html,
21/07/2026,nongnghiepmoitruong.vn,Miền Trung - Tây Nguyên,Quảng Ngãi,63000,0.0,https://nongnghiepmoitruong.vn/gia-heo-hoi-hom-nay-21-7-2026-giam-nhe-o-mot-vai-dia-phuong-d822404.html,
21/07/2026,nongnghiepmoitruong.vn,Miền Trung - Tây Nguyên,Quảng Trị,64000,0.0,https://nongnghiepmoitruong.vn/gia-heo-hoi-hom-nay-21-7-2026-giam-nhe-o-mot-vai-dia-phuong-d822404.html,
21/07/2026,nongnghiepmoitruong.vn,Miền Trung - Tây Nguyên,Thanh Hóa,65000,0.0,https://nongnghiepmoitruong.vn/gia-heo-hoi-hom-nay-21-7-2026-giam-nhe-o-mot-vai-dia-phuong-d822404.html,
21/07/2026,nongnghiepmoitruong.vn,Miền Trung - Tây Nguyên,Đà Nẵng,63000,0.0,https://nongnghiepmoitruong.vn/gia-heo-hoi-hom-nay-21-7-2026-giam-nhe-o-mot-vai-dia-phuong-d822404.html,
21/07/2026,nongnghiepmoitruong.vn,Miền Trung - Tây Nguyên,Đắk Lắk,63000,0.0,https://nongnghiepmoitruong.vn/gia-heo-hoi-hom-nay-21-7-2026-giam-nhe-o-mot-vai-dia-phuong-d822404.html,
21/07/2026,vietnambiz.vn,Miền Bắc,Bắc Ninh,66000,-1000.0,https://vietnambiz.vn/gia-heo-hoi-hom-nay-217-thi-truong-bat-ngo-quay-dau-20267217054737.htm,
21/07/2026,vietnambiz.vn,Miền Bắc,Cao Bằng,66000,0.0,https://vietnambiz.vn/gia-heo-hoi-hom-nay-217-thi-truong-bat-ngo-quay-dau-20267217054737.htm,
21/07/2026,vietnambiz.vn,Miền Bắc,Hà Nội,67000,0.0,https://vietnambiz.vn/gia-heo-hoi-hom-nay-217-thi-truong-bat-ngo-quay-dau-20267217054737.htm,
21/07/2026,vietnambiz.vn,Miền Bắc,Hưng Yên,67000,0.0,https://vietnambiz.vn/gia-heo-hoi-hom-nay-217-thi-truong-bat-ngo-quay-dau-20267217054737.htm,
21/07/2026,vietnambiz.vn,Miền Bắc,Hải Phòng,66000,0.0,https://vietnambiz.vn/gia-heo-hoi-hom-nay-217-thi-truong-bat-ngo-quay-dau-20267217054737.htm,
21/07/2026,vietnambiz.vn,Miền Bắc,Lai Châu,66000,0.0,https://vietnambiz.vn/gia-heo-hoi-hom-nay-217-thi-truong-bat-ngo-quay-dau-20267217054737.htm,
21/07/2026,vietnambiz.vn,Miền Bắc,Lào Cai,66000,0.0,https://vietnambiz.vn/gia-heo-hoi-hom-nay-217-thi-truong-bat-ngo-quay-dau-20267217054737.htm,
21/07/2026,vietnambiz.vn,Miền Bắc,Lạng Sơn,66000,0.0,https://vietnambiz.vn/gia-heo-hoi-hom-nay-217-thi-truong-bat-ngo-quay-dau-20267217054737.htm,
21/07/2026,vietnambiz.vn,Miền Bắc,Ninh Bình,66000,0.0,https://vietnambiz.vn/gia-heo-hoi-hom-nay-217-thi-truong-bat-ngo-quay-dau-20267217054737.htm,
21/07/2026,vietnambiz.vn,Miền Bắc,Phú Thọ,66000,0.0,https://vietnambiz.vn/gia-heo-hoi-hom-nay-217-thi-truong-bat-ngo-quay-dau-20267217054737.htm,
21/07/2026,vietnambiz.vn,Miền Bắc,Quảng Ninh,66000,0.0,https://vietnambiz.vn/gia-heo-hoi-hom-nay-217-thi-truong-bat-ngo-quay-dau-20267217054737.htm,
21/07/2026,vietnambiz.vn,Miền Bắc,Sơn La,66000,0.0,https://vietnambiz.vn/gia-heo-hoi-hom-nay-217-thi-truong-bat-ngo-quay-dau-20267217054737.htm,
21/07/2026,vietnambiz.vn,Miền Bắc,Thái Nguyên,67000,0.0,https://vietnambiz.vn/gia-heo-hoi-hom-nay-217-thi-truong-bat-ngo-quay-dau-20267217054737.htm,
21/07/2026,vietnambiz.vn,Miền Bắc,Tuyên Quang,66000,0.0,https://vietnambiz.vn/gia-heo-hoi-hom-nay-217-thi-truong-bat-ngo-quay-dau-20267217054737.htm,
21/07/2026,vietnambiz.vn,Miền Bắc,Điện Biên,66000,0.0,https://vietnambiz.vn/gia-heo-hoi-hom-nay-217-thi-truong-bat-ngo-quay-dau-20267217054737.htm,
21/07/2026,vietnambiz.vn,Miền Nam,An Giang,62000,0.0,https://vietnambiz.vn/gia-heo-hoi-hom-nay-217-thi-truong-bat-ngo-quay-dau-20267217054737.htm,
21/07/2026,vietnambiz.vn,Miền Nam,Cà Mau,62000,0.0,https://vietnambiz.vn/gia-heo-hoi-hom-nay-217-thi-truong-bat-ngo-quay-dau-20267217054737.htm,
21/07/2026,vietnambiz.vn,Miền Nam,Cần Thơ,63000,0.0,https://vietnambiz.vn/gia-heo-hoi-hom-nay-217-thi-truong-bat-ngo-quay-dau-20267217054737.htm,
21/07/2026,vietnambiz.vn,Miền Nam,TP HCM,63000,0.0,https://vietnambiz.vn/gia-heo-hoi-hom-nay-217-thi-truong-bat-ngo-quay-dau-20267217054737.htm,
21/07/2026,vietnambiz.vn,Miền Nam,Tây Ninh,63000,0.0,https://vietnambiz.vn/gia-heo-hoi-hom-nay-217-thi-truong-bat-ngo-quay-dau-20267217054737.htm,
21/07/2026,vietnambiz.vn,Miền Nam,Vĩnh Long,63000,0.0,https://vietnambiz.vn/gia-heo-hoi-hom-nay-217-thi-truong-bat-ngo-quay-dau-20267217054737.htm,
21/07/2026,vietnambiz.vn,Miền Nam,Đồng Nai,63000,-1000.0,https://vietnambiz.vn/gia-heo-hoi-hom-nay-217-thi-truong-bat-ngo-quay-dau-20267217054737.htm,
21/07/2026,vietnambiz.vn,Miền Nam,Đồng Tháp,62000,0.0,https://vietnambiz.vn/gia-heo-hoi-hom-nay-217-thi-truong-bat-ngo-quay-dau-20267217054737.htm,
21/07/2026,vietnambiz.vn,Miền Trung - Tây Nguyên,Gia Lai,63000,0.0,https://vietnambiz.vn/gia-heo-hoi-hom-nay-217-thi-truong-bat-ngo-quay-dau-20267217054737.htm,
21/07/2026,vietnambiz.vn,Miền Trung - Tây Nguyên,Huế,64000,0.0,https://vietnambiz.vn/gia-heo-hoi-hom-nay-217-thi-truong-bat-ngo-quay-dau-20267217054737.htm,
21/07/2026,vietnambiz.vn,Miền Trung - Tây Nguyên,Hà Tĩnh,64000,0.0,https://vietnambiz.vn/gia-heo-hoi-hom-nay-217-thi-truong-bat-ngo-quay-dau-20267217054737.htm,
21/07/2026,vietnambiz.vn,Miền Trung - Tây Nguyên,Khánh Hoà,62000,0.0,https://vietnambiz.vn/gia-heo-hoi-hom-nay-217-thi-truong-bat-ngo-quay-dau-20267217054737.htm,
21/07/2026,vietnambiz.vn,Miền Trung - Tây Nguyên,Lâm Đồng,63000,-1000.0,https://vietnambiz.vn/gia-heo-hoi-hom-nay-217-thi-truong-bat-ngo-quay-dau-20267217054737.htm,
21/07/2026,vietnambiz.vn,Miền Trung - Tây Nguyên,Nghệ An,65000,0.0,https://vietnambiz.vn/gia-heo-hoi-hom-nay-217-thi-truong-bat-ngo-quay-dau-20267217054737.htm,
21/07/2026,vietnambiz.vn,Miền Trung - Tây Nguyên,Quảng Ngãi,63000,0.0,https://vietnambiz.vn/gia-heo-hoi-hom-nay-217-thi-truong-bat-ngo-quay-dau-20267217054737.htm,
21/07/2026,vietnambiz.vn,Miền Trung - Tây Nguyên,Quảng Trị,64000,0.0,https://vietnambiz.vn/gia-heo-hoi-hom-nay-217-thi-truong-bat-ngo-quay-dau-20267217054737.htm,
21/07/2026,vietnambiz.vn,Miền Trung - Tây Nguyên,Thanh Hoá,65000,0.0,https://vietnambiz.vn/gia-heo-hoi-hom-nay-217-thi-truong-bat-ngo-quay-dau-20267217054737.htm,
21/07/2026,vietnambiz.vn,Miền Trung - Tây Nguyên,Đà Nẵng,63000,0.0,https://vietnambiz.vn/gia-heo-hoi-hom-nay-217-thi-truong-bat-ngo-quay-dau-20267217054737.htm,
21/07/2026,vietnambiz.vn,Miền Trung - Tây Nguyên,Đắk Lắk,63000,0.0,https://vietnambiz.vn/gia-heo-hoi-hom-nay-217-thi-truong-bat-ngo-quay-dau-20267217054737.htm,
21/07/2026,vinanet.vn,Miền Bắc,Bắc Ninh,67000,,https://vinanet.vn/nong-san/gia-heo-hoi-hom-nay-217-ha-noi-hung-yen-giu-dinh-67000-dongkg-811165.html,
21/07/2026,vinanet.vn,Miền Bắc,Cao Bằng,66000,,https://vinanet.vn/nong-san/gia-heo-hoi-hom-nay-217-ha-noi-hung-yen-giu-dinh-67000-dongkg-811165.html,
21/07/2026,vinanet.vn,Miền Bắc,Hà Nội,67000,,https://vinanet.vn/nong-san/gia-heo-hoi-hom-nay-217-ha-noi-hung-yen-giu-dinh-67000-dongkg-811165.html,
21/07/2026,vinanet.vn,Miền Bắc,Hưng Yên,67000,,https://vinanet.vn/nong-san/gia-heo-hoi-hom-nay-217-ha-noi-hung-yen-giu-dinh-67000-dongkg-811165.html,
21/07/2026,vinanet.vn,Miền Bắc,Hải Phòng,66000,,https://vinanet.vn/nong-san/gia-heo-hoi-hom-nay-217-ha-noi-hung-yen-giu-dinh-67000-dongkg-811165.html,
21/07/2026,vinanet.vn,Miền Bắc,Lai Châu,66000,,https://vinanet.vn/nong-san/gia-heo-hoi-hom-nay-217-ha-noi-hung-yen-giu-dinh-67000-dongkg-811165.html,
21/07/2026,vinanet.vn,Miền Bắc,Lào Cai,66000,,https://vinanet.vn/nong-san/gia-heo-hoi-hom-nay-217-ha-noi-hung-yen-giu-dinh-67000-dongkg-811165.html,
21/07/2026,vinanet.vn,Miền Bắc,Lạng Sơn,66000,,https://vinanet.vn/nong-san/gia-heo-hoi-hom-nay-217-ha-noi-hung-yen-giu-dinh-67000-dongkg-811165.html,
21/07/2026,vinanet.vn,Miền Bắc,Ninh Bình,66000,,https://vinanet.vn/nong-san/gia-heo-hoi-hom-nay-217-ha-noi-hung-yen-giu-dinh-67000-dongkg-811165.html,
21/07/2026,vinanet.vn,Miền Bắc,Phú Thọ,66000,,https://vinanet.vn/nong-san/gia-heo-hoi-hom-nay-217-ha-noi-hung-yen-giu-dinh-67000-dongkg-811165.html,
21/07/2026,vinanet.vn,Miền Bắc,Quảng Ninh,66000,,https://vinanet.vn/nong-san/gia-heo-hoi-hom-nay-217-ha-noi-hung-yen-giu-dinh-67000-dongkg-811165.html,
21/07/2026,vinanet.vn,Miền Bắc,Sơn La,66000,,https://vinanet.vn/nong-san/gia-heo-hoi-hom-nay-217-ha-noi-hung-yen-giu-dinh-67000-dongkg-811165.html,
21/07/2026,vinanet.vn,Miền Bắc,Thái Nguyên,67000,,https://vinanet.vn/nong-san/gia-heo-hoi-hom-nay-217-ha-noi-hung-yen-giu-dinh-67000-dongkg-811165.html,
21/07/2026,vinanet.vn,Miền Bắc,Tuyên Quang,66000,,https://vinanet.vn/nong-san/gia-heo-hoi-hom-nay-217-ha-noi-hung-yen-giu-dinh-67000-dongkg-811165.html,
21/07/2026,vinanet.vn,Miền Bắc,Điện Biên,66000,,https://vinanet.vn/nong-san/gia-heo-hoi-hom-nay-217-ha-noi-hung-yen-giu-dinh-67000-dongkg-811165.html,
21/07/2026,vinanet.vn,Miền Nam,An Giang,62000,,https://vinanet.vn/nong-san/gia-heo-hoi-hom-nay-217-ha-noi-hung-yen-giu-dinh-67000-dongkg-811165.html,
21/07/2026,vinanet.vn,Miền Nam,Cà Mau,62000,,https://vinanet.vn/nong-san/gia-heo-hoi-hom-nay-217-ha-noi-hung-yen-giu-dinh-67000-dongkg-811165.html,
21/07/2026,vinanet.vn,Miền Nam,Cần Thơ,63000,,https://vinanet.vn/nong-san/gia-heo-hoi-hom-nay-217-ha-noi-hung-yen-giu-dinh-67000-dongkg-811165.html,
21/07/2026,vinanet.vn,Miền Nam,TP.HCM,63000,,https://vinanet.vn/nong-san/gia-heo-hoi-hom-nay-217-ha-noi-hung-yen-giu-dinh-67000-dongkg-811165.html,
21/07/2026,vinanet.vn,Miền Nam,Tây Ninh,63000,,https://vinanet.vn/nong-san/gia-heo-hoi-hom-nay-217-ha-noi-hung-yen-giu-dinh-67000-dongkg-811165.html,
21/07/2026,vinanet.vn,Miền Nam,Vĩnh Long,63000,,https://vinanet.vn/nong-san/gia-heo-hoi-hom-nay-217-ha-noi-hung-yen-giu-dinh-67000-dongkg-811165.html,
21/07/2026,vinanet.vn,Miền Nam,Đồng Nai,64000,,https://vinanet.vn/nong-san/gia-heo-hoi-hom-nay-217-ha-noi-hung-yen-giu-dinh-67000-dongkg-811165.html,
21/07/2026,vinanet.vn,Miền Nam,Đồng Tháp,62000,,https://vinanet.vn/nong-san/gia-heo-hoi-hom-nay-217-ha-noi-hung-yen-giu-dinh-67000-dongkg-811165.html,
21/07/2026,vinanet.vn,Miền Trung - Tây Nguyên,Gia Lai,63000,,https://vinanet.vn/nong-san/gia-heo-hoi-hom-nay-217-ha-noi-hung-yen-giu-dinh-67000-dongkg-811165.html,
21/07/2026,vinanet.vn,Miền Trung - Tây Nguyên,Huế,64000,,https://vinanet.vn/nong-san/gia-heo-hoi-hom-nay-217-ha-noi-hung-yen-giu-dinh-67000-dongkg-811165.html,
21/07/2026,vinanet.vn,Miền Trung - Tây Nguyên,Hà Tĩnh,64000,,https://vinanet.vn/nong-san/gia-heo-hoi-hom-nay-217-ha-noi-hung-yen-giu-dinh-67000-dongkg-811165.html,
21/07/2026,vinanet.vn,Miền Trung - Tây Nguyên,Khánh Hòa,62000,,https://vinanet.vn/nong-san/gia-heo-hoi-hom-nay-217-ha-noi-hung-yen-giu-dinh-67000-dongkg-811165.html,
21/07/2026,vinanet.vn,Miền Trung - Tây Nguyên,Lâm Đồng,64000,,https://vinanet.vn/nong-san/gia-heo-hoi-hom-nay-217-ha-noi-hung-yen-giu-dinh-67000-dongkg-811165.html,
21/07/2026,vinanet.vn,Miền Trung - Tây Nguyên,Nghệ An,65000,,https://vinanet.vn/nong-san/gia-heo-hoi-hom-nay-217-ha-noi-hung-yen-giu-dinh-67000-dongkg-811165.html,
21/07/2026,vinanet.vn,Miền Trung - Tây Nguyên,Quảng Ngãi,63000,,https://vinanet.vn/nong-san/gia-heo-hoi-hom-nay-217-ha-noi-hung-yen-giu-dinh-67000-dongkg-811165.html,
21/07/2026,vinanet.vn,Miền Trung - Tây Nguyên,Quảng Trị,64000,,https://vinanet.vn/nong-san/gia-heo-hoi-hom-nay-217-ha-noi-hung-yen-giu-dinh-67000-dongkg-811165.html,
21/07/2026,vinanet.vn,Miền Trung - Tây Nguyên,Thanh Hóa,65000,,https://vinanet.vn/nong-san/gia-heo-hoi-hom-nay-217-ha-noi-hung-yen-giu-dinh-67000-dongkg-811165.html,
21/07/2026,vinanet.vn,Miền Trung - Tây Nguyên,Đà Nẵng,63000,,https://vinanet.vn/nong-san/gia-heo-hoi-hom-nay-217-ha-noi-hung-yen-giu-dinh-67000-dongkg-811165.html,
21/07/2026,vinanet.vn,Miền Trung - Tây Nguyên,Đắk Lắk,63000,,https://vinanet.vn/nong-san/gia-heo-hoi-hom-nay-217-ha-noi-hung-yen-giu-dinh-67000-dongkg-811165.html,
22/07/2026,nongnghiepmoitruong.vn,Miền Bắc,Bắc Ninh,66000,0.0,https://nongnghiepmoitruong.vn/gia-heo-hoi-hom-nay-22-7-2026-mien-bac-giam-nhe-d822576.html,
22/07/2026,nongnghiepmoitruong.vn,Miền Bắc,Cao Bằng,66000,0.0,https://nongnghiepmoitruong.vn/gia-heo-hoi-hom-nay-22-7-2026-mien-bac-giam-nhe-d822576.html,
22/07/2026,nongnghiepmoitruong.vn,Miền Bắc,Hà Nội,67000,0.0,https://nongnghiepmoitruong.vn/gia-heo-hoi-hom-nay-22-7-2026-mien-bac-giam-nhe-d822576.html,
22/07/2026,nongnghiepmoitruong.vn,Miền Bắc,Hưng Yên,67000,0.0,https://nongnghiepmoitruong.vn/gia-heo-hoi-hom-nay-22-7-2026-mien-bac-giam-nhe-d822576.html,
22/07/2026,nongnghiepmoitruong.vn,Miền Bắc,Hải Phòng,66000,0.0,https://nongnghiepmoitruong.vn/gia-heo-hoi-hom-nay-22-7-2026-mien-bac-giam-nhe-d822576.html,
22/07/2026,nongnghiepmoitruong.vn,Miền Bắc,Lai Châu,65000,-1000.0,https://nongnghiepmoitruong.vn/gia-heo-hoi-hom-nay-22-7-2026-mien-bac-giam-nhe-d822576.html,
22/07/2026,nongnghiepmoitruong.vn,Miền Bắc,Lào Cai,66000,0.0,https://nongnghiepmoitruong.vn/gia-heo-hoi-hom-nay-22-7-2026-mien-bac-giam-nhe-d822576.html,
22/07/2026,nongnghiepmoitruong.vn,Miền Bắc,Lạng Sơn,66000,0.0,https://nongnghiepmoitruong.vn/gia-heo-hoi-hom-nay-22-7-2026-mien-bac-giam-nhe-d822576.html,
22/07/2026,nongnghiepmoitruong.vn,Miền Bắc,Ninh Bình,66000,0.0,https://nongnghiepmoitruong.vn/gia-heo-hoi-hom-nay-22-7-2026-mien-bac-giam-nhe-d822576.html,
22/07/2026,nongnghiepmoitruong.vn,Miền Bắc,Phú Thọ,66000,0.0,https://nongnghiepmoitruong.vn/gia-heo-hoi-hom-nay-22-7-2026-mien-bac-giam-nhe-d822576.html,
22/07/2026,nongnghiepmoitruong.vn,Miền Bắc,Quảng Ninh,66000,0.0,https://nongnghiepmoitruong.vn/gia-heo-hoi-hom-nay-22-7-2026-mien-bac-giam-nhe-d822576.html,
22/07/2026,nongnghiepmoitruong.vn,Miền Bắc,Sơn La,65000,-1000.0,https://nongnghiepmoitruong.vn/gia-heo-hoi-hom-nay-22-7-2026-mien-bac-giam-nhe-d822576.html,
22/07/2026,nongnghiepmoitruong.vn,Miền Bắc,Thái Nguyên,66000,-1000.0,https://nongnghiepmoitruong.vn/gia-heo-hoi-hom-nay-22-7-2026-mien-bac-giam-nhe-d822576.html,
22/07/2026,nongnghiepmoitruong.vn,Miền Bắc,Tuyên Quang,66000,0.0,https://nongnghiepmoitruong.vn/gia-heo-hoi-hom-nay-22-7-2026-mien-bac-giam-nhe-d822576.html,
22/07/2026,nongnghiepmoitruong.vn,Miền Bắc,Điện Biên,66000,0.0,https://nongnghiepmoitruong.vn/gia-heo-hoi-hom-nay-22-7-2026-mien-bac-giam-nhe-d822576.html,
22/07/2026,nongnghiepmoitruong.vn,Miền Nam,An Giang,62000,0.0,https://nongnghiepmoitruong.vn/gia-heo-hoi-hom-nay-22-7-2026-mien-bac-giam-nhe-d822576.html,
22/07/2026,nongnghiepmoitruong.vn,Miền Nam,Cà Mau,62000,0.0,https://nongnghiepmoitruong.vn/gia-heo-hoi-hom-nay-22-7-2026-mien-bac-giam-nhe-d822576.html,
22/07/2026,nongnghiepmoitruong.vn,Miền Nam,Cần Thơ,63000,0.0,https://nongnghiepmoitruong.vn/gia-heo-hoi-hom-nay-22-7-2026-mien-bac-giam-nhe-d822576.html,
22/07/2026,nongnghiepmoitruong.vn,Miền Nam,TP.HCM,63000,0.0,https://nongnghiepmoitruong.vn/gia-heo-hoi-hom-nay-22-7-2026-mien-bac-giam-nhe-d822576.html,
22/07/2026,nongnghiepmoitruong.vn,Miền Nam,Tây Ninh,63000,0.0,https://nongnghiepmoitruong.vn/gia-heo-hoi-hom-nay-22-7-2026-mien-bac-giam-nhe-d822576.html,
22/07/2026,nongnghiepmoitruong.vn,Miền Nam,Vĩnh Long,63000,0.0,https://nongnghiepmoitruong.vn/gia-heo-hoi-hom-nay-22-7-2026-mien-bac-giam-nhe-d822576.html,
22/07/2026,nongnghiepmoitruong.vn,Miền Nam,Đồng Nai,63000,0.0,https://nongnghiepmoitruong.vn/gia-heo-hoi-hom-nay-22-7-2026-mien-bac-giam-nhe-d822576.html,
22/07/2026,nongnghiepmoitruong.vn,Miền Nam,Đồng Tháp,62000,0.0,https://nongnghiepmoitruong.vn/gia-heo-hoi-hom-nay-22-7-2026-mien-bac-giam-nhe-d822576.html,
22/07/2026,nongnghiepmoitruong.vn,Miền Trung - Tây Nguyên,Gia Lai,63000,0.0,https://nongnghiepmoitruong.vn/gia-heo-hoi-hom-nay-22-7-2026-mien-bac-giam-nhe-d822576.html,
22/07/2026,nongnghiepmoitruong.vn,Miền Trung - Tây Nguyên,Huế,64000,0.0,https://nongnghiepmoitruong.vn/gia-heo-hoi-hom-nay-22-7-2026-mien-bac-giam-nhe-d822576.html,
22/07/2026,nongnghiepmoitruong.vn,Miền Trung - Tây Nguyên,Hà Tĩnh,64000,0.0,https://nongnghiepmoitruong.vn/gia-heo-hoi-hom-nay-22-7-2026-mien-bac-giam-nhe-d822576.html,
22/07/2026,nongnghiepmoitruong.vn,Miền Trung - Tây Nguyên,Khánh Hòa,62000,0.0,https://nongnghiepmoitruong.vn/gia-heo-hoi-hom-nay-22-7-2026-mien-bac-giam-nhe-d822576.html,
22/07/2026,nongnghiepmoitruong.vn,Miền Trung - Tây Nguyên,Lâm Đồng,63000,0.0,https://nongnghiepmoitruong.vn/gia-heo-hoi-hom-nay-22-7-2026-mien-bac-giam-nhe-d822576.html,
22/07/2026,nongnghiepmoitruong.vn,Miền Trung - Tây Nguyên,Nghệ An,65000,0.0,https://nongnghiepmoitruong.vn/gia-heo-hoi-hom-nay-22-7-2026-mien-bac-giam-nhe-d822576.html,
22/07/2026,nongnghiepmoitruong.vn,Miền Trung - Tây Nguyên,Quảng Ngãi,63000,0.0,https://nongnghiepmoitruong.vn/gia-heo-hoi-hom-nay-22-7-2026-mien-bac-giam-nhe-d822576.html,
22/07/2026,nongnghiepmoitruong.vn,Miền Trung - Tây Nguyên,Quảng Trị,64000,0.0,https://nongnghiepmoitruong.vn/gia-heo-hoi-hom-nay-22-7-2026-mien-bac-giam-nhe-d822576.html,
22/07/2026,nongnghiepmoitruong.vn,Miền Trung - Tây Nguyên,Thanh Hóa,65000,0.0,https://nongnghiepmoitruong.vn/gia-heo-hoi-hom-nay-22-7-2026-mien-bac-giam-nhe-d822576.html,
22/07/2026,nongnghiepmoitruong.vn,Miền Trung - Tây Nguyên,Đà Nẵng,63000,0.0,https://nongnghiepmoitruong.vn/gia-heo-hoi-hom-nay-22-7-2026-mien-bac-giam-nhe-d822576.html,
22/07/2026,nongnghiepmoitruong.vn,Miền Trung - Tây Nguyên,Đắk Lắk,63000,0.0,https://nongnghiepmoitruong.vn/gia-heo-hoi-hom-nay-22-7-2026-mien-bac-giam-nhe-d822576.html,
22/07/2026,vietnambiz.vn,Miền Bắc,Bắc Ninh,66000,0.0,https://vietnambiz.vn/gia-heo-hoi-hom-nay-227-tiep-da-giam-tai-mien-bac-202672264651882.htm,
22/07/2026,vietnambiz.vn,Miền Bắc,Cao Bằng,66000,0.0,https://vietnambiz.vn/gia-heo-hoi-hom-nay-227-tiep-da-giam-tai-mien-bac-202672264651882.htm,
22/07/2026,vietnambiz.vn,Miền Bắc,Hà Nội,67000,0.0,https://vietnambiz.vn/gia-heo-hoi-hom-nay-227-tiep-da-giam-tai-mien-bac-202672264651882.htm,
22/07/2026,vietnambiz.vn,Miền Bắc,Hưng Yên,67000,0.0,https://vietnambiz.vn/gia-heo-hoi-hom-nay-227-tiep-da-giam-tai-mien-bac-202672264651882.htm,
22/07/2026,vietnambiz.vn,Miền Bắc,Hải Phòng,66000,0.0,https://vietnambiz.vn/gia-heo-hoi-hom-nay-227-tiep-da-giam-tai-mien-bac-202672264651882.htm,
22/07/2026,vietnambiz.vn,Miền Bắc,Lai Châu,65000,-1000.0,https://vietnambiz.vn/gia-heo-hoi-hom-nay-227-tiep-da-giam-tai-mien-bac-202672264651882.htm,
22/07/2026,vietnambiz.vn,Miền Bắc,Lào Cai,66000,0.0,https://vietnambiz.vn/gia-heo-hoi-hom-nay-227-tiep-da-giam-tai-mien-bac-202672264651882.htm,
22/07/2026,vietnambiz.vn,Miền Bắc,Lạng Sơn,66000,0.0,https://vietnambiz.vn/gia-heo-hoi-hom-nay-227-tiep-da-giam-tai-mien-bac-202672264651882.htm,
22/07/2026,vietnambiz.vn,Miền Bắc,Ninh Bình,66000,0.0,https://vietnambiz.vn/gia-heo-hoi-hom-nay-227-tiep-da-giam-tai-mien-bac-202672264651882.htm,
22/07/2026,vietnambiz.vn,Miền Bắc,Phú Thọ,66000,0.0,https://vietnambiz.vn/gia-heo-hoi-hom-nay-227-tiep-da-giam-tai-mien-bac-202672264651882.htm,
22/07/2026,vietnambiz.vn,Miền Bắc,Quảng Ninh,66000,0.0,https://vietnambiz.vn/gia-heo-hoi-hom-nay-227-tiep-da-giam-tai-mien-bac-202672264651882.htm,
22/07/2026,vietnambiz.vn,Miền Bắc,Sơn La,65000,-1000.0,https://vietnambiz.vn/gia-heo-hoi-hom-nay-227-tiep-da-giam-tai-mien-bac-202672264651882.htm,
22/07/2026,vietnambiz.vn,Miền Bắc,Thái Nguyên,66000,-1000.0,https://vietnambiz.vn/gia-heo-hoi-hom-nay-227-tiep-da-giam-tai-mien-bac-202672264651882.htm,
22/07/2026,vietnambiz.vn,Miền Bắc,Tuyên Quang,66000,0.0,https://vietnambiz.vn/gia-heo-hoi-hom-nay-227-tiep-da-giam-tai-mien-bac-202672264651882.htm,
22/07/2026,vietnambiz.vn,Miền Bắc,Điện Biên,66000,0.0,https://vietnambiz.vn/gia-heo-hoi-hom-nay-227-tiep-da-giam-tai-mien-bac-202672264651882.htm,
22/07/2026,vietnambiz.vn,Miền Nam,An Giang,62000,0.0,https://vietnambiz.vn/gia-heo-hoi-hom-nay-227-tiep-da-giam-tai-mien-bac-202672264651882.htm,
22/07/2026,vietnambiz.vn,Miền Nam,Cà Mau,62000,0.0,https://vietnambiz.vn/gia-heo-hoi-hom-nay-227-tiep-da-giam-tai-mien-bac-202672264651882.htm,
22/07/2026,vietnambiz.vn,Miền Nam,Cần Thơ,63000,0.0,https://vietnambiz.vn/gia-heo-hoi-hom-nay-227-tiep-da-giam-tai-mien-bac-202672264651882.htm,
22/07/2026,vietnambiz.vn,Miền Nam,TP HCM,63000,0.0,https://vietnambiz.vn/gia-heo-hoi-hom-nay-227-tiep-da-giam-tai-mien-bac-202672264651882.htm,
22/07/2026,vietnambiz.vn,Miền Nam,Tây Ninh,63000,0.0,https://vietnambiz.vn/gia-heo-hoi-hom-nay-227-tiep-da-giam-tai-mien-bac-202672264651882.htm,
22/07/2026,vietnambiz.vn,Miền Nam,Vĩnh Long,63000,0.0,https://vietnambiz.vn/gia-heo-hoi-hom-nay-227-tiep-da-giam-tai-mien-bac-202672264651882.htm,
22/07/2026,vietnambiz.vn,Miền Nam,Đồng Nai,63000,0.0,https://vietnambiz.vn/gia-heo-hoi-hom-nay-227-tiep-da-giam-tai-mien-bac-202672264651882.htm,
22/07/2026,vietnambiz.vn,Miền Nam,Đồng Tháp,62000,0.0,https://vietnambiz.vn/gia-heo-hoi-hom-nay-227-tiep-da-giam-tai-mien-bac-202672264651882.htm,
22/07/2026,vietnambiz.vn,Miền Trung - Tây Nguyên,Gia Lai,63000,0.0,https://vietnambiz.vn/gia-heo-hoi-hom-nay-227-tiep-da-giam-tai-mien-bac-202672264651882.htm,
22/07/2026,vietnambiz.vn,Miền Trung - Tây Nguyên,Huế,64000,0.0,https://vietnambiz.vn/gia-heo-hoi-hom-nay-227-tiep-da-giam-tai-mien-bac-202672264651882.htm,
22/07/2026,vietnambiz.vn,Miền Trung - Tây Nguyên,Hà Tĩnh,64000,0.0,https://vietnambiz.vn/gia-heo-hoi-hom-nay-227-tiep-da-giam-tai-mien-bac-202672264651882.htm,
22/07/2026,vietnambiz.vn,Miền Trung - Tây Nguyên,Khánh Hoà,62000,0.0,https://vietnambiz.vn/gia-heo-hoi-hom-nay-227-tiep-da-giam-tai-mien-bac-202672264651882.htm,
22/07/2026,vietnambiz.vn,Miền Trung - Tây Nguyên,Lâm Đồng,63000,0.0,https://vietnambiz.vn/gia-heo-hoi-hom-nay-227-tiep-da-giam-tai-mien-bac-202672264651882.htm,
22/07/2026,vietnambiz.vn,Miền Trung - Tây Nguyên,Nghệ An,65000,0.0,https://vietnambiz.vn/gia-heo-hoi-hom-nay-227-tiep-da-giam-tai-mien-bac-202672264651882.htm,
22/07/2026,vietnambiz.vn,Miền Trung - Tây Nguyên,Quảng Ngãi,63000,0.0,https://vietnambiz.vn/gia-heo-hoi-hom-nay-227-tiep-da-giam-tai-mien-bac-202672264651882.htm,
22/07/2026,vietnambiz.vn,Miền Trung - Tây Nguyên,Quảng Trị,64000,0.0,https://vietnambiz.vn/gia-heo-hoi-hom-nay-227-tiep-da-giam-tai-mien-bac-202672264651882.htm,
22/07/2026,vietnambiz.vn,Miền Trung - Tây Nguyên,Thanh Hoá,65000,0.0,https://vietnambiz.vn/gia-heo-hoi-hom-nay-227-tiep-da-giam-tai-mien-bac-202672264651882.htm,
22/07/2026,vietnambiz.vn,Miền Trung - Tây Nguyên,Đà Nẵng,63000,0.0,https://vietnambiz.vn/gia-heo-hoi-hom-nay-227-tiep-da-giam-tai-mien-bac-202672264651882.htm,
22/07/2026,vietnambiz.vn,Miền Trung - Tây Nguyên,Đắk Lắk,63000,0.0,https://vietnambiz.vn/gia-heo-hoi-hom-nay-227-tiep-da-giam-tai-mien-bac-202672264651882.htm,
22/07/2026,vinanet.vn,Miền Bắc,Bắc Ninh,66000,,https://vinanet.vn/nong-san/gia-heo-hoi-hom-nay-227-mien-bac-van-dan-dau-thi-truong-811207.html,
22/07/2026,vinanet.vn,Miền Bắc,Cao Bằng,66000,,https://vinanet.vn/nong-san/gia-heo-hoi-hom-nay-227-mien-bac-van-dan-dau-thi-truong-811207.html,
22/07/2026,vinanet.vn,Miền Bắc,Hà Nội,67000,,https://vinanet.vn/nong-san/gia-heo-hoi-hom-nay-227-mien-bac-van-dan-dau-thi-truong-811207.html,
22/07/2026,vinanet.vn,Miền Bắc,Hưng Yên,67000,,https://vinanet.vn/nong-san/gia-heo-hoi-hom-nay-227-mien-bac-van-dan-dau-thi-truong-811207.html,
22/07/2026,vinanet.vn,Miền Bắc,Hải Phòng,66000,,https://vinanet.vn/nong-san/gia-heo-hoi-hom-nay-227-mien-bac-van-dan-dau-thi-truong-811207.html,
22/07/2026,vinanet.vn,Miền Bắc,Lai Châu,66000,,https://vinanet.vn/nong-san/gia-heo-hoi-hom-nay-227-mien-bac-van-dan-dau-thi-truong-811207.html,
22/07/2026,vinanet.vn,Miền Bắc,Lào Cai,66000,,https://vinanet.vn/nong-san/gia-heo-hoi-hom-nay-227-mien-bac-van-dan-dau-thi-truong-811207.html,
22/07/2026,vinanet.vn,Miền Bắc,Lạng Sơn,66000,,https://vinanet.vn/nong-san/gia-heo-hoi-hom-nay-227-mien-bac-van-dan-dau-thi-truong-811207.html,
22/07/2026,vinanet.vn,Miền Bắc,Ninh Bình,66000,,https://vinanet.vn/nong-san/gia-heo-hoi-hom-nay-227-mien-bac-van-dan-dau-thi-truong-811207.html,
22/07/2026,vinanet.vn,Miền Bắc,Phú Thọ,66000,,https://vinanet.vn/nong-san/gia-heo-hoi-hom-nay-227-mien-bac-van-dan-dau-thi-truong-811207.html,
22/07/2026,vinanet.vn,Miền Bắc,Quảng Ninh,66000,,https://vinanet.vn/nong-san/gia-heo-hoi-hom-nay-227-mien-bac-van-dan-dau-thi-truong-811207.html,
22/07/2026,vinanet.vn,Miền Bắc,Sơn La,66000,,https://vinanet.vn/nong-san/gia-heo-hoi-hom-nay-227-mien-bac-van-dan-dau-thi-truong-811207.html,
22/07/2026,vinanet.vn,Miền Bắc,Thái Nguyên,67000,,https://vinanet.vn/nong-san/gia-heo-hoi-hom-nay-227-mien-bac-van-dan-dau-thi-truong-811207.html,
22/07/2026,vinanet.vn,Miền Bắc,Tuyên Quang,66000,,https://vinanet.vn/nong-san/gia-heo-hoi-hom-nay-227-mien-bac-van-dan-dau-thi-truong-811207.html,
22/07/2026,vinanet.vn,Miền Bắc,Điện Biên,66000,,https://vinanet.vn/nong-san/gia-heo-hoi-hom-nay-227-mien-bac-van-dan-dau-thi-truong-811207.html,
22/07/2026,vinanet.vn,Miền Nam,An Giang,62000,,https://vinanet.vn/nong-san/gia-heo-hoi-hom-nay-227-mien-bac-van-dan-dau-thi-truong-811207.html,
22/07/2026,vinanet.vn,Miền Nam,Cà Mau,62000,,https://vinanet.vn/nong-san/gia-heo-hoi-hom-nay-227-mien-bac-van-dan-dau-thi-truong-811207.html,
22/07/2026,vinanet.vn,Miền Nam,Cần Thơ,63000,,https://vinanet.vn/nong-san/gia-heo-hoi-hom-nay-227-mien-bac-van-dan-dau-thi-truong-811207.html,
22/07/2026,vinanet.vn,Miền Nam,TP HCM,63000,,https://vinanet.vn/nong-san/gia-heo-hoi-hom-nay-227-mien-bac-van-dan-dau-thi-truong-811207.html,
22/07/2026,vinanet.vn,Miền Nam,Tây Ninh,63000,,https://vinanet.vn/nong-san/gia-heo-hoi-hom-nay-227-mien-bac-van-dan-dau-thi-truong-811207.html,
22/07/2026,vinanet.vn,Miền Nam,Vĩnh Long,63000,,https://vinanet.vn/nong-san/gia-heo-hoi-hom-nay-227-mien-bac-van-dan-dau-thi-truong-811207.html,
22/07/2026,vinanet.vn,Miền Nam,Đồng Nai,63000,,https://vinanet.vn/nong-san/gia-heo-hoi-hom-nay-227-mien-bac-van-dan-dau-thi-truong-811207.html,
22/07/2026,vinanet.vn,Miền Nam,Đồng Tháp,62000,,https://vinanet.vn/nong-san/gia-heo-hoi-hom-nay-227-mien-bac-van-dan-dau-thi-truong-811207.html,
22/07/2026,vinanet.vn,Miền Trung - Tây Nguyên,Gia Lai,63000,,https://vinanet.vn/nong-san/gia-heo-hoi-hom-nay-227-mien-bac-van-dan-dau-thi-truong-811207.html,
22/07/2026,vinanet.vn,Miền Trung - Tây Nguyên,Huế,64000,,https://vinanet.vn/nong-san/gia-heo-hoi-hom-nay-227-mien-bac-van-dan-dau-thi-truong-811207.html,
22/07/2026,vinanet.vn,Miền Trung - Tây Nguyên,Hà Tĩnh,64000,,https://vinanet.vn/nong-san/gia-heo-hoi-hom-nay-227-mien-bac-van-dan-dau-thi-truong-811207.html,
22/07/2026,vinanet.vn,Miền Trung - Tây Nguyên,Khánh Hòa,62000,,https://vinanet.vn/nong-san/gia-heo-hoi-hom-nay-227-mien-bac-van-dan-dau-thi-truong-811207.html,
22/07/2026,vinanet.vn,Miền Trung - Tây Nguyên,Lâm Đồng,63000,,https://vinanet.vn/nong-san/gia-heo-hoi-hom-nay-227-mien-bac-van-dan-dau-thi-truong-811207.html,
22/07/2026,vinanet.vn,Miền Trung - Tây Nguyên,Nghệ An,65000,,https://vinanet.vn/nong-san/gia-heo-hoi-hom-nay-227-mien-bac-van-dan-dau-thi-truong-811207.html,
22/07/2026,vinanet.vn,Miền Trung - Tây Nguyên,Quảng Ngãi,63000,,https://vinanet.vn/nong-san/gia-heo-hoi-hom-nay-227-mien-bac-van-dan-dau-thi-truong-811207.html,
22/07/2026,vinanet.vn,Miền Trung - Tây Nguyên,Quảng Trị,64000,,https://vinanet.vn/nong-san/gia-heo-hoi-hom-nay-227-mien-bac-van-dan-dau-thi-truong-811207.html,
22/07/2026,vinanet.vn,Miền Trung - Tây Nguyên,Thanh Hóa,65000,,https://vinanet.vn/nong-san/gia-heo-hoi-hom-nay-227-mien-bac-van-dan-dau-thi-truong-811207.html,
22/07/2026,vinanet.vn,Miền Trung - Tây Nguyên,Đà Nẵng,63000,,https://vinanet.vn/nong-san/gia-heo-hoi-hom-nay-227-mien-bac-van-dan-dau-thi-truong-811207.html,
22/07/2026,vinanet.vn,Miền Trung - Tây Nguyên,Đắk Lắk,63000,,https://vinanet.vn/nong-san/gia-heo-hoi-hom-nay-227-mien-bac-van-dan-dau-thi-truong-811207.html,
23/07/2026,vietnambiz.vn,Miền Bắc,Bắc Ninh,66000,0.0,https://vietnambiz.vn/gia-heo-hoi-hom-nay-237-tiep-tuc-di-xuong-66000-dongkg-la-muc-giao-dich-cao-nhat-duoc-ghi-nhan-20267237017809.htm,
23/07/2026,vietnambiz.vn,Miền Bắc,Cao Bằng,66000,0.0,https://vietnambiz.vn/gia-heo-hoi-hom-nay-237-tiep-tuc-di-xuong-66000-dongkg-la-muc-giao-dich-cao-nhat-duoc-ghi-nhan-20267237017809.htm,
23/07/2026,vietnambiz.vn,Miền Bắc,Hà Nội,66000,-1000.0,https://vietnambiz.vn/gia-heo-hoi-hom-nay-237-tiep-tuc-di-xuong-66000-dongkg-la-muc-giao-dich-cao-nhat-duoc-ghi-nhan-20267237017809.htm,
23/07/2026,vietnambiz.vn,Miền Bắc,Hưng Yên,66000,-1000.0,https://vietnambiz.vn/gia-heo-hoi-hom-nay-237-tiep-tuc-di-xuong-66000-dongkg-la-muc-giao-dich-cao-nhat-duoc-ghi-nhan-20267237017809.htm,
23/07/2026,vietnambiz.vn,Miền Bắc,Hải Phòng,66000,0.0,https://vietnambiz.vn/gia-heo-hoi-hom-nay-237-tiep-tuc-di-xuong-66000-dongkg-la-muc-giao-dich-cao-nhat-duoc-ghi-nhan-20267237017809.htm,
23/07/2026,vietnambiz.vn,Miền Bắc,Lai Châu,65000,0.0,https://vietnambiz.vn/gia-heo-hoi-hom-nay-237-tiep-tuc-di-xuong-66000-dongkg-la-muc-giao-dich-cao-nhat-duoc-ghi-nhan-20267237017809.htm,
23/07/2026,vietnambiz.vn,Miền Bắc,Lào Cai,65000,-1000.0,https://vietnambiz.vn/gia-heo-hoi-hom-nay-237-tiep-tuc-di-xuong-66000-dongkg-la-muc-giao-dich-cao-nhat-duoc-ghi-nhan-20267237017809.htm,
23/07/2026,vietnambiz.vn,Miền Bắc,Lạng Sơn,66000,0.0,https://vietnambiz.vn/gia-heo-hoi-hom-nay-237-tiep-tuc-di-xuong-66000-dongkg-la-muc-giao-dich-cao-nhat-duoc-ghi-nhan-20267237017809.htm,
23/07/2026,vietnambiz.vn,Miền Bắc,Ninh Bình,65000,-1000.0,https://vietnambiz.vn/gia-heo-hoi-hom-nay-237-tiep-tuc-di-xuong-66000-dongkg-la-muc-giao-dich-cao-nhat-duoc-ghi-nhan-20267237017809.htm,
23/07/2026,vietnambiz.vn,Miền Bắc,Phú Thọ,66000,0.0,https://vietnambiz.vn/gia-heo-hoi-hom-nay-237-tiep-tuc-di-xuong-66000-dongkg-la-muc-giao-dich-cao-nhat-duoc-ghi-nhan-20267237017809.htm,
23/07/2026,vietnambiz.vn,Miền Bắc,Quảng Ninh,66000,0.0,https://vietnambiz.vn/gia-heo-hoi-hom-nay-237-tiep-tuc-di-xuong-66000-dongkg-la-muc-giao-dich-cao-nhat-duoc-ghi-nhan-20267237017809.htm,
23/07/2026,vietnambiz.vn,Miền Bắc,Sơn La,65000,0.0,https://vietnambiz.vn/gia-heo-hoi-hom-nay-237-tiep-tuc-di-xuong-66000-dongkg-la-muc-giao-dich-cao-nhat-duoc-ghi-nhan-20267237017809.htm,
23/07/2026,vietnambiz.vn,Miền Bắc,Thái Nguyên,66000,0.0,https://vietnambiz.vn/gia-heo-hoi-hom-nay-237-tiep-tuc-di-xuong-66000-dongkg-la-muc-giao-dich-cao-nhat-duoc-ghi-nhan-20267237017809.htm,
23/07/2026,vietnambiz.vn,Miền Bắc,Tuyên Quang,66000,0.0,https://vietnambiz.vn/gia-heo-hoi-hom-nay-237-tiep-tuc-di-xuong-66000-dongkg-la-muc-giao-dich-cao-nhat-duoc-ghi-nhan-20267237017809.htm,
23/07/2026,vietnambiz.vn,Miền Bắc,Điện Biên,66000,0.0,https://vietnambiz.vn/gia-heo-hoi-hom-nay-237-tiep-tuc-di-xuong-66000-dongkg-la-muc-giao-dich-cao-nhat-duoc-ghi-nhan-20267237017809.htm,
23/07/2026,vietnambiz.vn,Miền Nam,An Giang,62000,0.0,https://vietnambiz.vn/gia-heo-hoi-hom-nay-237-tiep-tuc-di-xuong-66000-dongkg-la-muc-giao-dich-cao-nhat-duoc-ghi-nhan-20267237017809.htm,
23/07/2026,vietnambiz.vn,Miền Nam,Cà Mau,62000,0.0,https://vietnambiz.vn/gia-heo-hoi-hom-nay-237-tiep-tuc-di-xuong-66000-dongkg-la-muc-giao-dich-cao-nhat-duoc-ghi-nhan-20267237017809.htm,
23/07/2026,vietnambiz.vn,Miền Nam,Cần Thơ,63000,0.0,https://vietnambiz.vn/gia-heo-hoi-hom-nay-237-tiep-tuc-di-xuong-66000-dongkg-la-muc-giao-dich-cao-nhat-duoc-ghi-nhan-20267237017809.htm,
23/07/2026,vietnambiz.vn,Miền Nam,TP HCM,63000,0.0,https://vietnambiz.vn/gia-heo-hoi-hom-nay-237-tiep-tuc-di-xuong-66000-dongkg-la-muc-giao-dich-cao-nhat-duoc-ghi-nhan-20267237017809.htm,
23/07/2026,vietnambiz.vn,Miền Nam,Tây Ninh,63000,0.0,https://vietnambiz.vn/gia-heo-hoi-hom-nay-237-tiep-tuc-di-xuong-66000-dongkg-la-muc-giao-dich-cao-nhat-duoc-ghi-nhan-20267237017809.htm,
23/07/2026,vietnambiz.vn,Miền Nam,Vĩnh Long,63000,0.0,https://vietnambiz.vn/gia-heo-hoi-hom-nay-237-tiep-tuc-di-xuong-66000-dongkg-la-muc-giao-dich-cao-nhat-duoc-ghi-nhan-20267237017809.htm,
23/07/2026,vietnambiz.vn,Miền Nam,Đồng Nai,63000,0.0,https://vietnambiz.vn/gia-heo-hoi-hom-nay-237-tiep-tuc-di-xuong-66000-dongkg-la-muc-giao-dich-cao-nhat-duoc-ghi-nhan-20267237017809.htm,
23/07/2026,vietnambiz.vn,Miền Nam,Đồng Tháp,62000,0.0,https://vietnambiz.vn/gia-heo-hoi-hom-nay-237-tiep-tuc-di-xuong-66000-dongkg-la-muc-giao-dich-cao-nhat-duoc-ghi-nhan-20267237017809.htm,
23/07/2026,vietnambiz.vn,Miền Trung - Tây Nguyên,Gia Lai,63000,0.0,https://vietnambiz.vn/gia-heo-hoi-hom-nay-237-tiep-tuc-di-xuong-66000-dongkg-la-muc-giao-dich-cao-nhat-duoc-ghi-nhan-20267237017809.htm,
23/07/2026,vietnambiz.vn,Miền Trung - Tây Nguyên,Huế,64000,0.0,https://vietnambiz.vn/gia-heo-hoi-hom-nay-237-tiep-tuc-di-xuong-66000-dongkg-la-muc-giao-dich-cao-nhat-duoc-ghi-nhan-20267237017809.htm,
23/07/2026,vietnambiz.vn,Miền Trung - Tây Nguyên,Hà Tĩnh,64000,0.0,https://vietnambiz.vn/gia-heo-hoi-hom-nay-237-tiep-tuc-di-xuong-66000-dongkg-la-muc-giao-dich-cao-nhat-duoc-ghi-nhan-20267237017809.htm,
23/07/2026,vietnambiz.vn,Miền Trung - Tây Nguyên,Khánh Hoà,62000,0.0,https://vietnambiz.vn/gia-heo-hoi-hom-nay-237-tiep-tuc-di-xuong-66000-dongkg-la-muc-giao-dich-cao-nhat-duoc-ghi-nhan-20267237017809.htm,
23/07/2026,vietnambiz.vn,Miền Trung - Tây Nguyên,Lâm Đồng,63000,0.0,https://vietnambiz.vn/gia-heo-hoi-hom-nay-237-tiep-tuc-di-xuong-66000-dongkg-la-muc-giao-dich-cao-nhat-duoc-ghi-nhan-20267237017809.htm,
23/07/2026,vietnambiz.vn,Miền Trung - Tây Nguyên,Nghệ An,64000,-1000.0,https://vietnambiz.vn/gia-heo-hoi-hom-nay-237-tiep-tuc-di-xuong-66000-dongkg-la-muc-giao-dich-cao-nhat-duoc-ghi-nhan-20267237017809.htm,
23/07/2026,vietnambiz.vn,Miền Trung - Tây Nguyên,Quảng Ngãi,63000,0.0,https://vietnambiz.vn/gia-heo-hoi-hom-nay-237-tiep-tuc-di-xuong-66000-dongkg-la-muc-giao-dich-cao-nhat-duoc-ghi-nhan-20267237017809.htm,
23/07/2026,vietnambiz.vn,Miền Trung - Tây Nguyên,Quảng Trị,64000,0.0,https://vietnambiz.vn/gia-heo-hoi-hom-nay-237-tiep-tuc-di-xuong-66000-dongkg-la-muc-giao-dich-cao-nhat-duoc-ghi-nhan-20267237017809.htm,
23/07/2026,vietnambiz.vn,Miền Trung - Tây Nguyên,Thanh Hoá,64000,-1000.0,https://vietnambiz.vn/gia-heo-hoi-hom-nay-237-tiep-tuc-di-xuong-66000-dongkg-la-muc-giao-dich-cao-nhat-duoc-ghi-nhan-20267237017809.htm,
23/07/2026,vietnambiz.vn,Miền Trung - Tây Nguyên,Đà Nẵng,63000,0.0,https://vietnambiz.vn/gia-heo-hoi-hom-nay-237-tiep-tuc-di-xuong-66000-dongkg-la-muc-giao-dich-cao-nhat-duoc-ghi-nhan-20267237017809.htm,
23/07/2026,vietnambiz.vn,Miền Trung - Tây Nguyên,Đắk Lắk,63000,0.0,https://vietnambiz.vn/gia-heo-hoi-hom-nay-237-tiep-tuc-di-xuong-66000-dongkg-la-muc-giao-dich-cao-nhat-duoc-ghi-nhan-20267237017809.htm,
24/07/2026,vietnambiz.vn,Miền Bắc,Bắc Ninh,65000,-1000.0,https://vietnambiz.vn/gia-heo-hoi-hom-nay-247-tiep-da-giam-mien-bac-xuong-duoi-65000-dongkg-202672471538796.htm,
24/07/2026,vietnambiz.vn,Miền Bắc,Cao Bằng,66000,0.0,https://vietnambiz.vn/gia-heo-hoi-hom-nay-247-tiep-da-giam-mien-bac-xuong-duoi-65000-dongkg-202672471538796.htm,
24/07/2026,vietnambiz.vn,Miền Bắc,Hà Nội,66000,0.0,https://vietnambiz.vn/gia-heo-hoi-hom-nay-247-tiep-da-giam-mien-bac-xuong-duoi-65000-dongkg-202672471538796.htm,
24/07/2026,vietnambiz.vn,Miền Bắc,Hưng Yên,66000,0.0,https://vietnambiz.vn/gia-heo-hoi-hom-nay-247-tiep-da-giam-mien-bac-xuong-duoi-65000-dongkg-202672471538796.htm,
24/07/2026,vietnambiz.vn,Miền Bắc,Hải Phòng,66000,0.0,https://vietnambiz.vn/gia-heo-hoi-hom-nay-247-tiep-da-giam-mien-bac-xuong-duoi-65000-dongkg-202672471538796.htm,
24/07/2026,vietnambiz.vn,Miền Bắc,Lai Châu,64000,-1000.0,https://vietnambiz.vn/gia-heo-hoi-hom-nay-247-tiep-da-giam-mien-bac-xuong-duoi-65000-dongkg-202672471538796.htm,
24/07/2026,vietnambiz.vn,Miền Bắc,Lào Cai,64000,-1000.0,https://vietnambiz.vn/gia-heo-hoi-hom-nay-247-tiep-da-giam-mien-bac-xuong-duoi-65000-dongkg-202672471538796.htm,
24/07/2026,vietnambiz.vn,Miền Bắc,Lạng Sơn,65000,-1000.0,https://vietnambiz.vn/gia-heo-hoi-hom-nay-247-tiep-da-giam-mien-bac-xuong-duoi-65000-dongkg-202672471538796.htm,
24/07/2026,vietnambiz.vn,Miền Bắc,Ninh Bình,64000,-1000.0,https://vietnambiz.vn/gia-heo-hoi-hom-nay-247-tiep-da-giam-mien-bac-xuong-duoi-65000-dongkg-202672471538796.htm,
24/07/2026,vietnambiz.vn,Miền Bắc,Phú Thọ,65000,-1000.0,https://vietnambiz.vn/gia-heo-hoi-hom-nay-247-tiep-da-giam-mien-bac-xuong-duoi-65000-dongkg-202672471538796.htm,
24/07/2026,vietnambiz.vn,Miền Bắc,Quảng Ninh,65000,-1000.0,https://vietnambiz.vn/gia-heo-hoi-hom-nay-247-tiep-da-giam-mien-bac-xuong-duoi-65000-dongkg-202672471538796.htm,
24/07/2026,vietnambiz.vn,Miền Bắc,Sơn La,65000,0.0,https://vietnambiz.vn/gia-heo-hoi-hom-nay-247-tiep-da-giam-mien-bac-xuong-duoi-65000-dongkg-202672471538796.htm,
24/07/2026,vietnambiz.vn,Miền Bắc,Thái Nguyên,66000,0.0,https://vietnambiz.vn/gia-heo-hoi-hom-nay-247-tiep-da-giam-mien-bac-xuong-duoi-65000-dongkg-202672471538796.htm,
24/07/2026,vietnambiz.vn,Miền Bắc,Tuyên Quang,65000,-1000.0,https://vietnambiz.vn/gia-heo-hoi-hom-nay-247-tiep-da-giam-mien-bac-xuong-duoi-65000-dongkg-202672471538796.htm,
24/07/2026,vietnambiz.vn,Miền Bắc,Điện Biên,66000,0.0,https://vietnambiz.vn/gia-heo-hoi-hom-nay-247-tiep-da-giam-mien-bac-xuong-duoi-65000-dongkg-202672471538796.htm,
24/07/2026,vietnambiz.vn,Miền Nam,An Giang,62000,0.0,https://vietnambiz.vn/gia-heo-hoi-hom-nay-247-tiep-da-giam-mien-bac-xuong-duoi-65000-dongkg-202672471538796.htm,
24/07/2026,vietnambiz.vn,Miền Nam,Cà Mau,62000,0.0,https://vietnambiz.vn/gia-heo-hoi-hom-nay-247-tiep-da-giam-mien-bac-xuong-duoi-65000-dongkg-202672471538796.htm,
24/07/2026,vietnambiz.vn,Miền Nam,Cần Thơ,63000,0.0,https://vietnambiz.vn/gia-heo-hoi-hom-nay-247-tiep-da-giam-mien-bac-xuong-duoi-65000-dongkg-202672471538796.htm,
24/07/2026,vietnambiz.vn,Miền Nam,TP HCM,63000,0.0,https://vietnambiz.vn/gia-heo-hoi-hom-nay-247-tiep-da-giam-mien-bac-xuong-duoi-65000-dongkg-202672471538796.htm,
24/07/2026,vietnambiz.vn,Miền Nam,Tây Ninh,63000,0.0,https://vietnambiz.vn/gia-heo-hoi-hom-nay-247-tiep-da-giam-mien-bac-xuong-duoi-65000-dongkg-202672471538796.htm,
24/07/2026,vietnambiz.vn,Miền Nam,Vĩnh Long,63000,0.0,https://vietnambiz.vn/gia-heo-hoi-hom-nay-247-tiep-da-giam-mien-bac-xuong-duoi-65000-dongkg-202672471538796.htm,
24/07/2026,vietnambiz.vn,Miền Nam,Đồng Nai,63000,0.0,https://vietnambiz.vn/gia-heo-hoi-hom-nay-247-tiep-da-giam-mien-bac-xuong-duoi-65000-dongkg-202672471538796.htm,
24/07/2026,vietnambiz.vn,Miền Nam,Đồng Tháp,62000,0.0,https://vietnambiz.vn/gia-heo-hoi-hom-nay-247-tiep-da-giam-mien-bac-xuong-duoi-65000-dongkg-202672471538796.htm,
24/07/2026,vietnambiz.vn,Miền Trung - Tây Nguyên,Gia Lai,63000,0.0,https://vietnambiz.vn/gia-heo-hoi-hom-nay-247-tiep-da-giam-mien-bac-xuong-duoi-65000-dongkg-202672471538796.htm,
24/07/2026,vietnambiz.vn,Miền Trung - Tây Nguyên,Huế,64000,0.0,https://vietnambiz.vn/gia-heo-hoi-hom-nay-247-tiep-da-giam-mien-bac-xuong-duoi-65000-dongkg-202672471538796.htm,
24/07/2026,vietnambiz.vn,Miền Trung - Tây Nguyên,Hà Tĩnh,63000,-1000.0,https://vietnambiz.vn/gia-heo-hoi-hom-nay-247-tiep-da-giam-mien-bac-xuong-duoi-65000-dongkg-202672471538796.htm,
24/07/2026,vietnambiz.vn,Miền Trung - Tây Nguyên,Khánh Hoà,62000,0.0,https://vietnambiz.vn/gia-heo-hoi-hom-nay-247-tiep-da-giam-mien-bac-xuong-duoi-65000-dongkg-202672471538796.htm,
24/07/2026,vietnambiz.vn,Miền Trung - Tây Nguyên,Lâm Đồng,63000,0.0,https://vietnambiz.vn/gia-heo-hoi-hom-nay-247-tiep-da-giam-mien-bac-xuong-duoi-65000-dongkg-202672471538796.htm,
24/07/2026,vietnambiz.vn,Miền Trung - Tây Nguyên,Nghệ An,63000,-1000.0,https://vietnambiz.vn/gia-heo-hoi-hom-nay-247-tiep-da-giam-mien-bac-xuong-duoi-65000-dongkg-202672471538796.htm,
24/07/2026,vietnambiz.vn,Miền Trung - Tây Nguyên,Quảng Ngãi,63000,0.0,https://vietnambiz.vn/gia-heo-hoi-hom-nay-247-tiep-da-giam-mien-bac-xuong-duoi-65000-dongkg-202672471538796.htm,
24/07/2026,vietnambiz.vn,Miền Trung - Tây Nguyên,Quảng Trị,64000,0.0,https://vietnambiz.vn/gia-heo-hoi-hom-nay-247-tiep-da-giam-mien-bac-xuong-duoi-65000-dongkg-202672471538796.htm,
24/07/2026,vietnambiz.vn,Miền Trung - Tây Nguyên,Thanh Hoá,63000,-1000.0,https://vietnambiz.vn/gia-heo-hoi-hom-nay-247-tiep-da-giam-mien-bac-xuong-duoi-65000-dongkg-202672471538796.htm,
24/07/2026,vietnambiz.vn,Miền Trung - Tây Nguyên,Đà Nẵng,63000,0.0,https://vietnambiz.vn/gia-heo-hoi-hom-nay-247-tiep-da-giam-mien-bac-xuong-duoi-65000-dongkg-202672471538796.htm,
24/07/2026,vietnambiz.vn,Miền Trung - Tây Nguyên,Đắk Lắk,63000,0.0,https://vietnambiz.vn/gia-heo-hoi-hom-nay-247-tiep-da-giam-mien-bac-xuong-duoi-65000-dongkg-202672471538796.htm,
25/07/2026,nongnghiepmoitruong.vn,Miền Bắc,Bắc Ninh,65000,0.0,https://nongnghiepmoitruong.vn/gia-heo-hoi-hom-nay-25-7-2026-tiep-tuc-da-giam-nhe-d823062.html,
25/07/2026,nongnghiepmoitruong.vn,Miền Bắc,Cao Bằng,65000,-1000.0,https://nongnghiepmoitruong.vn/gia-heo-hoi-hom-nay-25-7-2026-tiep-tuc-da-giam-nhe-d823062.html,
25/07/2026,nongnghiepmoitruong.vn,Miền Bắc,Hà Nội,65000,-1000.0,https://nongnghiepmoitruong.vn/gia-heo-hoi-hom-nay-25-7-2026-tiep-tuc-da-giam-nhe-d823062.html,
25/07/2026,nongnghiepmoitruong.vn,Miền Bắc,Hưng Yên,65000,-1000.0,https://nongnghiepmoitruong.vn/gia-heo-hoi-hom-nay-25-7-2026-tiep-tuc-da-giam-nhe-d823062.html,
25/07/2026,nongnghiepmoitruong.vn,Miền Bắc,Hải Phòng,65000,-1000.0,https://nongnghiepmoitruong.vn/gia-heo-hoi-hom-nay-25-7-2026-tiep-tuc-da-giam-nhe-d823062.html,
25/07/2026,nongnghiepmoitruong.vn,Miền Bắc,Lai Châu,64000,0.0,https://nongnghiepmoitruong.vn/gia-heo-hoi-hom-nay-25-7-2026-tiep-tuc-da-giam-nhe-d823062.html,
25/07/2026,nongnghiepmoitruong.vn,Miền Bắc,Lào Cai,64000,0.0,https://nongnghiepmoitruong.vn/gia-heo-hoi-hom-nay-25-7-2026-tiep-tuc-da-giam-nhe-d823062.html,
25/07/2026,nongnghiepmoitruong.vn,Miền Bắc,Lạng Sơn,65000,0.0,https://nongnghiepmoitruong.vn/gia-heo-hoi-hom-nay-25-7-2026-tiep-tuc-da-giam-nhe-d823062.html,
25/07/2026,nongnghiepmoitruong.vn,Miền Bắc,Ninh Bình,63000,-1000.0,https://nongnghiepmoitruong.vn/gia-heo-hoi-hom-nay-25-7-2026-tiep-tuc-da-giam-nhe-d823062.html,
25/07/2026,nongnghiepmoitruong.vn,Miền Bắc,Phú Thọ,65000,0.0,https://nongnghiepmoitruong.vn/gia-heo-hoi-hom-nay-25-7-2026-tiep-tuc-da-giam-nhe-d823062.html,
25/07/2026,nongnghiepmoitruong.vn,Miền Bắc,Quảng Ninh,65000,0.0,https://nongnghiepmoitruong.vn/gia-heo-hoi-hom-nay-25-7-2026-tiep-tuc-da-giam-nhe-d823062.html,
25/07/2026,nongnghiepmoitruong.vn,Miền Bắc,Sơn La,65000,0.0,https://nongnghiepmoitruong.vn/gia-heo-hoi-hom-nay-25-7-2026-tiep-tuc-da-giam-nhe-d823062.html,
25/07/2026,nongnghiepmoitruong.vn,Miền Bắc,Thái Nguyên,65000,-1000.0,https://nongnghiepmoitruong.vn/gia-heo-hoi-hom-nay-25-7-2026-tiep-tuc-da-giam-nhe-d823062.html,
25/07/2026,nongnghiepmoitruong.vn,Miền Bắc,Tuyên Quang,65000,0.0,https://nongnghiepmoitruong.vn/gia-heo-hoi-hom-nay-25-7-2026-tiep-tuc-da-giam-nhe-d823062.html,
25/07/2026,nongnghiepmoitruong.vn,Miền Bắc,Điện Biên,65000,-1000.0,https://nongnghiepmoitruong.vn/gia-heo-hoi-hom-nay-25-7-2026-tiep-tuc-da-giam-nhe-d823062.html,
25/07/2026,nongnghiepmoitruong.vn,Miền Nam,An Giang,62000,0.0,https://nongnghiepmoitruong.vn/gia-heo-hoi-hom-nay-25-7-2026-tiep-tuc-da-giam-nhe-d823062.html,
25/07/2026,nongnghiepmoitruong.vn,Miền Nam,Cà Mau,62000,0.0,https://nongnghiepmoitruong.vn/gia-heo-hoi-hom-nay-25-7-2026-tiep-tuc-da-giam-nhe-d823062.html,
25/07/2026,nongnghiepmoitruong.vn,Miền Nam,Cần Thơ,63000,0.0,https://nongnghiepmoitruong.vn/gia-heo-hoi-hom-nay-25-7-2026-tiep-tuc-da-giam-nhe-d823062.html,
25/07/2026,nongnghiepmoitruong.vn,Miền Nam,TP.HCM,63000,0.0,https://nongnghiepmoitruong.vn/gia-heo-hoi-hom-nay-25-7-2026-tiep-tuc-da-giam-nhe-d823062.html,
25/07/2026,nongnghiepmoitruong.vn,Miền Nam,Tây Ninh,63000,0.0,https://nongnghiepmoitruong.vn/gia-heo-hoi-hom-nay-25-7-2026-tiep-tuc-da-giam-nhe-d823062.html,
25/07/2026,nongnghiepmoitruong.vn,Miền Nam,Vĩnh Long,63000,0.0,https://nongnghiepmoitruong.vn/gia-heo-hoi-hom-nay-25-7-2026-tiep-tuc-da-giam-nhe-d823062.html,
25/07/2026,nongnghiepmoitruong.vn,Miền Nam,Đồng Nai,63000,0.0,https://nongnghiepmoitruong.vn/gia-heo-hoi-hom-nay-25-7-2026-tiep-tuc-da-giam-nhe-d823062.html,
25/07/2026,nongnghiepmoitruong.vn,Miền Nam,Đồng Tháp,62000,0.0,https://nongnghiepmoitruong.vn/gia-heo-hoi-hom-nay-25-7-2026-tiep-tuc-da-giam-nhe-d823062.html,
25/07/2026,nongnghiepmoitruong.vn,Miền Trung - Tây Nguyên,Gia Lai,63000,0.0,https://nongnghiepmoitruong.vn/gia-heo-hoi-hom-nay-25-7-2026-tiep-tuc-da-giam-nhe-d823062.html,
25/07/2026,nongnghiepmoitruong.vn,Miền Trung - Tây Nguyên,Huế,63000,-1000.0,https://nongnghiepmoitruong.vn/gia-heo-hoi-hom-nay-25-7-2026-tiep-tuc-da-giam-nhe-d823062.html,
25/07/2026,nongnghiepmoitruong.vn,Miền Trung - Tây Nguyên,Hà Tĩnh,63000,0.0,https://nongnghiepmoitruong.vn/gia-heo-hoi-hom-nay-25-7-2026-tiep-tuc-da-giam-nhe-d823062.html,
25/07/2026,nongnghiepmoitruong.vn,Miền Trung - Tây Nguyên,Khánh Hòa,62000,0.0,https://nongnghiepmoitruong.vn/gia-heo-hoi-hom-nay-25-7-2026-tiep-tuc-da-giam-nhe-d823062.html,
25/07/2026,nongnghiepmoitruong.vn,Miền Trung - Tây Nguyên,Lâm Đồng,63000,0.0,https://nongnghiepmoitruong.vn/gia-heo-hoi-hom-nay-25-7-2026-tiep-tuc-da-giam-nhe-d823062.html,
25/07/2026,nongnghiepmoitruong.vn,Miền Trung - Tây Nguyên,Nghệ An,63000,0.0,https://nongnghiepmoitruong.vn/gia-heo-hoi-hom-nay-25-7-2026-tiep-tuc-da-giam-nhe-d823062.html,
25/07/2026,nongnghiepmoitruong.vn,Miền Trung - Tây Nguyên,Quảng Ngãi,63000,0.0,https://nongnghiepmoitruong.vn/gia-heo-hoi-hom-nay-25-7-2026-tiep-tuc-da-giam-nhe-d823062.html,
25/07/2026,nongnghiepmoitruong.vn,Miền Trung - Tây Nguyên,Quảng Trị,63000,-1000.0,https://nongnghiepmoitruong.vn/gia-heo-hoi-hom-nay-25-7-2026-tiep-tuc-da-giam-nhe-d823062.html,
25/07/2026,nongnghiepmoitruong.vn,Miền Trung - Tây Nguyên,Thanh Hóa,63000,0.0,https://nongnghiepmoitruong.vn/gia-heo-hoi-hom-nay-25-7-2026-tiep-tuc-da-giam-nhe-d823062.html,
25/07/2026,nongnghiepmoitruong.vn,Miền Trung - Tây Nguyên,Đà Nẵng,63000,0.0,https://nongnghiepmoitruong.vn/gia-heo-hoi-hom-nay-25-7-2026-tiep-tuc-da-giam-nhe-d823062.html,
25/07/2026,nongnghiepmoitruong.vn,Miền Trung - Tây Nguyên,Đắk Lắk,63000,0.0,https://nongnghiepmoitruong.vn/gia-heo-hoi-hom-nay-25-7-2026-tiep-tuc-da-giam-nhe-d823062.html,
25/07/2026,vietnambiz.vn,Miền Bắc,Bắc Ninh,65000,0.0,https://vietnambiz.vn/gia-heo-hoi-hom-nay-257-tiep-tuc-di-xuong-muc-63000-dongkg-duoc-ghi-nhan-tai-mien-bac-20267257330339.htm,
25/07/2026,vietnambiz.vn,Miền Bắc,Cao Bằng,65000,-1000.0,https://vietnambiz.vn/gia-heo-hoi-hom-nay-257-tiep-tuc-di-xuong-muc-63000-dongkg-duoc-ghi-nhan-tai-mien-bac-20267257330339.htm,
25/07/2026,vietnambiz.vn,Miền Bắc,Hà Nội,65000,-1000.0,https://vietnambiz.vn/gia-heo-hoi-hom-nay-257-tiep-tuc-di-xuong-muc-63000-dongkg-duoc-ghi-nhan-tai-mien-bac-20267257330339.htm,
25/07/2026,vietnambiz.vn,Miền Bắc,Hưng Yên,65000,-1000.0,https://vietnambiz.vn/gia-heo-hoi-hom-nay-257-tiep-tuc-di-xuong-muc-63000-dongkg-duoc-ghi-nhan-tai-mien-bac-20267257330339.htm,
25/07/2026,vietnambiz.vn,Miền Bắc,Hải Phòng,65000,-1000.0,https://vietnambiz.vn/gia-heo-hoi-hom-nay-257-tiep-tuc-di-xuong-muc-63000-dongkg-duoc-ghi-nhan-tai-mien-bac-20267257330339.htm,
25/07/2026,vietnambiz.vn,Miền Bắc,Lai Châu,64000,0.0,https://vietnambiz.vn/gia-heo-hoi-hom-nay-257-tiep-tuc-di-xuong-muc-63000-dongkg-duoc-ghi-nhan-tai-mien-bac-20267257330339.htm,
25/07/2026,vietnambiz.vn,Miền Bắc,Lào Cai,64000,0.0,https://vietnambiz.vn/gia-heo-hoi-hom-nay-257-tiep-tuc-di-xuong-muc-63000-dongkg-duoc-ghi-nhan-tai-mien-bac-20267257330339.htm,
25/07/2026,vietnambiz.vn,Miền Bắc,Lạng Sơn,65000,0.0,https://vietnambiz.vn/gia-heo-hoi-hom-nay-257-tiep-tuc-di-xuong-muc-63000-dongkg-duoc-ghi-nhan-tai-mien-bac-20267257330339.htm,
25/07/2026,vietnambiz.vn,Miền Bắc,Ninh Bình,63000,-1000.0,https://vietnambiz.vn/gia-heo-hoi-hom-nay-257-tiep-tuc-di-xuong-muc-63000-dongkg-duoc-ghi-nhan-tai-mien-bac-20267257330339.htm,
25/07/2026,vietnambiz.vn,Miền Bắc,Phú Thọ,65000,0.0,https://vietnambiz.vn/gia-heo-hoi-hom-nay-257-tiep-tuc-di-xuong-muc-63000-dongkg-duoc-ghi-nhan-tai-mien-bac-20267257330339.htm,
25/07/2026,vietnambiz.vn,Miền Bắc,Quảng Ninh,65000,0.0,https://vietnambiz.vn/gia-heo-hoi-hom-nay-257-tiep-tuc-di-xuong-muc-63000-dongkg-duoc-ghi-nhan-tai-mien-bac-20267257330339.htm,
25/07/2026,vietnambiz.vn,Miền Bắc,Sơn La,65000,0.0,https://vietnambiz.vn/gia-heo-hoi-hom-nay-257-tiep-tuc-di-xuong-muc-63000-dongkg-duoc-ghi-nhan-tai-mien-bac-20267257330339.htm,
25/07/2026,vietnambiz.vn,Miền Bắc,Thái Nguyên,65000,-1000.0,https://vietnambiz.vn/gia-heo-hoi-hom-nay-257-tiep-tuc-di-xuong-muc-63000-dongkg-duoc-ghi-nhan-tai-mien-bac-20267257330339.htm,
25/07/2026,vietnambiz.vn,Miền Bắc,Tuyên Quang,65000,0.0,https://vietnambiz.vn/gia-heo-hoi-hom-nay-257-tiep-tuc-di-xuong-muc-63000-dongkg-duoc-ghi-nhan-tai-mien-bac-20267257330339.htm,
25/07/2026,vietnambiz.vn,Miền Bắc,Điện Biên,65000,-1000.0,https://vietnambiz.vn/gia-heo-hoi-hom-nay-257-tiep-tuc-di-xuong-muc-63000-dongkg-duoc-ghi-nhan-tai-mien-bac-20267257330339.htm,
25/07/2026,vietnambiz.vn,Miền Nam,An Giang,62000,0.0,https://vietnambiz.vn/gia-heo-hoi-hom-nay-257-tiep-tuc-di-xuong-muc-63000-dongkg-duoc-ghi-nhan-tai-mien-bac-20267257330339.htm,
25/07/2026,vietnambiz.vn,Miền Nam,Cà Mau,62000,0.0,https://vietnambiz.vn/gia-heo-hoi-hom-nay-257-tiep-tuc-di-xuong-muc-63000-dongkg-duoc-ghi-nhan-tai-mien-bac-20267257330339.htm,
25/07/2026,vietnambiz.vn,Miền Nam,Cần Thơ,63000,0.0,https://vietnambiz.vn/gia-heo-hoi-hom-nay-257-tiep-tuc-di-xuong-muc-63000-dongkg-duoc-ghi-nhan-tai-mien-bac-20267257330339.htm,
25/07/2026,vietnambiz.vn,Miền Nam,TP HCM,63000,0.0,https://vietnambiz.vn/gia-heo-hoi-hom-nay-257-tiep-tuc-di-xuong-muc-63000-dongkg-duoc-ghi-nhan-tai-mien-bac-20267257330339.htm,
25/07/2026,vietnambiz.vn,Miền Nam,Tây Ninh,63000,0.0,https://vietnambiz.vn/gia-heo-hoi-hom-nay-257-tiep-tuc-di-xuong-muc-63000-dongkg-duoc-ghi-nhan-tai-mien-bac-20267257330339.htm,
25/07/2026,vietnambiz.vn,Miền Nam,Vĩnh Long,63000,0.0,https://vietnambiz.vn/gia-heo-hoi-hom-nay-257-tiep-tuc-di-xuong-muc-63000-dongkg-duoc-ghi-nhan-tai-mien-bac-20267257330339.htm,
25/07/2026,vietnambiz.vn,Miền Nam,Đồng Nai,63000,0.0,https://vietnambiz.vn/gia-heo-hoi-hom-nay-257-tiep-tuc-di-xuong-muc-63000-dongkg-duoc-ghi-nhan-tai-mien-bac-20267257330339.htm,
25/07/2026,vietnambiz.vn,Miền Nam,Đồng Tháp,62000,0.0,https://vietnambiz.vn/gia-heo-hoi-hom-nay-257-tiep-tuc-di-xuong-muc-63000-dongkg-duoc-ghi-nhan-tai-mien-bac-20267257330339.htm,
25/07/2026,vietnambiz.vn,Miền Trung - Tây Nguyên,Gia Lai,63000,0.0,https://vietnambiz.vn/gia-heo-hoi-hom-nay-257-tiep-tuc-di-xuong-muc-63000-dongkg-duoc-ghi-nhan-tai-mien-bac-20267257330339.htm,
25/07/2026,vietnambiz.vn,Miền Trung - Tây Nguyên,Huế,63000,-1000.0,https://vietnambiz.vn/gia-heo-hoi-hom-nay-257-tiep-tuc-di-xuong-muc-63000-dongkg-duoc-ghi-nhan-tai-mien-bac-20267257330339.htm,
25/07/2026,vietnambiz.vn,Miền Trung - Tây Nguyên,Hà Tĩnh,63000,0.0,https://vietnambiz.vn/gia-heo-hoi-hom-nay-257-tiep-tuc-di-xuong-muc-63000-dongkg-duoc-ghi-nhan-tai-mien-bac-20267257330339.htm,
25/07/2026,vietnambiz.vn,Miền Trung - Tây Nguyên,Khánh Hoà,62000,0.0,https://vietnambiz.vn/gia-heo-hoi-hom-nay-257-tiep-tuc-di-xuong-muc-63000-dongkg-duoc-ghi-nhan-tai-mien-bac-20267257330339.htm,
25/07/2026,vietnambiz.vn,Miền Trung - Tây Nguyên,Lâm Đồng,63000,0.0,https://vietnambiz.vn/gia-heo-hoi-hom-nay-257-tiep-tuc-di-xuong-muc-63000-dongkg-duoc-ghi-nhan-tai-mien-bac-20267257330339.htm,
25/07/2026,vietnambiz.vn,Miền Trung - Tây Nguyên,Nghệ An,63000,0.0,https://vietnambiz.vn/gia-heo-hoi-hom-nay-257-tiep-tuc-di-xuong-muc-63000-dongkg-duoc-ghi-nhan-tai-mien-bac-20267257330339.htm,
25/07/2026,vietnambiz.vn,Miền Trung - Tây Nguyên,Quảng Ngãi,63000,0.0,https://vietnambiz.vn/gia-heo-hoi-hom-nay-257-tiep-tuc-di-xuong-muc-63000-dongkg-duoc-ghi-nhan-tai-mien-bac-20267257330339.htm,
25/07/2026,vietnambiz.vn,Miền Trung - Tây Nguyên,Quảng Trị,63000,-1000.0,https://vietnambiz.vn/gia-heo-hoi-hom-nay-257-tiep-tuc-di-xuong-muc-63000-dongkg-duoc-ghi-nhan-tai-mien-bac-20267257330339.htm,
25/07/2026,vietnambiz.vn,Miền Trung - Tây Nguyên,Thanh Hoá,63000,0.0,https://vietnambiz.vn/gia-heo-hoi-hom-nay-257-tiep-tuc-di-xuong-muc-63000-dongkg-duoc-ghi-nhan-tai-mien-bac-20267257330339.htm,
25/07/2026,vietnambiz.vn,Miền Trung - Tây Nguyên,Đà Nẵng,63000,0.0,https://vietnambiz.vn/gia-heo-hoi-hom-nay-257-tiep-tuc-di-xuong-muc-63000-dongkg-duoc-ghi-nhan-tai-mien-bac-20267257330339.htm,
25/07/2026,vietnambiz.vn,Miền Trung - Tây Nguyên,Đắk Lắk,63000,0.0,https://vietnambiz.vn/gia-heo-hoi-hom-nay-257-tiep-tuc-di-xuong-muc-63000-dongkg-duoc-ghi-nhan-tai-mien-bac-20267257330339.htm,
26/07/2026,nongnghiepmoitruong.vn,Miền Bắc,Bắc Ninh,65000,0.0,https://nongnghiepmoitruong.vn/gia-heo-hoi-hom-nay-26-7-2026-mot-tuan-bien-dong-trai-chieu-d823170.html,
26/07/2026,nongnghiepmoitruong.vn,Miền Bắc,Cao Bằng,65000,0.0,https://nongnghiepmoitruong.vn/gia-heo-hoi-hom-nay-26-7-2026-mot-tuan-bien-dong-trai-chieu-d823170.html,
26/07/2026,nongnghiepmoitruong.vn,Miền Bắc,Hà Nội,65000,0.0,https://nongnghiepmoitruong.vn/gia-heo-hoi-hom-nay-26-7-2026-mot-tuan-bien-dong-trai-chieu-d823170.html,
26/07/2026,nongnghiepmoitruong.vn,Miền Bắc,Hưng Yên,65000,0.0,https://nongnghiepmoitruong.vn/gia-heo-hoi-hom-nay-26-7-2026-mot-tuan-bien-dong-trai-chieu-d823170.html,
26/07/2026,nongnghiepmoitruong.vn,Miền Bắc,Hải Phòng,65000,0.0,https://nongnghiepmoitruong.vn/gia-heo-hoi-hom-nay-26-7-2026-mot-tuan-bien-dong-trai-chieu-d823170.html,
26/07/2026,nongnghiepmoitruong.vn,Miền Bắc,Lai Châu,64000,0.0,https://nongnghiepmoitruong.vn/gia-heo-hoi-hom-nay-26-7-2026-mot-tuan-bien-dong-trai-chieu-d823170.html,
26/07/2026,nongnghiepmoitruong.vn,Miền Bắc,Lào Cai,64000,0.0,https://nongnghiepmoitruong.vn/gia-heo-hoi-hom-nay-26-7-2026-mot-tuan-bien-dong-trai-chieu-d823170.html,
26/07/2026,nongnghiepmoitruong.vn,Miền Bắc,Lạng Sơn,65000,0.0,https://nongnghiepmoitruong.vn/gia-heo-hoi-hom-nay-26-7-2026-mot-tuan-bien-dong-trai-chieu-d823170.html,
26/07/2026,nongnghiepmoitruong.vn,Miền Bắc,Ninh Bình,63000,0.0,https://nongnghiepmoitruong.vn/gia-heo-hoi-hom-nay-26-7-2026-mot-tuan-bien-dong-trai-chieu-d823170.html,
26/07/2026,nongnghiepmoitruong.vn,Miền Bắc,Phú Thọ,65000,0.0,https://nongnghiepmoitruong.vn/gia-heo-hoi-hom-nay-26-7-2026-mot-tuan-bien-dong-trai-chieu-d823170.html,
26/07/2026,nongnghiepmoitruong.vn,Miền Bắc,Quảng Ninh,65000,0.0,https://nongnghiepmoitruong.vn/gia-heo-hoi-hom-nay-26-7-2026-mot-tuan-bien-dong-trai-chieu-d823170.html,
26/07/2026,nongnghiepmoitruong.vn,Miền Bắc,Sơn La,65000,0.0,https://nongnghiepmoitruong.vn/gia-heo-hoi-hom-nay-26-7-2026-mot-tuan-bien-dong-trai-chieu-d823170.html,
26/07/2026,nongnghiepmoitruong.vn,Miền Bắc,Thái Nguyên,65000,0.0,https://nongnghiepmoitruong.vn/gia-heo-hoi-hom-nay-26-7-2026-mot-tuan-bien-dong-trai-chieu-d823170.html,
26/07/2026,nongnghiepmoitruong.vn,Miền Bắc,Tuyên Quang,65000,0.0,https://nongnghiepmoitruong.vn/gia-heo-hoi-hom-nay-26-7-2026-mot-tuan-bien-dong-trai-chieu-d823170.html,
26/07/2026,nongnghiepmoitruong.vn,Miền Bắc,Điện Biên,65000,0.0,https://nongnghiepmoitruong.vn/gia-heo-hoi-hom-nay-26-7-2026-mot-tuan-bien-dong-trai-chieu-d823170.html,
26/07/2026,nongnghiepmoitruong.vn,Miền Nam,An Giang,62000,0.0,https://nongnghiepmoitruong.vn/gia-heo-hoi-hom-nay-26-7-2026-mot-tuan-bien-dong-trai-chieu-d823170.html,
26/07/2026,nongnghiepmoitruong.vn,Miền Nam,Cà Mau,62000,0.0,https://nongnghiepmoitruong.vn/gia-heo-hoi-hom-nay-26-7-2026-mot-tuan-bien-dong-trai-chieu-d823170.html,
26/07/2026,nongnghiepmoitruong.vn,Miền Nam,Cần Thơ,63000,0.0,https://nongnghiepmoitruong.vn/gia-heo-hoi-hom-nay-26-7-2026-mot-tuan-bien-dong-trai-chieu-d823170.html,
26/07/2026,nongnghiepmoitruong.vn,Miền Nam,TP.HCM,63000,0.0,https://nongnghiepmoitruong.vn/gia-heo-hoi-hom-nay-26-7-2026-mot-tuan-bien-dong-trai-chieu-d823170.html,
26/07/2026,nongnghiepmoitruong.vn,Miền Nam,Tây Ninh,63000,0.0,https://nongnghiepmoitruong.vn/gia-heo-hoi-hom-nay-26-7-2026-mot-tuan-bien-dong-trai-chieu-d823170.html,
26/07/2026,nongnghiepmoitruong.vn,Miền Nam,Vĩnh Long,63000,0.0,https://nongnghiepmoitruong.vn/gia-heo-hoi-hom-nay-26-7-2026-mot-tuan-bien-dong-trai-chieu-d823170.html,
26/07/2026,nongnghiepmoitruong.vn,Miền Nam,Đồng Nai,63000,0.0,https://nongnghiepmoitruong.vn/gia-heo-hoi-hom-nay-26-7-2026-mot-tuan-bien-dong-trai-chieu-d823170.html,
26/07/2026,nongnghiepmoitruong.vn,Miền Nam,Đồng Tháp,62000,0.0,https://nongnghiepmoitruong.vn/gia-heo-hoi-hom-nay-26-7-2026-mot-tuan-bien-dong-trai-chieu-d823170.html,
26/07/2026,nongnghiepmoitruong.vn,Miền Trung - Tây Nguyên,Gia Lai,63000,0.0,https://nongnghiepmoitruong.vn/gia-heo-hoi-hom-nay-26-7-2026-mot-tuan-bien-dong-trai-chieu-d823170.html,
26/07/2026,nongnghiepmoitruong.vn,Miền Trung - Tây Nguyên,Huế,63000,0.0,https://nongnghiepmoitruong.vn/gia-heo-hoi-hom-nay-26-7-2026-mot-tuan-bien-dong-trai-chieu-d823170.html,
26/07/2026,nongnghiepmoitruong.vn,Miền Trung - Tây Nguyên,Hà Tĩnh,63000,0.0,https://nongnghiepmoitruong.vn/gia-heo-hoi-hom-nay-26-7-2026-mot-tuan-bien-dong-trai-chieu-d823170.html,
26/07/2026,nongnghiepmoitruong.vn,Miền Trung - Tây Nguyên,Khánh Hòa,62000,0.0,https://nongnghiepmoitruong.vn/gia-heo-hoi-hom-nay-26-7-2026-mot-tuan-bien-dong-trai-chieu-d823170.html,
26/07/2026,nongnghiepmoitruong.vn,Miền Trung - Tây Nguyên,Lâm Đồng,63000,0.0,https://nongnghiepmoitruong.vn/gia-heo-hoi-hom-nay-26-7-2026-mot-tuan-bien-dong-trai-chieu-d823170.html,
26/07/2026,nongnghiepmoitruong.vn,Miền Trung - Tây Nguyên,Nghệ An,63000,0.0,https://nongnghiepmoitruong.vn/gia-heo-hoi-hom-nay-26-7-2026-mot-tuan-bien-dong-trai-chieu-d823170.html,
26/07/2026,nongnghiepmoitruong.vn,Miền Trung - Tây Nguyên,Quảng Ngãi,63000,0.0,https://nongnghiepmoitruong.vn/gia-heo-hoi-hom-nay-26-7-2026-mot-tuan-bien-dong-trai-chieu-d823170.html,
26/07/2026,nongnghiepmoitruong.vn,Miền Trung - Tây Nguyên,Quảng Trị,63000,0.0,https://nongnghiepmoitruong.vn/gia-heo-hoi-hom-nay-26-7-2026-mot-tuan-bien-dong-trai-chieu-d823170.html,
26/07/2026,nongnghiepmoitruong.vn,Miền Trung - Tây Nguyên,Thanh Hóa,63000,0.0,https://nongnghiepmoitruong.vn/gia-heo-hoi-hom-nay-26-7-2026-mot-tuan-bien-dong-trai-chieu-d823170.html,
26/07/2026,nongnghiepmoitruong.vn,Miền Trung - Tây Nguyên,Đà Nẵng,63000,0.0,https://nongnghiepmoitruong.vn/gia-heo-hoi-hom-nay-26-7-2026-mot-tuan-bien-dong-trai-chieu-d823170.html,
26/07/2026,nongnghiepmoitruong.vn,Miền Trung - Tây Nguyên,Đắk Lắk,63000,0.0,https://nongnghiepmoitruong.vn/gia-heo-hoi-hom-nay-26-7-2026-mot-tuan-bien-dong-trai-chieu-d823170.html,
26/07/2026,vietnambiz.vn,Miền Bắc,Bắc Ninh,65000,0.0,https://vietnambiz.vn/gia-heo-hoi-hom-nay-267-lien-tuc-giam-trong-tuan-qua-thi-truong-giao-dich-trong-khoang-62000-65000-dongkg-2026726101222164.htm,
26/07/2026,vietnambiz.vn,Miền Bắc,Cao Bằng,65000,0.0,https://vietnambiz.vn/gia-heo-hoi-hom-nay-267-lien-tuc-giam-trong-tuan-qua-thi-truong-giao-dich-trong-khoang-62000-65000-dongkg-2026726101222164.htm,
26/07/2026,vietnambiz.vn,Miền Bắc,Hà Nội,65000,0.0,https://vietnambiz.vn/gia-heo-hoi-hom-nay-267-lien-tuc-giam-trong-tuan-qua-thi-truong-giao-dich-trong-khoang-62000-65000-dongkg-2026726101222164.htm,
26/07/2026,vietnambiz.vn,Miền Bắc,Hưng Yên,65000,0.0,https://vietnambiz.vn/gia-heo-hoi-hom-nay-267-lien-tuc-giam-trong-tuan-qua-thi-truong-giao-dich-trong-khoang-62000-65000-dongkg-2026726101222164.htm,
26/07/2026,vietnambiz.vn,Miền Bắc,Hải Phòng,65000,0.0,https://vietnambiz.vn/gia-heo-hoi-hom-nay-267-lien-tuc-giam-trong-tuan-qua-thi-truong-giao-dich-trong-khoang-62000-65000-dongkg-2026726101222164.htm,
26/07/2026,vietnambiz.vn,Miền Bắc,Lai Châu,64000,0.0,https://vietnambiz.vn/gia-heo-hoi-hom-nay-267-lien-tuc-giam-trong-tuan-qua-thi-truong-giao-dich-trong-khoang-62000-65000-dongkg-2026726101222164.htm,
26/07/2026,vietnambiz.vn,Miền Bắc,Lào Cai,64000,0.0,https://vietnambiz.vn/gia-heo-hoi-hom-nay-267-lien-tuc-giam-trong-tuan-qua-thi-truong-giao-dich-trong-khoang-62000-65000-dongkg-2026726101222164.htm,
26/07/2026,vietnambiz.vn,Miền Bắc,Lạng Sơn,65000,0.0,https://vietnambiz.vn/gia-heo-hoi-hom-nay-267-lien-tuc-giam-trong-tuan-qua-thi-truong-giao-dich-trong-khoang-62000-65000-dongkg-2026726101222164.htm,
26/07/2026,vietnambiz.vn,Miền Bắc,Ninh Bình,63000,0.0,https://vietnambiz.vn/gia-heo-hoi-hom-nay-267-lien-tuc-giam-trong-tuan-qua-thi-truong-giao-dich-trong-khoang-62000-65000-dongkg-2026726101222164.htm,
26/07/2026,vietnambiz.vn,Miền Bắc,Phú Thọ,65000,0.0,https://vietnambiz.vn/gia-heo-hoi-hom-nay-267-lien-tuc-giam-trong-tuan-qua-thi-truong-giao-dich-trong-khoang-62000-65000-dongkg-2026726101222164.htm,
26/07/2026,vietnambiz.vn,Miền Bắc,Quảng Ninh,65000,0.0,https://vietnambiz.vn/gia-heo-hoi-hom-nay-267-lien-tuc-giam-trong-tuan-qua-thi-truong-giao-dich-trong-khoang-62000-65000-dongkg-2026726101222164.htm,
26/07/2026,vietnambiz.vn,Miền Bắc,Sơn La,65000,0.0,https://vietnambiz.vn/gia-heo-hoi-hom-nay-267-lien-tuc-giam-trong-tuan-qua-thi-truong-giao-dich-trong-khoang-62000-65000-dongkg-2026726101222164.htm,
26/07/2026,vietnambiz.vn,Miền Bắc,Thái Nguyên,65000,0.0,https://vietnambiz.vn/gia-heo-hoi-hom-nay-267-lien-tuc-giam-trong-tuan-qua-thi-truong-giao-dich-trong-khoang-62000-65000-dongkg-2026726101222164.htm,
26/07/2026,vietnambiz.vn,Miền Bắc,Tuyên Quang,65000,0.0,https://vietnambiz.vn/gia-heo-hoi-hom-nay-267-lien-tuc-giam-trong-tuan-qua-thi-truong-giao-dich-trong-khoang-62000-65000-dongkg-2026726101222164.htm,
26/07/2026,vietnambiz.vn,Miền Bắc,Điện Biên,65000,0.0,https://vietnambiz.vn/gia-heo-hoi-hom-nay-267-lien-tuc-giam-trong-tuan-qua-thi-truong-giao-dich-trong-khoang-62000-65000-dongkg-2026726101222164.htm,
26/07/2026,vietnambiz.vn,Miền Nam,An Giang,62000,0.0,https://vietnambiz.vn/gia-heo-hoi-hom-nay-267-lien-tuc-giam-trong-tuan-qua-thi-truong-giao-dich-trong-khoang-62000-65000-dongkg-2026726101222164.htm,
26/07/2026,vietnambiz.vn,Miền Nam,Cà Mau,62000,0.0,https://vietnambiz.vn/gia-heo-hoi-hom-nay-267-lien-tuc-giam-trong-tuan-qua-thi-truong-giao-dich-trong-khoang-62000-65000-dongkg-2026726101222164.htm,
26/07/2026,vietnambiz.vn,Miền Nam,Cần Thơ,63000,0.0,https://vietnambiz.vn/gia-heo-hoi-hom-nay-267-lien-tuc-giam-trong-tuan-qua-thi-truong-giao-dich-trong-khoang-62000-65000-dongkg-2026726101222164.htm,
26/07/2026,vietnambiz.vn,Miền Nam,TP HCM,63000,0.0,https://vietnambiz.vn/gia-heo-hoi-hom-nay-267-lien-tuc-giam-trong-tuan-qua-thi-truong-giao-dich-trong-khoang-62000-65000-dongkg-2026726101222164.htm,
26/07/2026,vietnambiz.vn,Miền Nam,Tây Ninh,63000,0.0,https://vietnambiz.vn/gia-heo-hoi-hom-nay-267-lien-tuc-giam-trong-tuan-qua-thi-truong-giao-dich-trong-khoang-62000-65000-dongkg-2026726101222164.htm,
26/07/2026,vietnambiz.vn,Miền Nam,Vĩnh Long,63000,0.0,https://vietnambiz.vn/gia-heo-hoi-hom-nay-267-lien-tuc-giam-trong-tuan-qua-thi-truong-giao-dich-trong-khoang-62000-65000-dongkg-2026726101222164.htm,
26/07/2026,vietnambiz.vn,Miền Nam,Đồng Nai,63000,0.0,https://vietnambiz.vn/gia-heo-hoi-hom-nay-267-lien-tuc-giam-trong-tuan-qua-thi-truong-giao-dich-trong-khoang-62000-65000-dongkg-2026726101222164.htm,
26/07/2026,vietnambiz.vn,Miền Nam,Đồng Tháp,62000,0.0,https://vietnambiz.vn/gia-heo-hoi-hom-nay-267-lien-tuc-giam-trong-tuan-qua-thi-truong-giao-dich-trong-khoang-62000-65000-dongkg-2026726101222164.htm,
26/07/2026,vietnambiz.vn,Miền Trung - Tây Nguyên,Gia Lai,63000,0.0,https://vietnambiz.vn/gia-heo-hoi-hom-nay-267-lien-tuc-giam-trong-tuan-qua-thi-truong-giao-dich-trong-khoang-62000-65000-dongkg-2026726101222164.htm,
26/07/2026,vietnambiz.vn,Miền Trung - Tây Nguyên,Huế,63000,0.0,https://vietnambiz.vn/gia-heo-hoi-hom-nay-267-lien-tuc-giam-trong-tuan-qua-thi-truong-giao-dich-trong-khoang-62000-65000-dongkg-2026726101222164.htm,
26/07/2026,vietnambiz.vn,Miền Trung - Tây Nguyên,Hà Tĩnh,63000,0.0,https://vietnambiz.vn/gia-heo-hoi-hom-nay-267-lien-tuc-giam-trong-tuan-qua-thi-truong-giao-dich-trong-khoang-62000-65000-dongkg-2026726101222164.htm,
26/07/2026,vietnambiz.vn,Miền Trung - Tây Nguyên,Khánh Hoà,62000,0.0,https://vietnambiz.vn/gia-heo-hoi-hom-nay-267-lien-tuc-giam-trong-tuan-qua-thi-truong-giao-dich-trong-khoang-62000-65000-dongkg-2026726101222164.htm,
26/07/2026,vietnambiz.vn,Miền Trung - Tây Nguyên,Lâm Đồng,63000,0.0,https://vietnambiz.vn/gia-heo-hoi-hom-nay-267-lien-tuc-giam-trong-tuan-qua-thi-truong-giao-dich-trong-khoang-62000-65000-dongkg-2026726101222164.htm,
26/07/2026,vietnambiz.vn,Miền Trung - Tây Nguyên,Nghệ An,63000,0.0,https://vietnambiz.vn/gia-heo-hoi-hom-nay-267-lien-tuc-giam-trong-tuan-qua-thi-truong-giao-dich-trong-khoang-62000-65000-dongkg-2026726101222164.htm,
26/07/2026,vietnambiz.vn,Miền Trung - Tây Nguyên,Quảng Ngãi,63000,0.0,https://vietnambiz.vn/gia-heo-hoi-hom-nay-267-lien-tuc-giam-trong-tuan-qua-thi-truong-giao-dich-trong-khoang-62000-65000-dongkg-2026726101222164.htm,
26/07/2026,vietnambiz.vn,Miền Trung - Tây Nguyên,Quảng Trị,63000,0.0,https://vietnambiz.vn/gia-heo-hoi-hom-nay-267-lien-tuc-giam-trong-tuan-qua-thi-truong-giao-dich-trong-khoang-62000-65000-dongkg-2026726101222164.htm,
26/07/2026,vietnambiz.vn,Miền Trung - Tây Nguyên,Thanh Hoá,63000,0.0,https://vietnambiz.vn/gia-heo-hoi-hom-nay-267-lien-tuc-giam-trong-tuan-qua-thi-truong-giao-dich-trong-khoang-62000-65000-dongkg-2026726101222164.htm,
26/07/2026,vietnambiz.vn,Miền Trung - Tây Nguyên,Đà Nẵng,63000,0.0,https://vietnambiz.vn/gia-heo-hoi-hom-nay-267-lien-tuc-giam-trong-tuan-qua-thi-truong-giao-dich-trong-khoang-62000-65000-dongkg-2026726101222164.htm,
26/07/2026,vietnambiz.vn,Miền Trung - Tây Nguyên,Đắk Lắk,63000,0.0,https://vietnambiz.vn/gia-heo-hoi-hom-nay-267-lien-tuc-giam-trong-tuan-qua-thi-truong-giao-dich-trong-khoang-62000-65000-dongkg-2026726101222164.htm,
27/07/2026,nongnghiepmoitruong.vn,Miền Bắc,Bắc Ninh,65000,0.0,https://nongnghiepmoitruong.vn/gia-heo-hoi-hom-nay-27-7-2026-nhieu-noi-giam-them-1000-dong-d823243.html,
27/07/2026,nongnghiepmoitruong.vn,Miền Bắc,Cao Bằng,64000,-1000.0,https://nongnghiepmoitruong.vn/gia-heo-hoi-hom-nay-27-7-2026-nhieu-noi-giam-them-1000-dong-d823243.html,
27/07/2026,nongnghiepmoitruong.vn,Miền Bắc,Hà Nội,65000,0.0,https://nongnghiepmoitruong.vn/gia-heo-hoi-hom-nay-27-7-2026-nhieu-noi-giam-them-1000-dong-d823243.html,
27/07/2026,nongnghiepmoitruong.vn,Miền Bắc,Hưng Yên,65000,0.0,https://nongnghiepmoitruong.vn/gia-heo-hoi-hom-nay-27-7-2026-nhieu-noi-giam-them-1000-dong-d823243.html,
27/07/2026,nongnghiepmoitruong.vn,Miền Bắc,Hải Phòng,65000,0.0,https://nongnghiepmoitruong.vn/gia-heo-hoi-hom-nay-27-7-2026-nhieu-noi-giam-them-1000-dong-d823243.html,
27/07/2026,nongnghiepmoitruong.vn,Miền Bắc,Lai Châu,64000,0.0,https://nongnghiepmoitruong.vn/gia-heo-hoi-hom-nay-27-7-2026-nhieu-noi-giam-them-1000-dong-d823243.html,
27/07/2026,nongnghiepmoitruong.vn,Miền Bắc,Lào Cai,64000,0.0,https://nongnghiepmoitruong.vn/gia-heo-hoi-hom-nay-27-7-2026-nhieu-noi-giam-them-1000-dong-d823243.html,
27/07/2026,nongnghiepmoitruong.vn,Miền Bắc,Lạng Sơn,64000,-1000.0,https://nongnghiepmoitruong.vn/gia-heo-hoi-hom-nay-27-7-2026-nhieu-noi-giam-them-1000-dong-d823243.html,
27/07/2026,nongnghiepmoitruong.vn,Miền Bắc,Ninh Bình,64000,1000.0,https://nongnghiepmoitruong.vn/gia-heo-hoi-hom-nay-27-7-2026-nhieu-noi-giam-them-1000-dong-d823243.html,
27/07/2026,nongnghiepmoitruong.vn,Miền Bắc,Phú Thọ,64000,-1000.0,https://nongnghiepmoitruong.vn/gia-heo-hoi-hom-nay-27-7-2026-nhieu-noi-giam-them-1000-dong-d823243.html,
27/07/2026,nongnghiepmoitruong.vn,Miền Bắc,Quảng Ninh,65000,0.0,https://nongnghiepmoitruong.vn/gia-heo-hoi-hom-nay-27-7-2026-nhieu-noi-giam-them-1000-dong-d823243.html,
27/07/2026,nongnghiepmoitruong.vn,Miền Bắc,Sơn La,64000,-1000.0,https://nongnghiepmoitruong.vn/gia-heo-hoi-hom-nay-27-7-2026-nhieu-noi-giam-them-1000-dong-d823243.html,
27/07/2026,nongnghiepmoitruong.vn,Miền Bắc,Thái Nguyên,65000,0.0,https://nongnghiepmoitruong.vn/gia-heo-hoi-hom-nay-27-7-2026-nhieu-noi-giam-them-1000-dong-d823243.html,
27/07/2026,nongnghiepmoitruong.vn,Miền Bắc,Tuyên Quang,64000,-1000.0,https://nongnghiepmoitruong.vn/gia-heo-hoi-hom-nay-27-7-2026-nhieu-noi-giam-them-1000-dong-d823243.html,
27/07/2026,nongnghiepmoitruong.vn,Miền Bắc,Điện Biên,64000,-1000.0,https://nongnghiepmoitruong.vn/gia-heo-hoi-hom-nay-27-7-2026-nhieu-noi-giam-them-1000-dong-d823243.html,
27/07/2026,nongnghiepmoitruong.vn,Miền Nam,An Giang,62000,0.0,https://nongnghiepmoitruong.vn/gia-heo-hoi-hom-nay-27-7-2026-nhieu-noi-giam-them-1000-dong-d823243.html,
27/07/2026,nongnghiepmoitruong.vn,Miền Nam,Cà Mau,62000,0.0,https://nongnghiepmoitruong.vn/gia-heo-hoi-hom-nay-27-7-2026-nhieu-noi-giam-them-1000-dong-d823243.html,
27/07/2026,nongnghiepmoitruong.vn,Miền Nam,Cần Thơ,63000,0.0,https://nongnghiepmoitruong.vn/gia-heo-hoi-hom-nay-27-7-2026-nhieu-noi-giam-them-1000-dong-d823243.html,
27/07/2026,nongnghiepmoitruong.vn,Miền Nam,TP.HCM,62000,-1000.0,https://nongnghiepmoitruong.vn/gia-heo-hoi-hom-nay-27-7-2026-nhieu-noi-giam-them-1000-dong-d823243.html,
27/07/2026,nongnghiepmoitruong.vn,Miền Nam,Tây Ninh,62000,-1000.0,https://nongnghiepmoitruong.vn/gia-heo-hoi-hom-nay-27-7-2026-nhieu-noi-giam-them-1000-dong-d823243.html,
27/07/2026,nongnghiepmoitruong.vn,Miền Nam,Vĩnh Long,62000,-1000.0,https://nongnghiepmoitruong.vn/gia-heo-hoi-hom-nay-27-7-2026-nhieu-noi-giam-them-1000-dong-d823243.html,
27/07/2026,nongnghiepmoitruong.vn,Miền Nam,Đồng Nai,63000,0.0,https://nongnghiepmoitruong.vn/gia-heo-hoi-hom-nay-27-7-2026-nhieu-noi-giam-them-1000-dong-d823243.html,
27/07/2026,nongnghiepmoitruong.vn,Miền Nam,Đồng Tháp,61000,-1000.0,https://nongnghiepmoitruong.vn/gia-heo-hoi-hom-nay-27-7-2026-nhieu-noi-giam-them-1000-dong-d823243.html,
27/07/2026,nongnghiepmoitruong.vn,Miền Trung - Tây Nguyên,Gia Lai,63000,0.0,https://nongnghiepmoitruong.vn/gia-heo-hoi-hom-nay-27-7-2026-nhieu-noi-giam-them-1000-dong-d823243.html,
27/07/2026,nongnghiepmoitruong.vn,Miền Trung - Tây Nguyên,Huế,63000,0.0,https://nongnghiepmoitruong.vn/gia-heo-hoi-hom-nay-27-7-2026-nhieu-noi-giam-them-1000-dong-d823243.html,
27/07/2026,nongnghiepmoitruong.vn,Miền Trung - Tây Nguyên,Hà Tĩnh,63000,0.0,https://nongnghiepmoitruong.vn/gia-heo-hoi-hom-nay-27-7-2026-nhieu-noi-giam-them-1000-dong-d823243.html,
27/07/2026,nongnghiepmoitruong.vn,Miền Trung - Tây Nguyên,Khánh Hòa,62000,0.0,https://nongnghiepmoitruong.vn/gia-heo-hoi-hom-nay-27-7-2026-nhieu-noi-giam-them-1000-dong-d823243.html,
27/07/2026,nongnghiepmoitruong.vn,Miền Trung - Tây Nguyên,Lâm Đồng,62000,-1000.0,https://nongnghiepmoitruong.vn/gia-heo-hoi-hom-nay-27-7-2026-nhieu-noi-giam-them-1000-dong-d823243.html,
27/07/2026,nongnghiepmoitruong.vn,Miền Trung - Tây Nguyên,Nghệ An,63000,0.0,https://nongnghiepmoitruong.vn/gia-heo-hoi-hom-nay-27-7-2026-nhieu-noi-giam-them-1000-dong-d823243.html,
27/07/2026,nongnghiepmoitruong.vn,Miền Trung - Tây Nguyên,Quảng Ngãi,62000,-1000.0,https://nongnghiepmoitruong.vn/gia-heo-hoi-hom-nay-27-7-2026-nhieu-noi-giam-them-1000-dong-d823243.html,
27/07/2026,nongnghiepmoitruong.vn,Miền Trung - Tây Nguyên,Quảng Trị,63000,0.0,https://nongnghiepmoitruong.vn/gia-heo-hoi-hom-nay-27-7-2026-nhieu-noi-giam-them-1000-dong-d823243.html,
27/07/2026,nongnghiepmoitruong.vn,Miền Trung - Tây Nguyên,Thanh Hóa,63000,0.0,https://nongnghiepmoitruong.vn/gia-heo-hoi-hom-nay-27-7-2026-nhieu-noi-giam-them-1000-dong-d823243.html,
27/07/2026,nongnghiepmoitruong.vn,Miền Trung - Tây Nguyên,Đà Nẵng,62000,-1000.0,https://nongnghiepmoitruong.vn/gia-heo-hoi-hom-nay-27-7-2026-nhieu-noi-giam-them-1000-dong-d823243.html,
27/07/2026,nongnghiepmoitruong.vn,Miền Trung - Tây Nguyên,Đắk Lắk,62000,-1000.0,https://nongnghiepmoitruong.vn/gia-heo-hoi-hom-nay-27-7-2026-nhieu-noi-giam-them-1000-dong-d823243.html,
27/07/2026,vietnambiz.vn,Miền Bắc,Bắc Ninh,65000,0.0,https://vietnambiz.vn/gia-heo-hoi-hom-nay-277-ba-mien-giu-da-giam-co-noi-xuong-muc-61000-dongkg-20267277146751.htm,
27/07/2026,vietnambiz.vn,Miền Bắc,Cao Bằng,64000,-1000.0,https://vietnambiz.vn/gia-heo-hoi-hom-nay-277-ba-mien-giu-da-giam-co-noi-xuong-muc-61000-dongkg-20267277146751.htm,
27/07/2026,vietnambiz.vn,Miền Bắc,Hà Nội,65000,0.0,https://vietnambiz.vn/gia-heo-hoi-hom-nay-277-ba-mien-giu-da-giam-co-noi-xuong-muc-61000-dongkg-20267277146751.htm,
27/07/2026,vietnambiz.vn,Miền Bắc,Hưng Yên,65000,0.0,https://vietnambiz.vn/gia-heo-hoi-hom-nay-277-ba-mien-giu-da-giam-co-noi-xuong-muc-61000-dongkg-20267277146751.htm,
27/07/2026,vietnambiz.vn,Miền Bắc,Hải Phòng,65000,0.0,https://vietnambiz.vn/gia-heo-hoi-hom-nay-277-ba-mien-giu-da-giam-co-noi-xuong-muc-61000-dongkg-20267277146751.htm,
27/07/2026,vietnambiz.vn,Miền Bắc,Lai Châu,64000,0.0,https://vietnambiz.vn/gia-heo-hoi-hom-nay-277-ba-mien-giu-da-giam-co-noi-xuong-muc-61000-dongkg-20267277146751.htm,
27/07/2026,vietnambiz.vn,Miền Bắc,Lào Cai,64000,0.0,https://vietnambiz.vn/gia-heo-hoi-hom-nay-277-ba-mien-giu-da-giam-co-noi-xuong-muc-61000-dongkg-20267277146751.htm,
27/07/2026,vietnambiz.vn,Miền Bắc,Lạng Sơn,64000,-1000.0,https://vietnambiz.vn/gia-heo-hoi-hom-nay-277-ba-mien-giu-da-giam-co-noi-xuong-muc-61000-dongkg-20267277146751.htm,
27/07/2026,vietnambiz.vn,Miền Bắc,Ninh Bình,63000,0.0,https://vietnambiz.vn/gia-heo-hoi-hom-nay-277-ba-mien-giu-da-giam-co-noi-xuong-muc-61000-dongkg-20267277146751.htm,
27/07/2026,vietnambiz.vn,Miền Bắc,Phú Thọ,64000,-1000.0,https://vietnambiz.vn/gia-heo-hoi-hom-nay-277-ba-mien-giu-da-giam-co-noi-xuong-muc-61000-dongkg-20267277146751.htm,
27/07/2026,vietnambiz.vn,Miền Bắc,Quảng Ninh,65000,0.0,https://vietnambiz.vn/gia-heo-hoi-hom-nay-277-ba-mien-giu-da-giam-co-noi-xuong-muc-61000-dongkg-20267277146751.htm,
27/07/2026,vietnambiz.vn,Miền Bắc,Sơn La,64000,-1000.0,https://vietnambiz.vn/gia-heo-hoi-hom-nay-277-ba-mien-giu-da-giam-co-noi-xuong-muc-61000-dongkg-20267277146751.htm,
27/07/2026,vietnambiz.vn,Miền Bắc,Thái Nguyên,65000,0.0,https://vietnambiz.vn/gia-heo-hoi-hom-nay-277-ba-mien-giu-da-giam-co-noi-xuong-muc-61000-dongkg-20267277146751.htm,
27/07/2026,vietnambiz.vn,Miền Bắc,Tuyên Quang,64000,-1000.0,https://vietnambiz.vn/gia-heo-hoi-hom-nay-277-ba-mien-giu-da-giam-co-noi-xuong-muc-61000-dongkg-20267277146751.htm,
27/07/2026,vietnambiz.vn,Miền Bắc,Điện Biên,64000,-1000.0,https://vietnambiz.vn/gia-heo-hoi-hom-nay-277-ba-mien-giu-da-giam-co-noi-xuong-muc-61000-dongkg-20267277146751.htm,
27/07/2026,vietnambiz.vn,Miền Nam,An Giang,62000,0.0,https://vietnambiz.vn/gia-heo-hoi-hom-nay-277-ba-mien-giu-da-giam-co-noi-xuong-muc-61000-dongkg-20267277146751.htm,
27/07/2026,vietnambiz.vn,Miền Nam,Cà Mau,62000,0.0,https://vietnambiz.vn/gia-heo-hoi-hom-nay-277-ba-mien-giu-da-giam-co-noi-xuong-muc-61000-dongkg-20267277146751.htm,
27/07/2026,vietnambiz.vn,Miền Nam,Cần Thơ,62000,-1000.0,https://vietnambiz.vn/gia-heo-hoi-hom-nay-277-ba-mien-giu-da-giam-co-noi-xuong-muc-61000-dongkg-20267277146751.htm,
27/07/2026,vietnambiz.vn,Miền Nam,TP HCM,62000,-1000.0,https://vietnambiz.vn/gia-heo-hoi-hom-nay-277-ba-mien-giu-da-giam-co-noi-xuong-muc-61000-dongkg-20267277146751.htm,
27/07/2026,vietnambiz.vn,Miền Nam,Tây Ninh,62000,-1000.0,https://vietnambiz.vn/gia-heo-hoi-hom-nay-277-ba-mien-giu-da-giam-co-noi-xuong-muc-61000-dongkg-20267277146751.htm,
27/07/2026,vietnambiz.vn,Miền Nam,Vĩnh Long,62000,-1000.0,https://vietnambiz.vn/gia-heo-hoi-hom-nay-277-ba-mien-giu-da-giam-co-noi-xuong-muc-61000-dongkg-20267277146751.htm,
27/07/2026,vietnambiz.vn,Miền Nam,Đồng Nai,63000,0.0,https://vietnambiz.vn/gia-heo-hoi-hom-nay-277-ba-mien-giu-da-giam-co-noi-xuong-muc-61000-dongkg-20267277146751.htm,
27/07/2026,vietnambiz.vn,Miền Nam,Đồng Tháp,61000,-1000.0,https://vietnambiz.vn/gia-heo-hoi-hom-nay-277-ba-mien-giu-da-giam-co-noi-xuong-muc-61000-dongkg-20267277146751.htm,
27/07/2026,vietnambiz.vn,Miền Trung - Tây Nguyên,Gia Lai,63000,0.0,https://vietnambiz.vn/gia-heo-hoi-hom-nay-277-ba-mien-giu-da-giam-co-noi-xuong-muc-61000-dongkg-20267277146751.htm,
27/07/2026,vietnambiz.vn,Miền Trung - Tây Nguyên,Huế,63000,0.0,https://vietnambiz.vn/gia-heo-hoi-hom-nay-277-ba-mien-giu-da-giam-co-noi-xuong-muc-61000-dongkg-20267277146751.htm,
27/07/2026,vietnambiz.vn,Miền Trung - Tây Nguyên,Hà Tĩnh,63000,0.0,https://vietnambiz.vn/gia-heo-hoi-hom-nay-277-ba-mien-giu-da-giam-co-noi-xuong-muc-61000-dongkg-20267277146751.htm,
27/07/2026,vietnambiz.vn,Miền Trung - Tây Nguyên,Khánh Hoà,62000,0.0,https://vietnambiz.vn/gia-heo-hoi-hom-nay-277-ba-mien-giu-da-giam-co-noi-xuong-muc-61000-dongkg-20267277146751.htm,
27/07/2026,vietnambiz.vn,Miền Trung - Tây Nguyên,Lâm Đồng,62000,-1000.0,https://vietnambiz.vn/gia-heo-hoi-hom-nay-277-ba-mien-giu-da-giam-co-noi-xuong-muc-61000-dongkg-20267277146751.htm,
27/07/2026,vietnambiz.vn,Miền Trung - Tây Nguyên,Nghệ An,63000,0.0,https://vietnambiz.vn/gia-heo-hoi-hom-nay-277-ba-mien-giu-da-giam-co-noi-xuong-muc-61000-dongkg-20267277146751.htm,
27/07/2026,vietnambiz.vn,Miền Trung - Tây Nguyên,Quảng Ngãi,62000,-1000.0,https://vietnambiz.vn/gia-heo-hoi-hom-nay-277-ba-mien-giu-da-giam-co-noi-xuong-muc-61000-dongkg-20267277146751.htm,
27/07/2026,vietnambiz.vn,Miền Trung - Tây Nguyên,Quảng Trị,63000,0.0,https://vietnambiz.vn/gia-heo-hoi-hom-nay-277-ba-mien-giu-da-giam-co-noi-xuong-muc-61000-dongkg-20267277146751.htm,
27/07/2026,vietnambiz.vn,Miền Trung - Tây Nguyên,Thanh Hoá,63000,0.0,https://vietnambiz.vn/gia-heo-hoi-hom-nay-277-ba-mien-giu-da-giam-co-noi-xuong-muc-61000-dongkg-20267277146751.htm,
27/07/2026,vietnambiz.vn,Miền Trung - Tây Nguyên,Đà Nẵng,62000,-1000.0,https://vietnambiz.vn/gia-heo-hoi-hom-nay-277-ba-mien-giu-da-giam-co-noi-xuong-muc-61000-dongkg-20267277146751.htm,
27/07/2026,vietnambiz.vn,Miền Trung - Tây Nguyên,Đắk Lắk,62000,-1000.0,https://vietnambiz.vn/gia-heo-hoi-hom-nay-277-ba-mien-giu-da-giam-co-noi-xuong-muc-61000-dongkg-20267277146751.htm,
27/07/2026,vinanet.vn,Miền Bắc,Bắc Ninh,65000,,https://vinanet.vn/nong-san/gia-heo-hoi-hom-nay-277-ca-nuoc-dao-dong-6200065000-dongkg-811323.html,
27/07/2026,vinanet.vn,Miền Bắc,Cao Bằng,65000,,https://vinanet.vn/nong-san/gia-heo-hoi-hom-nay-277-ca-nuoc-dao-dong-6200065000-dongkg-811323.html,
27/07/2026,vinanet.vn,Miền Bắc,Hà Nội,65000,,https://vinanet.vn/nong-san/gia-heo-hoi-hom-nay-277-ca-nuoc-dao-dong-6200065000-dongkg-811323.html,
27/07/2026,vinanet.vn,Miền Bắc,Hải Phòng,65000,,https://vinanet.vn/nong-san/gia-heo-hoi-hom-nay-277-ca-nuoc-dao-dong-6200065000-dongkg-811323.html,
27/07/2026,vinanet.vn,Miền Bắc,Lai Châu,64000,,https://vinanet.vn/nong-san/gia-heo-hoi-hom-nay-277-ca-nuoc-dao-dong-6200065000-dongkg-811323.html,
27/07/2026,vinanet.vn,Miền Bắc,Lào Cai,64000,,https://vinanet.vn/nong-san/gia-heo-hoi-hom-nay-277-ca-nuoc-dao-dong-6200065000-dongkg-811323.html,
27/07/2026,vinanet.vn,Miền Bắc,Lạng Sơn,65000,,https://vinanet.vn/nong-san/gia-heo-hoi-hom-nay-277-ca-nuoc-dao-dong-6200065000-dongkg-811323.html,
27/07/2026,vinanet.vn,Miền Bắc,Ninh Bình,63000,,https://vinanet.vn/nong-san/gia-heo-hoi-hom-nay-277-ca-nuoc-dao-dong-6200065000-dongkg-811323.html,
27/07/2026,vinanet.vn,Miền Bắc,Phú Thọ,65000,,https://vinanet.vn/nong-san/gia-heo-hoi-hom-nay-277-ca-nuoc-dao-dong-6200065000-dongkg-811323.html,
27/07/2026,vinanet.vn,Miền Bắc,Quảng Ninh,65000,,https://vinanet.vn/nong-san/gia-heo-hoi-hom-nay-277-ca-nuoc-dao-dong-6200065000-dongkg-811323.html,
27/07/2026,vinanet.vn,Miền Bắc,Sơn La,65000,,https://vinanet.vn/nong-san/gia-heo-hoi-hom-nay-277-ca-nuoc-dao-dong-6200065000-dongkg-811323.html,
27/07/2026,vinanet.vn,Miền Bắc,Thái Nguyên,65000,,https://vinanet.vn/nong-san/gia-heo-hoi-hom-nay-277-ca-nuoc-dao-dong-6200065000-dongkg-811323.html,
27/07/2026,vinanet.vn,Miền Bắc,Tuyên Quang,65000,,https://vinanet.vn/nong-san/gia-heo-hoi-hom-nay-277-ca-nuoc-dao-dong-6200065000-dongkg-811323.html,
27/07/2026,vinanet.vn,Miền Bắc,Điện Biên,65000,,https://vinanet.vn/nong-san/gia-heo-hoi-hom-nay-277-ca-nuoc-dao-dong-6200065000-dongkg-811323.html,
27/07/2026,vinanet.vn,Miền Nam,An Giang,62000,,https://vinanet.vn/nong-san/gia-heo-hoi-hom-nay-277-ca-nuoc-dao-dong-6200065000-dongkg-811323.html,
27/07/2026,vinanet.vn,Miền Nam,Cà Mau,62000,,https://vinanet.vn/nong-san/gia-heo-hoi-hom-nay-277-ca-nuoc-dao-dong-6200065000-dongkg-811323.html,
27/07/2026,vinanet.vn,Miền Nam,Cần Thơ,63000,,https://vinanet.vn/nong-san/gia-heo-hoi-hom-nay-277-ca-nuoc-dao-dong-6200065000-dongkg-811323.html,
27/07/2026,vinanet.vn,Miền Nam,TP.HCM,63000,,https://vinanet.vn/nong-san/gia-heo-hoi-hom-nay-277-ca-nuoc-dao-dong-6200065000-dongkg-811323.html,
27/07/2026,vinanet.vn,Miền Nam,Tây Ninh,63000,,https://vinanet.vn/nong-san/gia-heo-hoi-hom-nay-277-ca-nuoc-dao-dong-6200065000-dongkg-811323.html,
27/07/2026,vinanet.vn,Miền Nam,Vĩnh Long,63000,,https://vinanet.vn/nong-san/gia-heo-hoi-hom-nay-277-ca-nuoc-dao-dong-6200065000-dongkg-811323.html,
27/07/2026,vinanet.vn,Miền Nam,Đồng Nai,63000,,https://vinanet.vn/nong-san/gia-heo-hoi-hom-nay-277-ca-nuoc-dao-dong-6200065000-dongkg-811323.html,
27/07/2026,vinanet.vn,Miền Nam,Đồng Tháp,62000,,https://vinanet.vn/nong-san/gia-heo-hoi-hom-nay-277-ca-nuoc-dao-dong-6200065000-dongkg-811323.html,
27/07/2026,vinanet.vn,Miền Trung - Tây Nguyên,Gia Lai,63000,,https://vinanet.vn/nong-san/gia-heo-hoi-hom-nay-277-ca-nuoc-dao-dong-6200065000-dongkg-811323.html,
27/07/2026,vinanet.vn,Miền Trung - Tây Nguyên,Huế,63000,,https://vinanet.vn/nong-san/gia-heo-hoi-hom-nay-277-ca-nuoc-dao-dong-6200065000-dongkg-811323.html,
27/07/2026,vinanet.vn,Miền Trung - Tây Nguyên,Hà Tĩnh,63000,,https://vinanet.vn/nong-san/gia-heo-hoi-hom-nay-277-ca-nuoc-dao-dong-6200065000-dongkg-811323.html,
27/07/2026,vinanet.vn,Miền Trung - Tây Nguyên,Khánh Hòa,62000,,https://vinanet.vn/nong-san/gia-heo-hoi-hom-nay-277-ca-nuoc-dao-dong-6200065000-dongkg-811323.html,
27/07/2026,vinanet.vn,Miền Trung - Tây Nguyên,Lâm Đồng,63000,,https://vinanet.vn/nong-san/gia-heo-hoi-hom-nay-277-ca-nuoc-dao-dong-6200065000-dongkg-811323.html,
27/07/2026,vinanet.vn,Miền Trung - Tây Nguyên,Nghệ An,63000,,https://vinanet.vn/nong-san/gia-heo-hoi-hom-nay-277-ca-nuoc-dao-dong-6200065000-dongkg-811323.html,
27/07/2026,vinanet.vn,Miền Trung - Tây Nguyên,Quảng Ngãi,63000,,https://vinanet.vn/nong-san/gia-heo-hoi-hom-nay-277-ca-nuoc-dao-dong-6200065000-dongkg-811323.html,
27/07/2026,vinanet.vn,Miền Trung - Tây Nguyên,Quảng Trị,63000,,https://vinanet.vn/nong-san/gia-heo-hoi-hom-nay-277-ca-nuoc-dao-dong-6200065000-dongkg-811323.html,
27/07/2026,vinanet.vn,Miền Trung - Tây Nguyên,Thanh Hóa,63000,,https://vinanet.vn/nong-san/gia-heo-hoi-hom-nay-277-ca-nuoc-dao-dong-6200065000-dongkg-811323.html,
27/07/2026,vinanet.vn,Miền Trung - Tây Nguyên,Đà Nẵng,63000,,https://vinanet.vn/nong-san/gia-heo-hoi-hom-nay-277-ca-nuoc-dao-dong-6200065000-dongkg-811323.html,
27/07/2026,vinanet.vn,Miền Trung - Tây Nguyên,Đắk Lắk,63000,,https://vinanet.vn/nong-san/gia-heo-hoi-hom-nay-277-ca-nuoc-dao-dong-6200065000-dongkg-811323.html,
28/07/2026,nongnghiepmoitruong.vn,Miền Bắc,Bắc Ninh,65000,0.0,https://nongnghiepmoitruong.vn/gia-heo-hoi-hom-nay-28-7-2026-da-giam-nhe-van-tiep-dien-d823423.html,
28/07/2026,nongnghiepmoitruong.vn,Miền Bắc,Cao Bằng,64000,0.0,https://nongnghiepmoitruong.vn/gia-heo-hoi-hom-nay-28-7-2026-da-giam-nhe-van-tiep-dien-d823423.html,
28/07/2026,nongnghiepmoitruong.vn,Miền Bắc,Hà Nội,65000,0.0,https://nongnghiepmoitruong.vn/gia-heo-hoi-hom-nay-28-7-2026-da-giam-nhe-van-tiep-dien-d823423.html,
28/07/2026,nongnghiepmoitruong.vn,Miền Bắc,Hưng Yên,65000,0.0,https://nongnghiepmoitruong.vn/gia-heo-hoi-hom-nay-28-7-2026-da-giam-nhe-van-tiep-dien-d823423.html,
28/07/2026,nongnghiepmoitruong.vn,Miền Bắc,Hải Phòng,65000,0.0,https://nongnghiepmoitruong.vn/gia-heo-hoi-hom-nay-28-7-2026-da-giam-nhe-van-tiep-dien-d823423.html,
28/07/2026,nongnghiepmoitruong.vn,Miền Bắc,Lai Châu,64000,0.0,https://nongnghiepmoitruong.vn/gia-heo-hoi-hom-nay-28-7-2026-da-giam-nhe-van-tiep-dien-d823423.html,
28/07/2026,nongnghiepmoitruong.vn,Miền Bắc,Lào Cai,64000,0.0,https://nongnghiepmoitruong.vn/gia-heo-hoi-hom-nay-28-7-2026-da-giam-nhe-van-tiep-dien-d823423.html,
28/07/2026,nongnghiepmoitruong.vn,Miền Bắc,Lạng Sơn,64000,0.0,https://nongnghiepmoitruong.vn/gia-heo-hoi-hom-nay-28-7-2026-da-giam-nhe-van-tiep-dien-d823423.html,
28/07/2026,nongnghiepmoitruong.vn,Miền Bắc,Ninh Bình,63000,0.0,https://nongnghiepmoitruong.vn/gia-heo-hoi-hom-nay-28-7-2026-da-giam-nhe-van-tiep-dien-d823423.html,
28/07/2026,nongnghiepmoitruong.vn,Miền Bắc,Phú Thọ,64000,0.0,https://nongnghiepmoitruong.vn/gia-heo-hoi-hom-nay-28-7-2026-da-giam-nhe-van-tiep-dien-d823423.html,
28/07/2026,nongnghiepmoitruong.vn,Miền Bắc,Quảng Ninh,64000,-1000.0,https://nongnghiepmoitruong.vn/gia-heo-hoi-hom-nay-28-7-2026-da-giam-nhe-van-tiep-dien-d823423.html,
28/07/2026,nongnghiepmoitruong.vn,Miền Bắc,Sơn La,64000,0.0,https://nongnghiepmoitruong.vn/gia-heo-hoi-hom-nay-28-7-2026-da-giam-nhe-van-tiep-dien-d823423.html,
28/07/2026,nongnghiepmoitruong.vn,Miền Bắc,Thái Nguyên,64000,-1000.0,https://nongnghiepmoitruong.vn/gia-heo-hoi-hom-nay-28-7-2026-da-giam-nhe-van-tiep-dien-d823423.html,
28/07/2026,nongnghiepmoitruong.vn,Miền Bắc,Tuyên Quang,64000,0.0,https://nongnghiepmoitruong.vn/gia-heo-hoi-hom-nay-28-7-2026-da-giam-nhe-van-tiep-dien-d823423.html,
28/07/2026,nongnghiepmoitruong.vn,Miền Bắc,Điện Biên,64000,0.0,https://nongnghiepmoitruong.vn/gia-heo-hoi-hom-nay-28-7-2026-da-giam-nhe-van-tiep-dien-d823423.html,
28/07/2026,nongnghiepmoitruong.vn,Miền Nam,An Giang,62000,0.0,https://nongnghiepmoitruong.vn/gia-heo-hoi-hom-nay-28-7-2026-da-giam-nhe-van-tiep-dien-d823423.html,
28/07/2026,nongnghiepmoitruong.vn,Miền Nam,Cà Mau,61000,-1000.0,https://nongnghiepmoitruong.vn/gia-heo-hoi-hom-nay-28-7-2026-da-giam-nhe-van-tiep-dien-d823423.html,
28/07/2026,nongnghiepmoitruong.vn,Miền Nam,Cần Thơ,62000,0.0,https://nongnghiepmoitruong.vn/gia-heo-hoi-hom-nay-28-7-2026-da-giam-nhe-van-tiep-dien-d823423.html,
28/07/2026,nongnghiepmoitruong.vn,Miền Nam,TP.HCM,62000,0.0,https://nongnghiepmoitruong.vn/gia-heo-hoi-hom-nay-28-7-2026-da-giam-nhe-van-tiep-dien-d823423.html,
28/07/2026,nongnghiepmoitruong.vn,Miền Nam,Tây Ninh,62000,0.0,https://nongnghiepmoitruong.vn/gia-heo-hoi-hom-nay-28-7-2026-da-giam-nhe-van-tiep-dien-d823423.html,
28/07/2026,nongnghiepmoitruong.vn,Miền Nam,Vĩnh Long,62000,0.0,https://nongnghiepmoitruong.vn/gia-heo-hoi-hom-nay-28-7-2026-da-giam-nhe-van-tiep-dien-d823423.html,
28/07/2026,nongnghiepmoitruong.vn,Miền Nam,Đồng Nai,62000,-1000.0,https://nongnghiepmoitruong.vn/gia-heo-hoi-hom-nay-28-7-2026-da-giam-nhe-van-tiep-dien-d823423.html,
28/07/2026,nongnghiepmoitruong.vn,Miền Nam,Đồng Tháp,61000,0.0,https://nongnghiepmoitruong.vn/gia-heo-hoi-hom-nay-28-7-2026-da-giam-nhe-van-tiep-dien-d823423.html,
28/07/2026,nongnghiepmoitruong.vn,Miền Trung - Tây Nguyên,Gia Lai,62000,-1000.0,https://nongnghiepmoitruong.vn/gia-heo-hoi-hom-nay-28-7-2026-da-giam-nhe-van-tiep-dien-d823423.html,
28/07/2026,nongnghiepmoitruong.vn,Miền Trung - Tây Nguyên,Huế,62000,-1000.0,https://nongnghiepmoitruong.vn/gia-heo-hoi-hom-nay-28-7-2026-da-giam-nhe-van-tiep-dien-d823423.html,
28/07/2026,nongnghiepmoitruong.vn,Miền Trung - Tây Nguyên,Hà Tĩnh,63000,0.0,https://nongnghiepmoitruong.vn/gia-heo-hoi-hom-nay-28-7-2026-da-giam-nhe-van-tiep-dien-d823423.html,
28/07/2026,nongnghiepmoitruong.vn,Miền Trung - Tây Nguyên,Khánh Hòa,62000,0.0,https://nongnghiepmoitruong.vn/gia-heo-hoi-hom-nay-28-7-2026-da-giam-nhe-van-tiep-dien-d823423.html,
28/07/2026,nongnghiepmoitruong.vn,Miền Trung - Tây Nguyên,Lâm Đồng,62000,0.0,https://nongnghiepmoitruong.vn/gia-heo-hoi-hom-nay-28-7-2026-da-giam-nhe-van-tiep-dien-d823423.html,
28/07/2026,nongnghiepmoitruong.vn,Miền Trung - Tây Nguyên,Nghệ An,63000,0.0,https://nongnghiepmoitruong.vn/gia-heo-hoi-hom-nay-28-7-2026-da-giam-nhe-van-tiep-dien-d823423.html,
28/07/2026,nongnghiepmoitruong.vn,Miền Trung - Tây Nguyên,Quảng Ngãi,62000,0.0,https://nongnghiepmoitruong.vn/gia-heo-hoi-hom-nay-28-7-2026-da-giam-nhe-van-tiep-dien-d823423.html,
28/07/2026,nongnghiepmoitruong.vn,Miền Trung - Tây Nguyên,Quảng Trị,62000,-1000.0,https://nongnghiepmoitruong.vn/gia-heo-hoi-hom-nay-28-7-2026-da-giam-nhe-van-tiep-dien-d823423.html,
28/07/2026,nongnghiepmoitruong.vn,Miền Trung - Tây Nguyên,Thanh Hóa,63000,0.0,https://nongnghiepmoitruong.vn/gia-heo-hoi-hom-nay-28-7-2026-da-giam-nhe-van-tiep-dien-d823423.html,
28/07/2026,nongnghiepmoitruong.vn,Miền Trung - Tây Nguyên,Đà Nẵng,62000,0.0,https://nongnghiepmoitruong.vn/gia-heo-hoi-hom-nay-28-7-2026-da-giam-nhe-van-tiep-dien-d823423.html,
28/07/2026,nongnghiepmoitruong.vn,Miền Trung - Tây Nguyên,Đắk Lắk,61000,-1000.0,https://nongnghiepmoitruong.vn/gia-heo-hoi-hom-nay-28-7-2026-da-giam-nhe-van-tiep-dien-d823423.html,
28/07/2026,vietnambiz.vn,Miền Bắc,Bắc Ninh,65000,0.0,https://vietnambiz.vn/gia-heo-hoi-hom-nay-287-them-hai-tinh-giao-dich-o-muc-61000-dongkg-2026728719236.htm,
28/07/2026,vietnambiz.vn,Miền Bắc,Cao Bằng,64000,0.0,https://vietnambiz.vn/gia-heo-hoi-hom-nay-287-them-hai-tinh-giao-dich-o-muc-61000-dongkg-2026728719236.htm,
28/07/2026,vietnambiz.vn,Miền Bắc,Hà Nội,65000,0.0,https://vietnambiz.vn/gia-heo-hoi-hom-nay-287-them-hai-tinh-giao-dich-o-muc-61000-dongkg-2026728719236.htm,
28/07/2026,vietnambiz.vn,Miền Bắc,Hưng Yên,65000,0.0,https://vietnambiz.vn/gia-heo-hoi-hom-nay-287-them-hai-tinh-giao-dich-o-muc-61000-dongkg-2026728719236.htm,
28/07/2026,vietnambiz.vn,Miền Bắc,Hải Phòng,65000,0.0,https://vietnambiz.vn/gia-heo-hoi-hom-nay-287-them-hai-tinh-giao-dich-o-muc-61000-dongkg-2026728719236.htm,
28/07/2026,vietnambiz.vn,Miền Bắc,Lai Châu,64000,0.0,https://vietnambiz.vn/gia-heo-hoi-hom-nay-287-them-hai-tinh-giao-dich-o-muc-61000-dongkg-2026728719236.htm,
28/07/2026,vietnambiz.vn,Miền Bắc,Lào Cai,64000,0.0,https://vietnambiz.vn/gia-heo-hoi-hom-nay-287-them-hai-tinh-giao-dich-o-muc-61000-dongkg-2026728719236.htm,
28/07/2026,vietnambiz.vn,Miền Bắc,Lạng Sơn,64000,0.0,https://vietnambiz.vn/gia-heo-hoi-hom-nay-287-them-hai-tinh-giao-dich-o-muc-61000-dongkg-2026728719236.htm,
28/07/2026,vietnambiz.vn,Miền Bắc,Ninh Bình,63000,0.0,https://vietnambiz.vn/gia-heo-hoi-hom-nay-287-them-hai-tinh-giao-dich-o-muc-61000-dongkg-2026728719236.htm,
28/07/2026,vietnambiz.vn,Miền Bắc,Phú Thọ,64000,0.0,https://vietnambiz.vn/gia-heo-hoi-hom-nay-287-them-hai-tinh-giao-dich-o-muc-61000-dongkg-2026728719236.htm,
28/07/2026,vietnambiz.vn,Miền Bắc,Quảng Ninh,64000,-1000.0,https://vietnambiz.vn/gia-heo-hoi-hom-nay-287-them-hai-tinh-giao-dich-o-muc-61000-dongkg-2026728719236.htm,
28/07/2026,vietnambiz.vn,Miền Bắc,Sơn La,64000,0.0,https://vietnambiz.vn/gia-heo-hoi-hom-nay-287-them-hai-tinh-giao-dich-o-muc-61000-dongkg-2026728719236.htm,
28/07/2026,vietnambiz.vn,Miền Bắc,Thái Nguyên,64000,-1000.0,https://vietnambiz.vn/gia-heo-hoi-hom-nay-287-them-hai-tinh-giao-dich-o-muc-61000-dongkg-2026728719236.htm,
28/07/2026,vietnambiz.vn,Miền Bắc,Tuyên Quang,64000,0.0,https://vietnambiz.vn/gia-heo-hoi-hom-nay-287-them-hai-tinh-giao-dich-o-muc-61000-dongkg-2026728719236.htm,
28/07/2026,vietnambiz.vn,Miền Bắc,Điện Biên,64000,0.0,https://vietnambiz.vn/gia-heo-hoi-hom-nay-287-them-hai-tinh-giao-dich-o-muc-61000-dongkg-2026728719236.htm,
28/07/2026,vietnambiz.vn,Miền Nam,An Giang,62000,0.0,https://vietnambiz.vn/gia-heo-hoi-hom-nay-287-them-hai-tinh-giao-dich-o-muc-61000-dongkg-2026728719236.htm,
28/07/2026,vietnambiz.vn,Miền Nam,Cà Mau,61000,-1000.0,https://vietnambiz.vn/gia-heo-hoi-hom-nay-287-them-hai-tinh-giao-dich-o-muc-61000-dongkg-2026728719236.htm,
28/07/2026,vietnambiz.vn,Miền Nam,Cần Thơ,62000,0.0,https://vietnambiz.vn/gia-heo-hoi-hom-nay-287-them-hai-tinh-giao-dich-o-muc-61000-dongkg-2026728719236.htm,
28/07/2026,vietnambiz.vn,Miền Nam,TP HCM,62000,0.0,https://vietnambiz.vn/gia-heo-hoi-hom-nay-287-them-hai-tinh-giao-dich-o-muc-61000-dongkg-2026728719236.htm,
28/07/2026,vietnambiz.vn,Miền Nam,Tây Ninh,62000,0.0,https://vietnambiz.vn/gia-heo-hoi-hom-nay-287-them-hai-tinh-giao-dich-o-muc-61000-dongkg-2026728719236.htm,
28/07/2026,vietnambiz.vn,Miền Nam,Vĩnh Long,62000,0.0,https://vietnambiz.vn/gia-heo-hoi-hom-nay-287-them-hai-tinh-giao-dich-o-muc-61000-dongkg-2026728719236.htm,
28/07/2026,vietnambiz.vn,Miền Nam,Đồng Nai,62000,-1000.0,https://vietnambiz.vn/gia-heo-hoi-hom-nay-287-them-hai-tinh-giao-dich-o-muc-61000-dongkg-2026728719236.htm,
28/07/2026,vietnambiz.vn,Miền Nam,Đồng Tháp,61000,0.0,https://vietnambiz.vn/gia-heo-hoi-hom-nay-287-them-hai-tinh-giao-dich-o-muc-61000-dongkg-2026728719236.htm,
28/07/2026,vietnambiz.vn,Miền Trung - Tây Nguyên,Gia Lai,62000,-1000.0,https://vietnambiz.vn/gia-heo-hoi-hom-nay-287-them-hai-tinh-giao-dich-o-muc-61000-dongkg-2026728719236.htm,
28/07/2026,vietnambiz.vn,Miền Trung - Tây Nguyên,Huế,62000,-1000.0,https://vietnambiz.vn/gia-heo-hoi-hom-nay-287-them-hai-tinh-giao-dich-o-muc-61000-dongkg-2026728719236.htm,
28/07/2026,vietnambiz.vn,Miền Trung - Tây Nguyên,Hà Tĩnh,63000,0.0,https://vietnambiz.vn/gia-heo-hoi-hom-nay-287-them-hai-tinh-giao-dich-o-muc-61000-dongkg-2026728719236.htm,
28/07/2026,vietnambiz.vn,Miền Trung - Tây Nguyên,Khánh Hoà,62000,0.0,https://vietnambiz.vn/gia-heo-hoi-hom-nay-287-them-hai-tinh-giao-dich-o-muc-61000-dongkg-2026728719236.htm,
28/07/2026,vietnambiz.vn,Miền Trung - Tây Nguyên,Lâm Đồng,62000,0.0,https://vietnambiz.vn/gia-heo-hoi-hom-nay-287-them-hai-tinh-giao-dich-o-muc-61000-dongkg-2026728719236.htm,
28/07/2026,vietnambiz.vn,Miền Trung - Tây Nguyên,Nghệ An,63000,0.0,https://vietnambiz.vn/gia-heo-hoi-hom-nay-287-them-hai-tinh-giao-dich-o-muc-61000-dongkg-2026728719236.htm,
28/07/2026,vietnambiz.vn,Miền Trung - Tây Nguyên,Quảng Ngãi,62000,0.0,https://vietnambiz.vn/gia-heo-hoi-hom-nay-287-them-hai-tinh-giao-dich-o-muc-61000-dongkg-2026728719236.htm,
28/07/2026,vietnambiz.vn,Miền Trung - Tây Nguyên,Quảng Trị,62000,-1000.0,https://vietnambiz.vn/gia-heo-hoi-hom-nay-287-them-hai-tinh-giao-dich-o-muc-61000-dongkg-2026728719236.htm,
28/07/2026,vietnambiz.vn,Miền Trung - Tây Nguyên,Thanh Hoá,63000,0.0,https://vietnambiz.vn/gia-heo-hoi-hom-nay-287-them-hai-tinh-giao-dich-o-muc-61000-dongkg-2026728719236.htm,
28/07/2026,vietnambiz.vn,Miền Trung - Tây Nguyên,Đà Nẵng,62000,0.0,https://vietnambiz.vn/gia-heo-hoi-hom-nay-287-them-hai-tinh-giao-dich-o-muc-61000-dongkg-2026728719236.htm,
28/07/2026,vietnambiz.vn,Miền Trung - Tây Nguyên,Đắk Lắk,61000,-1000.0,https://vietnambiz.vn/gia-heo-hoi-hom-nay-287-them-hai-tinh-giao-dich-o-muc-61000-dongkg-2026728719236.htm,
29/07/2026,nongnghiepmoitruong.vn,Miền Bắc,Bắc Ninh,64000,-1000.0,https://nongnghiepmoitruong.vn/gia-heo-hoi-hom-nay-29-7-2026-giam-them-1000-dong-co-noi-ve-moc-60000-d-kg-d823612.html,
29/07/2026,nongnghiepmoitruong.vn,Miền Bắc,Cao Bằng,64000,0.0,https://nongnghiepmoitruong.vn/gia-heo-hoi-hom-nay-29-7-2026-giam-them-1000-dong-co-noi-ve-moc-60000-d-kg-d823612.html,
29/07/2026,nongnghiepmoitruong.vn,Miền Bắc,Hà Nội,64000,-1000.0,https://nongnghiepmoitruong.vn/gia-heo-hoi-hom-nay-29-7-2026-giam-them-1000-dong-co-noi-ve-moc-60000-d-kg-d823612.html,
29/07/2026,nongnghiepmoitruong.vn,Miền Bắc,Hưng Yên,65000,0.0,https://nongnghiepmoitruong.vn/gia-heo-hoi-hom-nay-29-7-2026-giam-them-1000-dong-co-noi-ve-moc-60000-d-kg-d823612.html,
29/07/2026,nongnghiepmoitruong.vn,Miền Bắc,Hải Phòng,64000,-1000.0,https://nongnghiepmoitruong.vn/gia-heo-hoi-hom-nay-29-7-2026-giam-them-1000-dong-co-noi-ve-moc-60000-d-kg-d823612.html,
29/07/2026,nongnghiepmoitruong.vn,Miền Bắc,Lai Châu,64000,0.0,https://nongnghiepmoitruong.vn/gia-heo-hoi-hom-nay-29-7-2026-giam-them-1000-dong-co-noi-ve-moc-60000-d-kg-d823612.html,
29/07/2026,nongnghiepmoitruong.vn,Miền Bắc,Lào Cai,64000,0.0,https://nongnghiepmoitruong.vn/gia-heo-hoi-hom-nay-29-7-2026-giam-them-1000-dong-co-noi-ve-moc-60000-d-kg-d823612.html,
29/07/2026,nongnghiepmoitruong.vn,Miền Bắc,Lạng Sơn,64000,0.0,https://nongnghiepmoitruong.vn/gia-heo-hoi-hom-nay-29-7-2026-giam-them-1000-dong-co-noi-ve-moc-60000-d-kg-d823612.html,
29/07/2026,nongnghiepmoitruong.vn,Miền Bắc,Ninh Bình,63000,0.0,https://nongnghiepmoitruong.vn/gia-heo-hoi-hom-nay-29-7-2026-giam-them-1000-dong-co-noi-ve-moc-60000-d-kg-d823612.html,
29/07/2026,nongnghiepmoitruong.vn,Miền Bắc,Phú Thọ,64000,0.0,https://nongnghiepmoitruong.vn/gia-heo-hoi-hom-nay-29-7-2026-giam-them-1000-dong-co-noi-ve-moc-60000-d-kg-d823612.html,
29/07/2026,nongnghiepmoitruong.vn,Miền Bắc,Quảng Ninh,64000,0.0,https://nongnghiepmoitruong.vn/gia-heo-hoi-hom-nay-29-7-2026-giam-them-1000-dong-co-noi-ve-moc-60000-d-kg-d823612.html,
29/07/2026,nongnghiepmoitruong.vn,Miền Bắc,Sơn La,64000,0.0,https://nongnghiepmoitruong.vn/gia-heo-hoi-hom-nay-29-7-2026-giam-them-1000-dong-co-noi-ve-moc-60000-d-kg-d823612.html,
29/07/2026,nongnghiepmoitruong.vn,Miền Bắc,Thái Nguyên,64000,0.0,https://nongnghiepmoitruong.vn/gia-heo-hoi-hom-nay-29-7-2026-giam-them-1000-dong-co-noi-ve-moc-60000-d-kg-d823612.html,
29/07/2026,nongnghiepmoitruong.vn,Miền Bắc,Tuyên Quang,64000,0.0,https://nongnghiepmoitruong.vn/gia-heo-hoi-hom-nay-29-7-2026-giam-them-1000-dong-co-noi-ve-moc-60000-d-kg-d823612.html,
29/07/2026,nongnghiepmoitruong.vn,Miền Bắc,Điện Biên,64000,0.0,https://nongnghiepmoitruong.vn/gia-heo-hoi-hom-nay-29-7-2026-giam-them-1000-dong-co-noi-ve-moc-60000-d-kg-d823612.html,
29/07/2026,nongnghiepmoitruong.vn,Miền Nam,An Giang,61000,-1000.0,https://nongnghiepmoitruong.vn/gia-heo-hoi-hom-nay-29-7-2026-giam-them-1000-dong-co-noi-ve-moc-60000-d-kg-d823612.html,
29/07/2026,nongnghiepmoitruong.vn,Miền Nam,Cà Mau,60000,-1000.0,https://nongnghiepmoitruong.vn/gia-heo-hoi-hom-nay-29-7-2026-giam-them-1000-dong-co-noi-ve-moc-60000-d-kg-d823612.html,
29/07/2026,nongnghiepmoitruong.vn,Miền Nam,Cần Thơ,61000,-1000.0,https://nongnghiepmoitruong.vn/gia-heo-hoi-hom-nay-29-7-2026-giam-them-1000-dong-co-noi-ve-moc-60000-d-kg-d823612.html,
29/07/2026,nongnghiepmoitruong.vn,Miền Nam,TP.HCM,62000,0.0,https://nongnghiepmoitruong.vn/gia-heo-hoi-hom-nay-29-7-2026-giam-them-1000-dong-co-noi-ve-moc-60000-d-kg-d823612.html,
29/07/2026,nongnghiepmoitruong.vn,Miền Nam,Tây Ninh,61000,-1000.0,https://nongnghiepmoitruong.vn/gia-heo-hoi-hom-nay-29-7-2026-giam-them-1000-dong-co-noi-ve-moc-60000-d-kg-d823612.html,
29/07/2026,nongnghiepmoitruong.vn,Miền Nam,Vĩnh Long,61000,-1000.0,https://nongnghiepmoitruong.vn/gia-heo-hoi-hom-nay-29-7-2026-giam-them-1000-dong-co-noi-ve-moc-60000-d-kg-d823612.html,
29/07/2026,nongnghiepmoitruong.vn,Miền Nam,Đồng Nai,62000,0.0,https://nongnghiepmoitruong.vn/gia-heo-hoi-hom-nay-29-7-2026-giam-them-1000-dong-co-noi-ve-moc-60000-d-kg-d823612.html,
29/07/2026,nongnghiepmoitruong.vn,Miền Nam,Đồng Tháp,60000,-1000.0,https://nongnghiepmoitruong.vn/gia-heo-hoi-hom-nay-29-7-2026-giam-them-1000-dong-co-noi-ve-moc-60000-d-kg-d823612.html,
29/07/2026,nongnghiepmoitruong.vn,Miền Trung - Tây Nguyên,Gia Lai,62000,0.0,https://nongnghiepmoitruong.vn/gia-heo-hoi-hom-nay-29-7-2026-giam-them-1000-dong-co-noi-ve-moc-60000-d-kg-d823612.html,
29/07/2026,nongnghiepmoitruong.vn,Miền Trung - Tây Nguyên,Huế,61000,-1000.0,https://nongnghiepmoitruong.vn/gia-heo-hoi-hom-nay-29-7-2026-giam-them-1000-dong-co-noi-ve-moc-60000-d-kg-d823612.html,
29/07/2026,nongnghiepmoitruong.vn,Miền Trung - Tây Nguyên,Hà Tĩnh,63000,0.0,https://nongnghiepmoitruong.vn/gia-heo-hoi-hom-nay-29-7-2026-giam-them-1000-dong-co-noi-ve-moc-60000-d-kg-d823612.html,
29/07/2026,nongnghiepmoitruong.vn,Miền Trung - Tây Nguyên,Khánh Hòa,61000,-1000.0,https://nongnghiepmoitruong.vn/gia-heo-hoi-hom-nay-29-7-2026-giam-them-1000-dong-co-noi-ve-moc-60000-d-kg-d823612.html,
29/07/2026,nongnghiepmoitruong.vn,Miền Trung - Tây Nguyên,Lâm Đồng,62000,0.0,https://nongnghiepmoitruong.vn/gia-heo-hoi-hom-nay-29-7-2026-giam-them-1000-dong-co-noi-ve-moc-60000-d-kg-d823612.html,
29/07/2026,nongnghiepmoitruong.vn,Miền Trung - Tây Nguyên,Nghệ An,63000,0.0,https://nongnghiepmoitruong.vn/gia-heo-hoi-hom-nay-29-7-2026-giam-them-1000-dong-co-noi-ve-moc-60000-d-kg-d823612.html,
29/07/2026,nongnghiepmoitruong.vn,Miền Trung - Tây Nguyên,Quảng Ngãi,62000,0.0,https://nongnghiepmoitruong.vn/gia-heo-hoi-hom-nay-29-7-2026-giam-them-1000-dong-co-noi-ve-moc-60000-d-kg-d823612.html,
29/07/2026,nongnghiepmoitruong.vn,Miền Trung - Tây Nguyên,Quảng Trị,62000,0.0,https://nongnghiepmoitruong.vn/gia-heo-hoi-hom-nay-29-7-2026-giam-them-1000-dong-co-noi-ve-moc-60000-d-kg-d823612.html,
29/07/2026,nongnghiepmoitruong.vn,Miền Trung - Tây Nguyên,Thanh Hóa,63000,0.0,https://nongnghiepmoitruong.vn/gia-heo-hoi-hom-nay-29-7-2026-giam-them-1000-dong-co-noi-ve-moc-60000-d-kg-d823612.html,
29/07/2026,nongnghiepmoitruong.vn,Miền Trung - Tây Nguyên,Đà Nẵng,61000,-1000.0,https://nongnghiepmoitruong.vn/gia-heo-hoi-hom-nay-29-7-2026-giam-them-1000-dong-co-noi-ve-moc-60000-d-kg-d823612.html,
29/07/2026,nongnghiepmoitruong.vn,Miền Trung - Tây Nguyên,Đắk Lắk,61000,0.0,https://nongnghiepmoitruong.vn/gia-heo-hoi-hom-nay-29-7-2026-giam-them-1000-dong-co-noi-ve-moc-60000-d-kg-d823612.html,
29/07/2026,vietnambiz.vn,Miền Bắc,Bắc Ninh,64000,-1000.0,https://vietnambiz.vn/gia-heo-hoi-hom-nay-297-thi-truong-ghi-nhan-muc-60000-dongkg-202672963024277.htm,
29/07/2026,vietnambiz.vn,Miền Bắc,Cao Bằng,64000,0.0,https://vietnambiz.vn/gia-heo-hoi-hom-nay-297-thi-truong-ghi-nhan-muc-60000-dongkg-202672963024277.htm,
29/07/2026,vietnambiz.vn,Miền Bắc,Hà Nội,64000,-1000.0,https://vietnambiz.vn/gia-heo-hoi-hom-nay-297-thi-truong-ghi-nhan-muc-60000-dongkg-202672963024277.htm,
29/07/2026,vietnambiz.vn,Miền Bắc,Hưng Yên,65000,0.0,https://vietnambiz.vn/gia-heo-hoi-hom-nay-297-thi-truong-ghi-nhan-muc-60000-dongkg-202672963024277.htm,
29/07/2026,vietnambiz.vn,Miền Bắc,Hải Phòng,64000,-1000.0,https://vietnambiz.vn/gia-heo-hoi-hom-nay-297-thi-truong-ghi-nhan-muc-60000-dongkg-202672963024277.htm,
29/07/2026,vietnambiz.vn,Miền Bắc,Lai Châu,64000,0.0,https://vietnambiz.vn/gia-heo-hoi-hom-nay-297-thi-truong-ghi-nhan-muc-60000-dongkg-202672963024277.htm,
29/07/2026,vietnambiz.vn,Miền Bắc,Lào Cai,64000,0.0,https://vietnambiz.vn/gia-heo-hoi-hom-nay-297-thi-truong-ghi-nhan-muc-60000-dongkg-202672963024277.htm,
29/07/2026,vietnambiz.vn,Miền Bắc,Lạng Sơn,64000,0.0,https://vietnambiz.vn/gia-heo-hoi-hom-nay-297-thi-truong-ghi-nhan-muc-60000-dongkg-202672963024277.htm,
29/07/2026,vietnambiz.vn,Miền Bắc,Ninh Bình,63000,0.0,https://vietnambiz.vn/gia-heo-hoi-hom-nay-297-thi-truong-ghi-nhan-muc-60000-dongkg-202672963024277.htm,
29/07/2026,vietnambiz.vn,Miền Bắc,Phú Thọ,64000,0.0,https://vietnambiz.vn/gia-heo-hoi-hom-nay-297-thi-truong-ghi-nhan-muc-60000-dongkg-202672963024277.htm,
29/07/2026,vietnambiz.vn,Miền Bắc,Quảng Ninh,64000,0.0,https://vietnambiz.vn/gia-heo-hoi-hom-nay-297-thi-truong-ghi-nhan-muc-60000-dongkg-202672963024277.htm,
29/07/2026,vietnambiz.vn,Miền Bắc,Sơn La,64000,0.0,https://vietnambiz.vn/gia-heo-hoi-hom-nay-297-thi-truong-ghi-nhan-muc-60000-dongkg-202672963024277.htm,
29/07/2026,vietnambiz.vn,Miền Bắc,Thái Nguyên,64000,0.0,https://vietnambiz.vn/gia-heo-hoi-hom-nay-297-thi-truong-ghi-nhan-muc-60000-dongkg-202672963024277.htm,
29/07/2026,vietnambiz.vn,Miền Bắc,Tuyên Quang,64000,0.0,https://vietnambiz.vn/gia-heo-hoi-hom-nay-297-thi-truong-ghi-nhan-muc-60000-dongkg-202672963024277.htm,
29/07/2026,vietnambiz.vn,Miền Bắc,Điện Biên,64000,0.0,https://vietnambiz.vn/gia-heo-hoi-hom-nay-297-thi-truong-ghi-nhan-muc-60000-dongkg-202672963024277.htm,
29/07/2026,vietnambiz.vn,Miền Nam,An Giang,61000,-1000.0,https://vietnambiz.vn/gia-heo-hoi-hom-nay-297-thi-truong-ghi-nhan-muc-60000-dongkg-202672963024277.htm,
29/07/2026,vietnambiz.vn,Miền Nam,Cà Mau,60000,-1000.0,https://vietnambiz.vn/gia-heo-hoi-hom-nay-297-thi-truong-ghi-nhan-muc-60000-dongkg-202672963024277.htm,
29/07/2026,vietnambiz.vn,Miền Nam,Cần Thơ,61000,-1000.0,https://vietnambiz.vn/gia-heo-hoi-hom-nay-297-thi-truong-ghi-nhan-muc-60000-dongkg-202672963024277.htm,
29/07/2026,vietnambiz.vn,Miền Nam,TP HCM,62000,0.0,https://vietnambiz.vn/gia-heo-hoi-hom-nay-297-thi-truong-ghi-nhan-muc-60000-dongkg-202672963024277.htm,
29/07/2026,vietnambiz.vn,Miền Nam,Tây Ninh,61000,-1000.0,https://vietnambiz.vn/gia-heo-hoi-hom-nay-297-thi-truong-ghi-nhan-muc-60000-dongkg-202672963024277.htm,
29/07/2026,vietnambiz.vn,Miền Nam,Vĩnh Long,61000,-1000.0,https://vietnambiz.vn/gia-heo-hoi-hom-nay-297-thi-truong-ghi-nhan-muc-60000-dongkg-202672963024277.htm,
29/07/2026,vietnambiz.vn,Miền Nam,Đồng Nai,62000,0.0,https://vietnambiz.vn/gia-heo-hoi-hom-nay-297-thi-truong-ghi-nhan-muc-60000-dongkg-202672963024277.htm,
29/07/2026,vietnambiz.vn,Miền Nam,Đồng Tháp,60000,-1000.0,https://vietnambiz.vn/gia-heo-hoi-hom-nay-297-thi-truong-ghi-nhan-muc-60000-dongkg-202672963024277.htm,
29/07/2026,vietnambiz.vn,Miền Trung - Tây Nguyên,Gia Lai,62000,0.0,https://vietnambiz.vn/gia-heo-hoi-hom-nay-297-thi-truong-ghi-nhan-muc-60000-dongkg-202672963024277.htm,
29/07/2026,vietnambiz.vn,Miền Trung - Tây Nguyên,Huế,61000,-1000.0,https://vietnambiz.vn/gia-heo-hoi-hom-nay-297-thi-truong-ghi-nhan-muc-60000-dongkg-202672963024277.htm,
29/07/2026,vietnambiz.vn,Miền Trung - Tây Nguyên,Hà Tĩnh,63000,0.0,https://vietnambiz.vn/gia-heo-hoi-hom-nay-297-thi-truong-ghi-nhan-muc-60000-dongkg-202672963024277.htm,
29/07/2026,vietnambiz.vn,Miền Trung - Tây Nguyên,Khánh Hoà,61000,-1000.0,https://vietnambiz.vn/gia-heo-hoi-hom-nay-297-thi-truong-ghi-nhan-muc-60000-dongkg-202672963024277.htm,
29/07/2026,vietnambiz.vn,Miền Trung - Tây Nguyên,Lâm Đồng,62000,0.0,https://vietnambiz.vn/gia-heo-hoi-hom-nay-297-thi-truong-ghi-nhan-muc-60000-dongkg-202672963024277.htm,
29/07/2026,vietnambiz.vn,Miền Trung - Tây Nguyên,Nghệ An,63000,0.0,https://vietnambiz.vn/gia-heo-hoi-hom-nay-297-thi-truong-ghi-nhan-muc-60000-dongkg-202672963024277.htm,
29/07/2026,vietnambiz.vn,Miền Trung - Tây Nguyên,Quảng Ngãi,62000,0.0,https://vietnambiz.vn/gia-heo-hoi-hom-nay-297-thi-truong-ghi-nhan-muc-60000-dongkg-202672963024277.htm,
29/07/2026,vietnambiz.vn,Miền Trung - Tây Nguyên,Quảng Trị,62000,0.0,https://vietnambiz.vn/gia-heo-hoi-hom-nay-297-thi-truong-ghi-nhan-muc-60000-dongkg-202672963024277.htm,
29/07/2026,vietnambiz.vn,Miền Trung - Tây Nguyên,Thanh Hoá,63000,0.0,https://vietnambiz.vn/gia-heo-hoi-hom-nay-297-thi-truong-ghi-nhan-muc-60000-dongkg-202672963024277.htm,
29/07/2026,vietnambiz.vn,Miền Trung - Tây Nguyên,Đà Nẵng,61000,-1000.0,https://vietnambiz.vn/gia-heo-hoi-hom-nay-297-thi-truong-ghi-nhan-muc-60000-dongkg-202672963024277.htm,
29/07/2026,vietnambiz.vn,Miền Trung - Tây Nguyên,Đắk Lắk,61000,0.0,https://vietnambiz.vn/gia-heo-hoi-hom-nay-297-thi-truong-ghi-nhan-muc-60000-dongkg-202672963024277.htm,
29/07/2026,vinanet.vn,Miền Bắc,Bắc Ninh,65000,,https://vinanet.vn/nong-san/gia-heo-hoi-hom-nay-2972026-mien-bac-giu-dinh-65000-dongkg-813024.html,
29/07/2026,vinanet.vn,Miền Bắc,Cao Bằng,64000,,https://vinanet.vn/nong-san/gia-heo-hoi-hom-nay-2972026-mien-bac-giu-dinh-65000-dongkg-813024.html,
29/07/2026,vinanet.vn,Miền Bắc,Hà Nội,65000,,https://vinanet.vn/nong-san/gia-heo-hoi-hom-nay-2972026-mien-bac-giu-dinh-65000-dongkg-813024.html,
29/07/2026,vinanet.vn,Miền Bắc,Hưng Yên,65000,,https://vinanet.vn/nong-san/gia-heo-hoi-hom-nay-2972026-mien-bac-giu-dinh-65000-dongkg-813024.html,
29/07/2026,vinanet.vn,Miền Bắc,Hải Phòng,65000,,https://vinanet.vn/nong-san/gia-heo-hoi-hom-nay-2972026-mien-bac-giu-dinh-65000-dongkg-813024.html,
29/07/2026,vinanet.vn,Miền Bắc,Lai Châu,64000,,https://vinanet.vn/nong-san/gia-heo-hoi-hom-nay-2972026-mien-bac-giu-dinh-65000-dongkg-813024.html,
29/07/2026,vinanet.vn,Miền Bắc,Lào Cai,64000,,https://vinanet.vn/nong-san/gia-heo-hoi-hom-nay-2972026-mien-bac-giu-dinh-65000-dongkg-813024.html,
29/07/2026,vinanet.vn,Miền Bắc,Lạng Sơn,64000,,https://vinanet.vn/nong-san/gia-heo-hoi-hom-nay-2972026-mien-bac-giu-dinh-65000-dongkg-813024.html,
29/07/2026,vinanet.vn,Miền Bắc,Ninh Bình,63000,,https://vinanet.vn/nong-san/gia-heo-hoi-hom-nay-2972026-mien-bac-giu-dinh-65000-dongkg-813024.html,
29/07/2026,vinanet.vn,Miền Bắc,Phú Thọ,64000,,https://vinanet.vn/nong-san/gia-heo-hoi-hom-nay-2972026-mien-bac-giu-dinh-65000-dongkg-813024.html,
29/07/2026,vinanet.vn,Miền Bắc,Quảng Ninh,64000,,https://vinanet.vn/nong-san/gia-heo-hoi-hom-nay-2972026-mien-bac-giu-dinh-65000-dongkg-813024.html,
29/07/2026,vinanet.vn,Miền Bắc,Sơn La,64000,,https://vinanet.vn/nong-san/gia-heo-hoi-hom-nay-2972026-mien-bac-giu-dinh-65000-dongkg-813024.html,
29/07/2026,vinanet.vn,Miền Bắc,Thái Nguyên,64000,,https://vinanet.vn/nong-san/gia-heo-hoi-hom-nay-2972026-mien-bac-giu-dinh-65000-dongkg-813024.html,
29/07/2026,vinanet.vn,Miền Bắc,Tuyên Quang,64000,,https://vinanet.vn/nong-san/gia-heo-hoi-hom-nay-2972026-mien-bac-giu-dinh-65000-dongkg-813024.html,
29/07/2026,vinanet.vn,Miền Bắc,Điện Biên,64000,,https://vinanet.vn/nong-san/gia-heo-hoi-hom-nay-2972026-mien-bac-giu-dinh-65000-dongkg-813024.html,
29/07/2026,vinanet.vn,Miền Nam,An Giang,62000,,https://vinanet.vn/nong-san/gia-heo-hoi-hom-nay-2972026-mien-bac-giu-dinh-65000-dongkg-813024.html,
29/07/2026,vinanet.vn,Miền Nam,Cà Mau,61000,,https://vinanet.vn/nong-san/gia-heo-hoi-hom-nay-2972026-mien-bac-giu-dinh-65000-dongkg-813024.html,
29/07/2026,vinanet.vn,Miền Nam,Cần Thơ,62000,,https://vinanet.vn/nong-san/gia-heo-hoi-hom-nay-2972026-mien-bac-giu-dinh-65000-dongkg-813024.html,
29/07/2026,vinanet.vn,Miền Nam,TP HCM,62000,,https://vinanet.vn/nong-san/gia-heo-hoi-hom-nay-2972026-mien-bac-giu-dinh-65000-dongkg-813024.html,
29/07/2026,vinanet.vn,Miền Nam,Tây Ninh,62000,,https://vinanet.vn/nong-san/gia-heo-hoi-hom-nay-2972026-mien-bac-giu-dinh-65000-dongkg-813024.html,
29/07/2026,vinanet.vn,Miền Nam,Vĩnh Long,62000,,https://vinanet.vn/nong-san/gia-heo-hoi-hom-nay-2972026-mien-bac-giu-dinh-65000-dongkg-813024.html,
29/07/2026,vinanet.vn,Miền Nam,Đồng Nai,62000,,https://vinanet.vn/nong-san/gia-heo-hoi-hom-nay-2972026-mien-bac-giu-dinh-65000-dongkg-813024.html,
29/07/2026,vinanet.vn,Miền Nam,Đồng Tháp,61000,,https://vinanet.vn/nong-san/gia-heo-hoi-hom-nay-2972026-mien-bac-giu-dinh-65000-dongkg-813024.html,
29/07/2026,vinanet.vn,Miền Trung - Tây Nguyên,Gia Lai,62000,,https://vinanet.vn/nong-san/gia-heo-hoi-hom-nay-2972026-mien-bac-giu-dinh-65000-dongkg-813024.html,
29/07/2026,vinanet.vn,Miền Trung - Tây Nguyên,Huế,62000,,https://vinanet.vn/nong-san/gia-heo-hoi-hom-nay-2972026-mien-bac-giu-dinh-65000-dongkg-813024.html,
29/07/2026,vinanet.vn,Miền Trung - Tây Nguyên,Hà Tĩnh,63000,,https://vinanet.vn/nong-san/gia-heo-hoi-hom-nay-2972026-mien-bac-giu-dinh-65000-dongkg-813024.html,
29/07/2026,vinanet.vn,Miền Trung - Tây Nguyên,Khánh Hòa,62000,,https://vinanet.vn/nong-san/gia-heo-hoi-hom-nay-2972026-mien-bac-giu-dinh-65000-dongkg-813024.html,
29/07/2026,vinanet.vn,Miền Trung - Tây Nguyên,Lâm Đồng,62000,,https://vinanet.vn/nong-san/gia-heo-hoi-hom-nay-2972026-mien-bac-giu-dinh-65000-dongkg-813024.html,
29/07/2026,vinanet.vn,Miền Trung - Tây Nguyên,Nghệ An,63000,,https://vinanet.vn/nong-san/gia-heo-hoi-hom-nay-2972026-mien-bac-giu-dinh-65000-dongkg-813024.html,
29/07/2026,vinanet.vn,Miền Trung - Tây Nguyên,Quảng Ngãi,62000,,https://vinanet.vn/nong-san/gia-heo-hoi-hom-nay-2972026-mien-bac-giu-dinh-65000-dongkg-813024.html,
29/07/2026,vinanet.vn,Miền Trung - Tây Nguyên,Quảng Trị,62000,,https://vinanet.vn/nong-san/gia-heo-hoi-hom-nay-2972026-mien-bac-giu-dinh-65000-dongkg-813024.html,
29/07/2026,vinanet.vn,Miền Trung - Tây Nguyên,Thanh Hóa,63000,,https://vinanet.vn/nong-san/gia-heo-hoi-hom-nay-2972026-mien-bac-giu-dinh-65000-dongkg-813024.html,
29/07/2026,vinanet.vn,Miền Trung - Tây Nguyên,Đà Nẵng,62000,,https://vinanet.vn/nong-san/gia-heo-hoi-hom-nay-2972026-mien-bac-giu-dinh-65000-dongkg-813024.html,
29/07/2026,vinanet.vn,Miền Trung - Tây Nguyên,Đắk Lắk,61000,,https://vinanet.vn/nong-san/gia-heo-hoi-hom-nay-2972026-mien-bac-giu-dinh-65000-dongkg-813024.html,
30/07/2026,nongnghiepmoitruong.vn,Miền Bắc,Bắc Ninh,64000,0.0,https://nongnghiepmoitruong.vn/gia-heo-hoi-hom-nay-30-7-2026-tiep-tuc-da-di-xuong-d823840.html,
30/07/2026,nongnghiepmoitruong.vn,Miền Bắc,Cao Bằng,64000,0.0,https://nongnghiepmoitruong.vn/gia-heo-hoi-hom-nay-30-7-2026-tiep-tuc-da-di-xuong-d823840.html,
30/07/2026,nongnghiepmoitruong.vn,Miền Bắc,Hà Nội,64000,0.0,https://nongnghiepmoitruong.vn/gia-heo-hoi-hom-nay-30-7-2026-tiep-tuc-da-di-xuong-d823840.html,
30/07/2026,nongnghiepmoitruong.vn,Miền Bắc,Hưng Yên,64000,-1000.0,https://nongnghiepmoitruong.vn/gia-heo-hoi-hom-nay-30-7-2026-tiep-tuc-da-di-xuong-d823840.html,
30/07/2026,nongnghiepmoitruong.vn,Miền Bắc,Hải Phòng,64000,0.0,https://nongnghiepmoitruong.vn/gia-heo-hoi-hom-nay-30-7-2026-tiep-tuc-da-di-xuong-d823840.html,
30/07/2026,nongnghiepmoitruong.vn,Miền Bắc,Lai Châu,64000,0.0,https://nongnghiepmoitruong.vn/gia-heo-hoi-hom-nay-30-7-2026-tiep-tuc-da-di-xuong-d823840.html,
30/07/2026,nongnghiepmoitruong.vn,Miền Bắc,Lào Cai,63000,-1000.0,https://nongnghiepmoitruong.vn/gia-heo-hoi-hom-nay-30-7-2026-tiep-tuc-da-di-xuong-d823840.html,
30/07/2026,nongnghiepmoitruong.vn,Miền Bắc,Lạng Sơn,64000,0.0,https://nongnghiepmoitruong.vn/gia-heo-hoi-hom-nay-30-7-2026-tiep-tuc-da-di-xuong-d823840.html,
30/07/2026,nongnghiepmoitruong.vn,Miền Bắc,Ninh Bình,62000,-1000.0,https://nongnghiepmoitruong.vn/gia-heo-hoi-hom-nay-30-7-2026-tiep-tuc-da-di-xuong-d823840.html,
30/07/2026,nongnghiepmoitruong.vn,Miền Bắc,Phú Thọ,63000,-1000.0,https://nongnghiepmoitruong.vn/gia-heo-hoi-hom-nay-30-7-2026-tiep-tuc-da-di-xuong-d823840.html,
30/07/2026,nongnghiepmoitruong.vn,Miền Bắc,Quảng Ninh,64000,0.0,https://nongnghiepmoitruong.vn/gia-heo-hoi-hom-nay-30-7-2026-tiep-tuc-da-di-xuong-d823840.html,
30/07/2026,nongnghiepmoitruong.vn,Miền Bắc,Sơn La,64000,0.0,https://nongnghiepmoitruong.vn/gia-heo-hoi-hom-nay-30-7-2026-tiep-tuc-da-di-xuong-d823840.html,
30/07/2026,nongnghiepmoitruong.vn,Miền Bắc,Thái Nguyên,64000,0.0,https://nongnghiepmoitruong.vn/gia-heo-hoi-hom-nay-30-7-2026-tiep-tuc-da-di-xuong-d823840.html,
30/07/2026,nongnghiepmoitruong.vn,Miền Bắc,Tuyên Quang,64000,0.0,https://nongnghiepmoitruong.vn/gia-heo-hoi-hom-nay-30-7-2026-tiep-tuc-da-di-xuong-d823840.html,
30/07/2026,nongnghiepmoitruong.vn,Miền Bắc,Điện Biên,63000,-1000.0,https://nongnghiepmoitruong.vn/gia-heo-hoi-hom-nay-30-7-2026-tiep-tuc-da-di-xuong-d823840.html,
30/07/2026,nongnghiepmoitruong.vn,Miền Nam,An Giang,61000,0.0,https://nongnghiepmoitruong.vn/gia-heo-hoi-hom-nay-30-7-2026-tiep-tuc-da-di-xuong-d823840.html,
30/07/2026,nongnghiepmoitruong.vn,Miền Nam,Cà Mau,60000,0.0,https://nongnghiepmoitruong.vn/gia-heo-hoi-hom-nay-30-7-2026-tiep-tuc-da-di-xuong-d823840.html,
30/07/2026,nongnghiepmoitruong.vn,Miền Nam,Cần Thơ,61000,0.0,https://nongnghiepmoitruong.vn/gia-heo-hoi-hom-nay-30-7-2026-tiep-tuc-da-di-xuong-d823840.html,
30/07/2026,nongnghiepmoitruong.vn,Miền Nam,TP.HCM,62000,0.0,https://nongnghiepmoitruong.vn/gia-heo-hoi-hom-nay-30-7-2026-tiep-tuc-da-di-xuong-d823840.html,
30/07/2026,nongnghiepmoitruong.vn,Miền Nam,Tây Ninh,61000,0.0,https://nongnghiepmoitruong.vn/gia-heo-hoi-hom-nay-30-7-2026-tiep-tuc-da-di-xuong-d823840.html,
30/07/2026,nongnghiepmoitruong.vn,Miền Nam,Vĩnh Long,61000,0.0,https://nongnghiepmoitruong.vn/gia-heo-hoi-hom-nay-30-7-2026-tiep-tuc-da-di-xuong-d823840.html,
30/07/2026,nongnghiepmoitruong.vn,Miền Nam,Đồng Nai,62000,0.0,https://nongnghiepmoitruong.vn/gia-heo-hoi-hom-nay-30-7-2026-tiep-tuc-da-di-xuong-d823840.html,
30/07/2026,nongnghiepmoitruong.vn,Miền Nam,Đồng Tháp,60000,0.0,https://nongnghiepmoitruong.vn/gia-heo-hoi-hom-nay-30-7-2026-tiep-tuc-da-di-xuong-d823840.html,
30/07/2026,nongnghiepmoitruong.vn,Miền Trung - Tây Nguyên,Gia Lai,62000,0.0,https://nongnghiepmoitruong.vn/gia-heo-hoi-hom-nay-30-7-2026-tiep-tuc-da-di-xuong-d823840.html,
30/07/2026,nongnghiepmoitruong.vn,Miền Trung - Tây Nguyên,Huế,61000,0.0,https://nongnghiepmoitruong.vn/gia-heo-hoi-hom-nay-30-7-2026-tiep-tuc-da-di-xuong-d823840.html,
30/07/2026,nongnghiepmoitruong.vn,Miền Trung - Tây Nguyên,Hà Tĩnh,62000,-1000.0,https://nongnghiepmoitruong.vn/gia-heo-hoi-hom-nay-30-7-2026-tiep-tuc-da-di-xuong-d823840.html,
30/07/2026,nongnghiepmoitruong.vn,Miền Trung - Tây Nguyên,Khánh Hòa,61000,0.0,https://nongnghiepmoitruong.vn/gia-heo-hoi-hom-nay-30-7-2026-tiep-tuc-da-di-xuong-d823840.html,
30/07/2026,nongnghiepmoitruong.vn,Miền Trung - Tây Nguyên,Lâm Đồng,61000,-1000.0,https://nongnghiepmoitruong.vn/gia-heo-hoi-hom-nay-30-7-2026-tiep-tuc-da-di-xuong-d823840.html,
30/07/2026,nongnghiepmoitruong.vn,Miền Trung - Tây Nguyên,Nghệ An,62000,-1000.0,https://nongnghiepmoitruong.vn/gia-heo-hoi-hom-nay-30-7-2026-tiep-tuc-da-di-xuong-d823840.html,
30/07/2026,nongnghiepmoitruong.vn,Miền Trung - Tây Nguyên,Quảng Ngãi,62000,0.0,https://nongnghiepmoitruong.vn/gia-heo-hoi-hom-nay-30-7-2026-tiep-tuc-da-di-xuong-d823840.html,
30/07/2026,nongnghiepmoitruong.vn,Miền Trung - Tây Nguyên,Quảng Trị,62000,0.0,https://nongnghiepmoitruong.vn/gia-heo-hoi-hom-nay-30-7-2026-tiep-tuc-da-di-xuong-d823840.html,
30/07/2026,nongnghiepmoitruong.vn,Miền Trung - Tây Nguyên,Thanh Hóa,62000,-1000.0,https://nongnghiepmoitruong.vn/gia-heo-hoi-hom-nay-30-7-2026-tiep-tuc-da-di-xuong-d823840.html,
30/07/2026,nongnghiepmoitruong.vn,Miền Trung - Tây Nguyên,Đà Nẵng,61000,0.0,https://nongnghiepmoitruong.vn/gia-heo-hoi-hom-nay-30-7-2026-tiep-tuc-da-di-xuong-d823840.html,
30/07/2026,nongnghiepmoitruong.vn,Miền Trung - Tây Nguyên,Đắk Lắk,60000,-1000.0,https://nongnghiepmoitruong.vn/gia-heo-hoi-hom-nay-30-7-2026-tiep-tuc-da-di-xuong-d823840.html,
30/07/2026,vietnambiz.vn,Miền Bắc,Bắc Ninh,64000,0.0,https://vietnambiz.vn/gia-heo-hoi-hom-nay-307-tiep-da-giam-64000-dongkg-la-muc-giao-dich-cao-nhat-20267307167822.htm,
30/07/2026,vietnambiz.vn,Miền Bắc,Cao Bằng,64000,0.0,https://vietnambiz.vn/gia-heo-hoi-hom-nay-307-tiep-da-giam-64000-dongkg-la-muc-giao-dich-cao-nhat-20267307167822.htm,
30/07/2026,vietnambiz.vn,Miền Bắc,Hà Nội,64000,0.0,https://vietnambiz.vn/gia-heo-hoi-hom-nay-307-tiep-da-giam-64000-dongkg-la-muc-giao-dich-cao-nhat-20267307167822.htm,
30/07/2026,vietnambiz.vn,Miền Bắc,Hưng Yên,64000,-1000.0,https://vietnambiz.vn/gia-heo-hoi-hom-nay-307-tiep-da-giam-64000-dongkg-la-muc-giao-dich-cao-nhat-20267307167822.htm,
30/07/2026,vietnambiz.vn,Miền Bắc,Hải Phòng,64000,0.0,https://vietnambiz.vn/gia-heo-hoi-hom-nay-307-tiep-da-giam-64000-dongkg-la-muc-giao-dich-cao-nhat-20267307167822.htm,
30/07/2026,vietnambiz.vn,Miền Bắc,Lai Châu,64000,0.0,https://vietnambiz.vn/gia-heo-hoi-hom-nay-307-tiep-da-giam-64000-dongkg-la-muc-giao-dich-cao-nhat-20267307167822.htm,
30/07/2026,vietnambiz.vn,Miền Bắc,Lào Cai,63000,-1000.0,https://vietnambiz.vn/gia-heo-hoi-hom-nay-307-tiep-da-giam-64000-dongkg-la-muc-giao-dich-cao-nhat-20267307167822.htm,
30/07/2026,vietnambiz.vn,Miền Bắc,Lạng Sơn,64000,0.0,https://vietnambiz.vn/gia-heo-hoi-hom-nay-307-tiep-da-giam-64000-dongkg-la-muc-giao-dich-cao-nhat-20267307167822.htm,
30/07/2026,vietnambiz.vn,Miền Bắc,Ninh Bình,62000,-1000.0,https://vietnambiz.vn/gia-heo-hoi-hom-nay-307-tiep-da-giam-64000-dongkg-la-muc-giao-dich-cao-nhat-20267307167822.htm,
30/07/2026,vietnambiz.vn,Miền Bắc,Phú Thọ,63000,-1000.0,https://vietnambiz.vn/gia-heo-hoi-hom-nay-307-tiep-da-giam-64000-dongkg-la-muc-giao-dich-cao-nhat-20267307167822.htm,
30/07/2026,vietnambiz.vn,Miền Bắc,Quảng Ninh,64000,0.0,https://vietnambiz.vn/gia-heo-hoi-hom-nay-307-tiep-da-giam-64000-dongkg-la-muc-giao-dich-cao-nhat-20267307167822.htm,
30/07/2026,vietnambiz.vn,Miền Bắc,Sơn La,64000,0.0,https://vietnambiz.vn/gia-heo-hoi-hom-nay-307-tiep-da-giam-64000-dongkg-la-muc-giao-dich-cao-nhat-20267307167822.htm,
30/07/2026,vietnambiz.vn,Miền Bắc,Thái Nguyên,64000,0.0,https://vietnambiz.vn/gia-heo-hoi-hom-nay-307-tiep-da-giam-64000-dongkg-la-muc-giao-dich-cao-nhat-20267307167822.htm,
30/07/2026,vietnambiz.vn,Miền Bắc,Tuyên Quang,64000,0.0,https://vietnambiz.vn/gia-heo-hoi-hom-nay-307-tiep-da-giam-64000-dongkg-la-muc-giao-dich-cao-nhat-20267307167822.htm,
30/07/2026,vietnambiz.vn,Miền Bắc,Điện Biên,63000,-1000.0,https://vietnambiz.vn/gia-heo-hoi-hom-nay-307-tiep-da-giam-64000-dongkg-la-muc-giao-dich-cao-nhat-20267307167822.htm,
30/07/2026,vietnambiz.vn,Miền Nam,An Giang,61000,0.0,https://vietnambiz.vn/gia-heo-hoi-hom-nay-307-tiep-da-giam-64000-dongkg-la-muc-giao-dich-cao-nhat-20267307167822.htm,
30/07/2026,vietnambiz.vn,Miền Nam,Cà Mau,60000,0.0,https://vietnambiz.vn/gia-heo-hoi-hom-nay-307-tiep-da-giam-64000-dongkg-la-muc-giao-dich-cao-nhat-20267307167822.htm,
30/07/2026,vietnambiz.vn,Miền Nam,Cần Thơ,61000,0.0,https://vietnambiz.vn/gia-heo-hoi-hom-nay-307-tiep-da-giam-64000-dongkg-la-muc-giao-dich-cao-nhat-20267307167822.htm,
30/07/2026,vietnambiz.vn,Miền Nam,TP HCM,62000,0.0,https://vietnambiz.vn/gia-heo-hoi-hom-nay-307-tiep-da-giam-64000-dongkg-la-muc-giao-dich-cao-nhat-20267307167822.htm,
30/07/2026,vietnambiz.vn,Miền Nam,Tây Ninh,61000,0.0,https://vietnambiz.vn/gia-heo-hoi-hom-nay-307-tiep-da-giam-64000-dongkg-la-muc-giao-dich-cao-nhat-20267307167822.htm,
30/07/2026,vietnambiz.vn,Miền Nam,Vĩnh Long,61000,0.0,https://vietnambiz.vn/gia-heo-hoi-hom-nay-307-tiep-da-giam-64000-dongkg-la-muc-giao-dich-cao-nhat-20267307167822.htm,
30/07/2026,vietnambiz.vn,Miền Nam,Đồng Nai,62000,0.0,https://vietnambiz.vn/gia-heo-hoi-hom-nay-307-tiep-da-giam-64000-dongkg-la-muc-giao-dich-cao-nhat-20267307167822.htm,
30/07/2026,vietnambiz.vn,Miền Nam,Đồng Tháp,60000,0.0,https://vietnambiz.vn/gia-heo-hoi-hom-nay-307-tiep-da-giam-64000-dongkg-la-muc-giao-dich-cao-nhat-20267307167822.htm,
30/07/2026,vietnambiz.vn,Miền Trung - Tây Nguyên,Gia Lai,62000,0.0,https://vietnambiz.vn/gia-heo-hoi-hom-nay-307-tiep-da-giam-64000-dongkg-la-muc-giao-dich-cao-nhat-20267307167822.htm,
30/07/2026,vietnambiz.vn,Miền Trung - Tây Nguyên,Huế,61000,0.0,https://vietnambiz.vn/gia-heo-hoi-hom-nay-307-tiep-da-giam-64000-dongkg-la-muc-giao-dich-cao-nhat-20267307167822.htm,
30/07/2026,vietnambiz.vn,Miền Trung - Tây Nguyên,Hà Tĩnh,62000,-1000.0,https://vietnambiz.vn/gia-heo-hoi-hom-nay-307-tiep-da-giam-64000-dongkg-la-muc-giao-dich-cao-nhat-20267307167822.htm,
30/07/2026,vietnambiz.vn,Miền Trung - Tây Nguyên,Khánh Hoà,61000,0.0,https://vietnambiz.vn/gia-heo-hoi-hom-nay-307-tiep-da-giam-64000-dongkg-la-muc-giao-dich-cao-nhat-20267307167822.htm,
30/07/2026,vietnambiz.vn,Miền Trung - Tây Nguyên,Lâm Đồng,61000,-1000.0,https://vietnambiz.vn/gia-heo-hoi-hom-nay-307-tiep-da-giam-64000-dongkg-la-muc-giao-dich-cao-nhat-20267307167822.htm,
30/07/2026,vietnambiz.vn,Miền Trung - Tây Nguyên,Nghệ An,62000,-1000.0,https://vietnambiz.vn/gia-heo-hoi-hom-nay-307-tiep-da-giam-64000-dongkg-la-muc-giao-dich-cao-nhat-20267307167822.htm,
30/07/2026,vietnambiz.vn,Miền Trung - Tây Nguyên,Quảng Ngãi,62000,0.0,https://vietnambiz.vn/gia-heo-hoi-hom-nay-307-tiep-da-giam-64000-dongkg-la-muc-giao-dich-cao-nhat-20267307167822.htm,
30/07/2026,vietnambiz.vn,Miền Trung - Tây Nguyên,Quảng Trị,62000,0.0,https://vietnambiz.vn/gia-heo-hoi-hom-nay-307-tiep-da-giam-64000-dongkg-la-muc-giao-dich-cao-nhat-20267307167822.htm,
30/07/2026,vietnambiz.vn,Miền Trung - Tây Nguyên,Thanh Hoá,62000,-1000.0,https://vietnambiz.vn/gia-heo-hoi-hom-nay-307-tiep-da-giam-64000-dongkg-la-muc-giao-dich-cao-nhat-20267307167822.htm,
30/07/2026,vietnambiz.vn,Miền Trung - Tây Nguyên,Đà Nẵng,61000,0.0,https://vietnambiz.vn/gia-heo-hoi-hom-nay-307-tiep-da-giam-64000-dongkg-la-muc-giao-dich-cao-nhat-20267307167822.htm,
30/07/2026,vietnambiz.vn,Miền Trung - Tây Nguyên,Đắk Lắk,60000,-1000.0,https://vietnambiz.vn/gia-heo-hoi-hom-nay-307-tiep-da-giam-64000-dongkg-la-muc-giao-dich-cao-nhat-20267307167822.htm,
30/07/2026,vinanet.vn,Miền Bắc,Bắc Ninh,64000,,https://vinanet.vn/nong-san/gia-heo-hoi-hom-nay-307-12-dia-phuong-giam-gia-813054.html,
30/07/2026,vinanet.vn,Miền Bắc,Cao Bằng,64000,,https://vinanet.vn/nong-san/gia-heo-hoi-hom-nay-307-12-dia-phuong-giam-gia-813054.html,
30/07/2026,vinanet.vn,Miền Bắc,Hà Nội,64000,,https://vinanet.vn/nong-san/gia-heo-hoi-hom-nay-307-12-dia-phuong-giam-gia-813054.html,
30/07/2026,vinanet.vn,Miền Bắc,Hưng Yên,65000,,https://vinanet.vn/nong-san/gia-heo-hoi-hom-nay-307-12-dia-phuong-giam-gia-813054.html,
30/07/2026,vinanet.vn,Miền Bắc,Hải Phòng,64000,,https://vinanet.vn/nong-san/gia-heo-hoi-hom-nay-307-12-dia-phuong-giam-gia-813054.html,
30/07/2026,vinanet.vn,Miền Bắc,Lai Châu,64000,,https://vinanet.vn/nong-san/gia-heo-hoi-hom-nay-307-12-dia-phuong-giam-gia-813054.html,
30/07/2026,vinanet.vn,Miền Bắc,Lào Cai,64000,,https://vinanet.vn/nong-san/gia-heo-hoi-hom-nay-307-12-dia-phuong-giam-gia-813054.html,
30/07/2026,vinanet.vn,Miền Bắc,Lạng Sơn,64000,,https://vinanet.vn/nong-san/gia-heo-hoi-hom-nay-307-12-dia-phuong-giam-gia-813054.html,
30/07/2026,vinanet.vn,Miền Bắc,Ninh Bình,63000,,https://vinanet.vn/nong-san/gia-heo-hoi-hom-nay-307-12-dia-phuong-giam-gia-813054.html,
30/07/2026,vinanet.vn,Miền Bắc,Phú Thọ,64000,,https://vinanet.vn/nong-san/gia-heo-hoi-hom-nay-307-12-dia-phuong-giam-gia-813054.html,
30/07/2026,vinanet.vn,Miền Bắc,Quảng Ninh,64000,,https://vinanet.vn/nong-san/gia-heo-hoi-hom-nay-307-12-dia-phuong-giam-gia-813054.html,
30/07/2026,vinanet.vn,Miền Bắc,Sơn La,64000,,https://vinanet.vn/nong-san/gia-heo-hoi-hom-nay-307-12-dia-phuong-giam-gia-813054.html,
30/07/2026,vinanet.vn,Miền Bắc,Thái Nguyên,64000,,https://vinanet.vn/nong-san/gia-heo-hoi-hom-nay-307-12-dia-phuong-giam-gia-813054.html,
30/07/2026,vinanet.vn,Miền Bắc,Tuyên Quang,64000,,https://vinanet.vn/nong-san/gia-heo-hoi-hom-nay-307-12-dia-phuong-giam-gia-813054.html,
30/07/2026,vinanet.vn,Miền Bắc,Điện Biên,64000,,https://vinanet.vn/nong-san/gia-heo-hoi-hom-nay-307-12-dia-phuong-giam-gia-813054.html,
30/07/2026,vinanet.vn,Miền Nam,An Giang,61000,,https://vinanet.vn/nong-san/gia-heo-hoi-hom-nay-307-12-dia-phuong-giam-gia-813054.html,
30/07/2026,vinanet.vn,Miền Nam,Cà Mau,60000,,https://vinanet.vn/nong-san/gia-heo-hoi-hom-nay-307-12-dia-phuong-giam-gia-813054.html,
30/07/2026,vinanet.vn,Miền Nam,Cần Thơ,61000,,https://vinanet.vn/nong-san/gia-heo-hoi-hom-nay-307-12-dia-phuong-giam-gia-813054.html,
30/07/2026,vinanet.vn,Miền Nam,TP.HCM,62000,,https://vinanet.vn/nong-san/gia-heo-hoi-hom-nay-307-12-dia-phuong-giam-gia-813054.html,
30/07/2026,vinanet.vn,Miền Nam,Tây Ninh,61000,,https://vinanet.vn/nong-san/gia-heo-hoi-hom-nay-307-12-dia-phuong-giam-gia-813054.html,
30/07/2026,vinanet.vn,Miền Nam,Vĩnh Long,61000,,https://vinanet.vn/nong-san/gia-heo-hoi-hom-nay-307-12-dia-phuong-giam-gia-813054.html,
30/07/2026,vinanet.vn,Miền Nam,Đồng Nai,62000,,https://vinanet.vn/nong-san/gia-heo-hoi-hom-nay-307-12-dia-phuong-giam-gia-813054.html,
30/07/2026,vinanet.vn,Miền Nam,Đồng Tháp,60000,,https://vinanet.vn/nong-san/gia-heo-hoi-hom-nay-307-12-dia-phuong-giam-gia-813054.html,
30/07/2026,vinanet.vn,Miền Trung - Tây Nguyên,Gia Lai,62000,,https://vinanet.vn/nong-san/gia-heo-hoi-hom-nay-307-12-dia-phuong-giam-gia-813054.html,
30/07/2026,vinanet.vn,Miền Trung - Tây Nguyên,Huế,61000,,https://vinanet.vn/nong-san/gia-heo-hoi-hom-nay-307-12-dia-phuong-giam-gia-813054.html,
30/07/2026,vinanet.vn,Miền Trung - Tây Nguyên,Hà Tĩnh,63000,,https://vinanet.vn/nong-san/gia-heo-hoi-hom-nay-307-12-dia-phuong-giam-gia-813054.html,
30/07/2026,vinanet.vn,Miền Trung - Tây Nguyên,Khánh Hòa,61000,,https://vinanet.vn/nong-san/gia-heo-hoi-hom-nay-307-12-dia-phuong-giam-gia-813054.html,
30/07/2026,vinanet.vn,Miền Trung - Tây Nguyên,Lâm Đồng,62000,,https://vinanet.vn/nong-san/gia-heo-hoi-hom-nay-307-12-dia-phuong-giam-gia-813054.html,
30/07/2026,vinanet.vn,Miền Trung - Tây Nguyên,Nghệ An,63000,,https://vinanet.vn/nong-san/gia-heo-hoi-hom-nay-307-12-dia-phuong-giam-gia-813054.html,
30/07/2026,vinanet.vn,Miền Trung - Tây Nguyên,Quảng Ngãi,62000,,https://vinanet.vn/nong-san/gia-heo-hoi-hom-nay-307-12-dia-phuong-giam-gia-813054.html,
30/07/2026,vinanet.vn,Miền Trung - Tây Nguyên,Quảng Trị,62000,,https://vinanet.vn/nong-san/gia-heo-hoi-hom-nay-307-12-dia-phuong-giam-gia-813054.html,
30/07/2026,vinanet.vn,Miền Trung - Tây Nguyên,Thanh Hóa,63000,,https://vinanet.vn/nong-san/gia-heo-hoi-hom-nay-307-12-dia-phuong-giam-gia-813054.html,
30/07/2026,vinanet.vn,Miền Trung - Tây Nguyên,Đà Nẵng,61000,,https://vinanet.vn/nong-san/gia-heo-hoi-hom-nay-307-12-dia-phuong-giam-gia-813054.html,
30/07/2026,vinanet.vn,Miền Trung - Tây Nguyên,Đắk Lắk,61000,,https://vinanet.vn/nong-san/gia-heo-hoi-hom-nay-307-12-dia-phuong-giam-gia-813054.html,
31/07/2026,vietnambiz.vn,Miền Bắc,Bắc Ninh,63000,-1000.0,https://vietnambiz.vn/gia-heo-hoi-hom-nay-317-mien-bac-tiep-tuc-di-xuong-2026731753729.htm,
31/07/2026,vietnambiz.vn,Miền Bắc,Cao Bằng,63000,-1000.0,https://vietnambiz.vn/gia-heo-hoi-hom-nay-317-mien-bac-tiep-tuc-di-xuong-2026731753729.htm,
31/07/2026,vietnambiz.vn,Miền Bắc,Hà Nội,64000,0.0,https://vietnambiz.vn/gia-heo-hoi-hom-nay-317-mien-bac-tiep-tuc-di-xuong-2026731753729.htm,
31/07/2026,vietnambiz.vn,Miền Bắc,Hưng Yên,64000,0.0,https://vietnambiz.vn/gia-heo-hoi-hom-nay-317-mien-bac-tiep-tuc-di-xuong-2026731753729.htm,
31/07/2026,vietnambiz.vn,Miền Bắc,Hải Phòng,64000,0.0,https://vietnambiz.vn/gia-heo-hoi-hom-nay-317-mien-bac-tiep-tuc-di-xuong-2026731753729.htm,
31/07/2026,vietnambiz.vn,Miền Bắc,Lai Châu,64000,0.0,https://vietnambiz.vn/gia-heo-hoi-hom-nay-317-mien-bac-tiep-tuc-di-xuong-2026731753729.htm,
31/07/2026,vietnambiz.vn,Miền Bắc,Lào Cai,63000,0.0,https://vietnambiz.vn/gia-heo-hoi-hom-nay-317-mien-bac-tiep-tuc-di-xuong-2026731753729.htm,
31/07/2026,vietnambiz.vn,Miền Bắc,Lạng Sơn,63000,-1000.0,https://vietnambiz.vn/gia-heo-hoi-hom-nay-317-mien-bac-tiep-tuc-di-xuong-2026731753729.htm,
31/07/2026,vietnambiz.vn,Miền Bắc,Ninh Bình,62000,0.0,https://vietnambiz.vn/gia-heo-hoi-hom-nay-317-mien-bac-tiep-tuc-di-xuong-2026731753729.htm,
31/07/2026,vietnambiz.vn,Miền Bắc,Phú Thọ,63000,0.0,https://vietnambiz.vn/gia-heo-hoi-hom-nay-317-mien-bac-tiep-tuc-di-xuong-2026731753729.htm,
31/07/2026,vietnambiz.vn,Miền Bắc,Quảng Ninh,63000,-1000.0,https://vietnambiz.vn/gia-heo-hoi-hom-nay-317-mien-bac-tiep-tuc-di-xuong-2026731753729.htm,
31/07/2026,vietnambiz.vn,Miền Bắc,Sơn La,63000,-1000.0,https://vietnambiz.vn/gia-heo-hoi-hom-nay-317-mien-bac-tiep-tuc-di-xuong-2026731753729.htm,
31/07/2026,vietnambiz.vn,Miền Bắc,Thái Nguyên,63000,-1000.0,https://vietnambiz.vn/gia-heo-hoi-hom-nay-317-mien-bac-tiep-tuc-di-xuong-2026731753729.htm,
31/07/2026,vietnambiz.vn,Miền Bắc,Tuyên Quang,64000,0.0,https://vietnambiz.vn/gia-heo-hoi-hom-nay-317-mien-bac-tiep-tuc-di-xuong-2026731753729.htm,
31/07/2026,vietnambiz.vn,Miền Bắc,Điện Biên,63000,0.0,https://vietnambiz.vn/gia-heo-hoi-hom-nay-317-mien-bac-tiep-tuc-di-xuong-2026731753729.htm,
31/07/2026,vietnambiz.vn,Miền Nam,An Giang,61000,0.0,https://vietnambiz.vn/gia-heo-hoi-hom-nay-317-mien-bac-tiep-tuc-di-xuong-2026731753729.htm,
31/07/2026,vietnambiz.vn,Miền Nam,Cà Mau,60000,0.0,https://vietnambiz.vn/gia-heo-hoi-hom-nay-317-mien-bac-tiep-tuc-di-xuong-2026731753729.htm,
31/07/2026,vietnambiz.vn,Miền Nam,Cần Thơ,61000,0.0,https://vietnambiz.vn/gia-heo-hoi-hom-nay-317-mien-bac-tiep-tuc-di-xuong-2026731753729.htm,
31/07/2026,vietnambiz.vn,Miền Nam,TP HCM,62000,0.0,https://vietnambiz.vn/gia-heo-hoi-hom-nay-317-mien-bac-tiep-tuc-di-xuong-2026731753729.htm,
31/07/2026,vietnambiz.vn,Miền Nam,Tây Ninh,61000,0.0,https://vietnambiz.vn/gia-heo-hoi-hom-nay-317-mien-bac-tiep-tuc-di-xuong-2026731753729.htm,
31/07/2026,vietnambiz.vn,Miền Nam,Vĩnh Long,61000,0.0,https://vietnambiz.vn/gia-heo-hoi-hom-nay-317-mien-bac-tiep-tuc-di-xuong-2026731753729.htm,
31/07/2026,vietnambiz.vn,Miền Nam,Đồng Nai,62000,0.0,https://vietnambiz.vn/gia-heo-hoi-hom-nay-317-mien-bac-tiep-tuc-di-xuong-2026731753729.htm,
31/07/2026,vietnambiz.vn,Miền Nam,Đồng Tháp,60000,0.0,https://vietnambiz.vn/gia-heo-hoi-hom-nay-317-mien-bac-tiep-tuc-di-xuong-2026731753729.htm,
31/07/2026,vietnambiz.vn,Miền Trung - Tây Nguyên,Gia Lai,62000,0.0,https://vietnambiz.vn/gia-heo-hoi-hom-nay-317-mien-bac-tiep-tuc-di-xuong-2026731753729.htm,
31/07/2026,vietnambiz.vn,Miền Trung - Tây Nguyên,Huế,61000,0.0,https://vietnambiz.vn/gia-heo-hoi-hom-nay-317-mien-bac-tiep-tuc-di-xuong-2026731753729.htm,
31/07/2026,vietnambiz.vn,Miền Trung - Tây Nguyên,Hà Tĩnh,62000,0.0,https://vietnambiz.vn/gia-heo-hoi-hom-nay-317-mien-bac-tiep-tuc-di-xuong-2026731753729.htm,
31/07/2026,vietnambiz.vn,Miền Trung - Tây Nguyên,Khánh Hoà,61000,0.0,https://vietnambiz.vn/gia-heo-hoi-hom-nay-317-mien-bac-tiep-tuc-di-xuong-2026731753729.htm,
31/07/2026,vietnambiz.vn,Miền Trung - Tây Nguyên,Lâm Đồng,61000,0.0,https://vietnambiz.vn/gia-heo-hoi-hom-nay-317-mien-bac-tiep-tuc-di-xuong-2026731753729.htm,
31/07/2026,vietnambiz.vn,Miền Trung - Tây Nguyên,Nghệ An,62000,0.0,https://vietnambiz.vn/gia-heo-hoi-hom-nay-317-mien-bac-tiep-tuc-di-xuong-2026731753729.htm,
31/07/2026,vietnambiz.vn,Miền Trung - Tây Nguyên,Quảng Ngãi,62000,0.0,https://vietnambiz.vn/gia-heo-hoi-hom-nay-317-mien-bac-tiep-tuc-di-xuong-2026731753729.htm,
31/07/2026,vietnambiz.vn,Miền Trung - Tây Nguyên,Quảng Trị,62000,0.0,https://vietnambiz.vn/gia-heo-hoi-hom-nay-317-mien-bac-tiep-tuc-di-xuong-2026731753729.htm,
31/07/2026,vietnambiz.vn,Miền Trung - Tây Nguyên,Thanh Hoá,62000,0.0,https://vietnambiz.vn/gia-heo-hoi-hom-nay-317-mien-bac-tiep-tuc-di-xuong-2026731753729.htm,
31/07/2026,vietnambiz.vn,Miền Trung - Tây Nguyên,Đà Nẵng,61000,0.0,https://vietnambiz.vn/gia-heo-hoi-hom-nay-317-mien-bac-tiep-tuc-di-xuong-2026731753729.htm,
31/07/2026,vietnambiz.vn,Miền Trung - Tây Nguyên,Đắk Lắk,60000,0.0,https://vietnambiz.vn/gia-heo-hoi-hom-nay-317-mien-bac-tiep-tuc-di-xuong-2026731753729.htm,
31/07/2026,vinanet.vn,Miền Bắc,Bắc Ninh,64000,,https://vinanet.vn/nong-nghiep/gia-heo-hoi-hom-nay-3172026-ca-nuoc-xuong-sat-moc-60000-dongkg-813112.html,
31/07/2026,vinanet.vn,Miền Bắc,Cao Bằng,64000,,https://vinanet.vn/nong-nghiep/gia-heo-hoi-hom-nay-3172026-ca-nuoc-xuong-sat-moc-60000-dongkg-813112.html,
31/07/2026,vinanet.vn,Miền Bắc,Hà Nội,64000,,https://vinanet.vn/nong-nghiep/gia-heo-hoi-hom-nay-3172026-ca-nuoc-xuong-sat-moc-60000-dongkg-813112.html,
31/07/2026,vinanet.vn,Miền Bắc,Hưng Yên,64000,,https://vinanet.vn/nong-nghiep/gia-heo-hoi-hom-nay-3172026-ca-nuoc-xuong-sat-moc-60000-dongkg-813112.html,
31/07/2026,vinanet.vn,Miền Bắc,Hải Phòng,64000,,https://vinanet.vn/nong-nghiep/gia-heo-hoi-hom-nay-3172026-ca-nuoc-xuong-sat-moc-60000-dongkg-813112.html,
31/07/2026,vinanet.vn,Miền Bắc,Lai Châu,64000,,https://vinanet.vn/nong-nghiep/gia-heo-hoi-hom-nay-3172026-ca-nuoc-xuong-sat-moc-60000-dongkg-813112.html,
31/07/2026,vinanet.vn,Miền Bắc,Lào Cai,63000,,https://vinanet.vn/nong-nghiep/gia-heo-hoi-hom-nay-3172026-ca-nuoc-xuong-sat-moc-60000-dongkg-813112.html,
31/07/2026,vinanet.vn,Miền Bắc,Lạng Sơn,64000,,https://vinanet.vn/nong-nghiep/gia-heo-hoi-hom-nay-3172026-ca-nuoc-xuong-sat-moc-60000-dongkg-813112.html,
31/07/2026,vinanet.vn,Miền Bắc,Ninh Bình,62000,,https://vinanet.vn/nong-nghiep/gia-heo-hoi-hom-nay-3172026-ca-nuoc-xuong-sat-moc-60000-dongkg-813112.html,
31/07/2026,vinanet.vn,Miền Bắc,Phú Thọ,63000,,https://vinanet.vn/nong-nghiep/gia-heo-hoi-hom-nay-3172026-ca-nuoc-xuong-sat-moc-60000-dongkg-813112.html,
31/07/2026,vinanet.vn,Miền Bắc,Quảng Ninh,64000,,https://vinanet.vn/nong-nghiep/gia-heo-hoi-hom-nay-3172026-ca-nuoc-xuong-sat-moc-60000-dongkg-813112.html,
31/07/2026,vinanet.vn,Miền Bắc,Sơn La,64000,,https://vinanet.vn/nong-nghiep/gia-heo-hoi-hom-nay-3172026-ca-nuoc-xuong-sat-moc-60000-dongkg-813112.html,
31/07/2026,vinanet.vn,Miền Bắc,Thái Nguyên,64000,,https://vinanet.vn/nong-nghiep/gia-heo-hoi-hom-nay-3172026-ca-nuoc-xuong-sat-moc-60000-dongkg-813112.html,
31/07/2026,vinanet.vn,Miền Bắc,Tuyên Quang,64000,,https://vinanet.vn/nong-nghiep/gia-heo-hoi-hom-nay-3172026-ca-nuoc-xuong-sat-moc-60000-dongkg-813112.html,
31/07/2026,vinanet.vn,Miền Bắc,Điện Biên,63000,,https://vinanet.vn/nong-nghiep/gia-heo-hoi-hom-nay-3172026-ca-nuoc-xuong-sat-moc-60000-dongkg-813112.html,
31/07/2026,vinanet.vn,Miền Nam,An Giang,61000,,https://vinanet.vn/nong-nghiep/gia-heo-hoi-hom-nay-3172026-ca-nuoc-xuong-sat-moc-60000-dongkg-813112.html,
31/07/2026,vinanet.vn,Miền Nam,Cà Mau,60000,,https://vinanet.vn/nong-nghiep/gia-heo-hoi-hom-nay-3172026-ca-nuoc-xuong-sat-moc-60000-dongkg-813112.html,
31/07/2026,vinanet.vn,Miền Nam,Cần Thơ,61000,,https://vinanet.vn/nong-nghiep/gia-heo-hoi-hom-nay-3172026-ca-nuoc-xuong-sat-moc-60000-dongkg-813112.html,
31/07/2026,vinanet.vn,Miền Nam,TP HCM,62000,,https://vinanet.vn/nong-nghiep/gia-heo-hoi-hom-nay-3172026-ca-nuoc-xuong-sat-moc-60000-dongkg-813112.html,
31/07/2026,vinanet.vn,Miền Nam,Tây Ninh,61000,,https://vinanet.vn/nong-nghiep/gia-heo-hoi-hom-nay-3172026-ca-nuoc-xuong-sat-moc-60000-dongkg-813112.html,
31/07/2026,vinanet.vn,Miền Nam,Vĩnh Long,61000,,https://vinanet.vn/nong-nghiep/gia-heo-hoi-hom-nay-3172026-ca-nuoc-xuong-sat-moc-60000-dongkg-813112.html,
31/07/2026,vinanet.vn,Miền Nam,Đồng Nai,62000,,https://vinanet.vn/nong-nghiep/gia-heo-hoi-hom-nay-3172026-ca-nuoc-xuong-sat-moc-60000-dongkg-813112.html,
31/07/2026,vinanet.vn,Miền Nam,Đồng Tháp,60000,,https://vinanet.vn/nong-nghiep/gia-heo-hoi-hom-nay-3172026-ca-nuoc-xuong-sat-moc-60000-dongkg-813112.html,
31/07/2026,vinanet.vn,Miền Trung - Tây Nguyên,Gia Lai,62000,,https://vinanet.vn/nong-nghiep/gia-heo-hoi-hom-nay-3172026-ca-nuoc-xuong-sat-moc-60000-dongkg-813112.html,
31/07/2026,vinanet.vn,Miền Trung - Tây Nguyên,Huế,61000,,https://vinanet.vn/nong-nghiep/gia-heo-hoi-hom-nay-3172026-ca-nuoc-xuong-sat-moc-60000-dongkg-813112.html,
31/07/2026,vinanet.vn,Miền Trung - Tây Nguyên,Hà Tĩnh,62000,,https://vinanet.vn/nong-nghiep/gia-heo-hoi-hom-nay-3172026-ca-nuoc-xuong-sat-moc-60000-dongkg-813112.html,
31/07/2026,vinanet.vn,Miền Trung - Tây Nguyên,Khánh Hòa,61000,,https://vinanet.vn/nong-nghiep/gia-heo-hoi-hom-nay-3172026-ca-nuoc-xuong-sat-moc-60000-dongkg-813112.html,
31/07/2026,vinanet.vn,Miền Trung - Tây Nguyên,Lâm Đồng,61000,,https://vinanet.vn/nong-nghiep/gia-heo-hoi-hom-nay-3172026-ca-nuoc-xuong-sat-moc-60000-dongkg-813112.html,
31/07/2026,vinanet.vn,Miền Trung - Tây Nguyên,Nghệ An,62000,,https://vinanet.vn/nong-nghiep/gia-heo-hoi-hom-nay-3172026-ca-nuoc-xuong-sat-moc-60000-dongkg-813112.html,
31/07/2026,vinanet.vn,Miền Trung - Tây Nguyên,Quảng Ngãi,62000,,https://vinanet.vn/nong-nghiep/gia-heo-hoi-hom-nay-3172026-ca-nuoc-xuong-sat-moc-60000-dongkg-813112.html,
31/07/2026,vinanet.vn,Miền Trung - Tây Nguyên,Quảng Trị,62000,,https://vinanet.vn/nong-nghiep/gia-heo-hoi-hom-nay-3172026-ca-nuoc-xuong-sat-moc-60000-dongkg-813112.html,
31/07/2026,vinanet.vn,Miền Trung - Tây Nguyên,Thanh Hóa,62000,,https://vinanet.vn/nong-nghiep/gia-heo-hoi-hom-nay-3172026-ca-nuoc-xuong-sat-moc-60000-dongkg-813112.html,
31/07/2026,vinanet.vn,Miền Trung - Tây Nguyên,Đà Nẵng,61000,,https://vinanet.vn/nong-nghiep/gia-heo-hoi-hom-nay-3172026-ca-nuoc-xuong-sat-moc-60000-dongkg-813112.html,
31/07/2026,vinanet.vn,Miền Trung - Tây Nguyên,Đắk Lắk,60000,,https://vinanet.vn/nong-nghiep/gia-heo-hoi-hom-nay-3172026-ca-nuoc-xuong-sat-moc-60000-dongkg-813112.html,
01/08/2026,vietnambiz.vn,Miền Bắc,Bắc Ninh,63000,0.0,https://vietnambiz.vn/gia-heo-hoi-hom-nay-18-bien-dong-tai-ca-ba-mien-20268173041124.htm,
01/08/2026,vietnambiz.vn,Miền Bắc,Cao Bằng,63000,0.0,https://vietnambiz.vn/gia-heo-hoi-hom-nay-18-bien-dong-tai-ca-ba-mien-20268173041124.htm,
01/08/2026,vietnambiz.vn,Miền Bắc,Hà Nội,64000,0.0,https://vietnambiz.vn/gia-heo-hoi-hom-nay-18-bien-dong-tai-ca-ba-mien-20268173041124.htm,
01/08/2026,vietnambiz.vn,Miền Bắc,Hưng Yên,64000,0.0,https://vietnambiz.vn/gia-heo-hoi-hom-nay-18-bien-dong-tai-ca-ba-mien-20268173041124.htm,
01/08/2026,vietnambiz.vn,Miền Bắc,Hải Phòng,63000,-1000.0,https://vietnambiz.vn/gia-heo-hoi-hom-nay-18-bien-dong-tai-ca-ba-mien-20268173041124.htm,
01/08/2026,vietnambiz.vn,Miền Bắc,Lai Châu,63000,-1000.0,https://vietnambiz.vn/gia-heo-hoi-hom-nay-18-bien-dong-tai-ca-ba-mien-20268173041124.htm,
01/08/2026,vietnambiz.vn,Miền Bắc,Lào Cai,62000,-1000.0,https://vietnambiz.vn/gia-heo-hoi-hom-nay-18-bien-dong-tai-ca-ba-mien-20268173041124.htm,
01/08/2026,vietnambiz.vn,Miền Bắc,Lạng Sơn,63000,0.0,https://vietnambiz.vn/gia-heo-hoi-hom-nay-18-bien-dong-tai-ca-ba-mien-20268173041124.htm,
01/08/2026,vietnambiz.vn,Miền Bắc,Ninh Bình,62000,0.0,https://vietnambiz.vn/gia-heo-hoi-hom-nay-18-bien-dong-tai-ca-ba-mien-20268173041124.htm,
01/08/2026,vietnambiz.vn,Miền Bắc,Phú Thọ,63000,0.0,https://vietnambiz.vn/gia-heo-hoi-hom-nay-18-bien-dong-tai-ca-ba-mien-20268173041124.htm,
01/08/2026,vietnambiz.vn,Miền Bắc,Quảng Ninh,63000,0.0,https://vietnambiz.vn/gia-heo-hoi-hom-nay-18-bien-dong-tai-ca-ba-mien-20268173041124.htm,
01/08/2026,vietnambiz.vn,Miền Bắc,Sơn La,63000,0.0,https://vietnambiz.vn/gia-heo-hoi-hom-nay-18-bien-dong-tai-ca-ba-mien-20268173041124.htm,
01/08/2026,vietnambiz.vn,Miền Bắc,Thái Nguyên,63000,0.0,https://vietnambiz.vn/gia-heo-hoi-hom-nay-18-bien-dong-tai-ca-ba-mien-20268173041124.htm,
01/08/2026,vietnambiz.vn,Miền Bắc,Tuyên Quang,63000,-1000.0,https://vietnambiz.vn/gia-heo-hoi-hom-nay-18-bien-dong-tai-ca-ba-mien-20268173041124.htm,
01/08/2026,vietnambiz.vn,Miền Bắc,Điện Biên,63000,0.0,https://vietnambiz.vn/gia-heo-hoi-hom-nay-18-bien-dong-tai-ca-ba-mien-20268173041124.htm,
01/08/2026,vietnambiz.vn,Miền Nam,An Giang,60000,-1000.0,https://vietnambiz.vn/gia-heo-hoi-hom-nay-18-bien-dong-tai-ca-ba-mien-20268173041124.htm,
01/08/2026,vietnambiz.vn,Miền Nam,Cà Mau,60000,0.0,https://vietnambiz.vn/gia-heo-hoi-hom-nay-18-bien-dong-tai-ca-ba-mien-20268173041124.htm,
01/08/2026,vietnambiz.vn,Miền Nam,Cần Thơ,61000,0.0,https://vietnambiz.vn/gia-heo-hoi-hom-nay-18-bien-dong-tai-ca-ba-mien-20268173041124.htm,
01/08/2026,vietnambiz.vn,Miền Nam,TP HCM,62000,0.0,https://vietnambiz.vn/gia-heo-hoi-hom-nay-18-bien-dong-tai-ca-ba-mien-20268173041124.htm,
01/08/2026,vietnambiz.vn,Miền Nam,Tây Ninh,61000,0.0,https://vietnambiz.vn/gia-heo-hoi-hom-nay-18-bien-dong-tai-ca-ba-mien-20268173041124.htm,
01/08/2026,vietnambiz.vn,Miền Nam,Vĩnh Long,61000,0.0,https://vietnambiz.vn/gia-heo-hoi-hom-nay-18-bien-dong-tai-ca-ba-mien-20268173041124.htm,
01/08/2026,vietnambiz.vn,Miền Nam,Đồng Nai,62000,0.0,https://vietnambiz.vn/gia-heo-hoi-hom-nay-18-bien-dong-tai-ca-ba-mien-20268173041124.htm,
01/08/2026,vietnambiz.vn,Miền Nam,Đồng Tháp,60000,0.0,https://vietnambiz.vn/gia-heo-hoi-hom-nay-18-bien-dong-tai-ca-ba-mien-20268173041124.htm,
01/08/2026,vietnambiz.vn,Miền Trung - Tây Nguyên,Gia Lai,62000,0.0,https://vietnambiz.vn/gia-heo-hoi-hom-nay-18-bien-dong-tai-ca-ba-mien-20268173041124.htm,
01/08/2026,vietnambiz.vn,Miền Trung - Tây Nguyên,Huế,61000,0.0,https://vietnambiz.vn/gia-heo-hoi-hom-nay-18-bien-dong-tai-ca-ba-mien-20268173041124.htm,
01/08/2026,vietnambiz.vn,Miền Trung - Tây Nguyên,Hà Tĩnh,62000,0.0,https://vietnambiz.vn/gia-heo-hoi-hom-nay-18-bien-dong-tai-ca-ba-mien-20268173041124.htm,
01/08/2026,vietnambiz.vn,Miền Trung - Tây Nguyên,Khánh Hoà,61000,0.0,https://vietnambiz.vn/gia-heo-hoi-hom-nay-18-bien-dong-tai-ca-ba-mien-20268173041124.htm,
01/08/2026,vietnambiz.vn,Miền Trung - Tây Nguyên,Lâm Đồng,61000,0.0,https://vietnambiz.vn/gia-heo-hoi-hom-nay-18-bien-dong-tai-ca-ba-mien-20268173041124.htm,
01/08/2026,vietnambiz.vn,Miền Trung - Tây Nguyên,Nghệ An,62000,0.0,https://vietnambiz.vn/gia-heo-hoi-hom-nay-18-bien-dong-tai-ca-ba-mien-20268173041124.htm,
01/08/2026,vietnambiz.vn,Miền Trung - Tây Nguyên,Quảng Ngãi,61000,-1000.0,https://vietnambiz.vn/gia-heo-hoi-hom-nay-18-bien-dong-tai-ca-ba-mien-20268173041124.htm,
01/08/2026,vietnambiz.vn,Miền Trung - Tây Nguyên,Quảng Trị,62000,0.0,https://vietnambiz.vn/gia-heo-hoi-hom-nay-18-bien-dong-tai-ca-ba-mien-20268173041124.htm,
01/08/2026,vietnambiz.vn,Miền Trung - Tây Nguyên,Thanh Hoá,62000,0.0,https://vietnambiz.vn/gia-heo-hoi-hom-nay-18-bien-dong-tai-ca-ba-mien-20268173041124.htm,
01/08/2026,vietnambiz.vn,Miền Trung - Tây Nguyên,Đà Nẵng,61000,0.0,https://vietnambiz.vn/gia-heo-hoi-hom-nay-18-bien-dong-tai-ca-ba-mien-20268173041124.htm,
01/08/2026,vietnambiz.vn,Miền Trung - Tây Nguyên,Đắk Lắk,60000,0.0,https://vietnambiz.vn/gia-heo-hoi-hom-nay-18-bien-dong-tai-ca-ba-mien-20268173041124.htm,
02/08/2026,vietnambiz.vn,Miền Bắc,Bắc Ninh,63000,0.0,https://vietnambiz.vn/gia-heo-hoi-hom-nay-28-lien-tuc-di-xuong-thi-truong-ghi-nhan-muc-60000-dongkg-trong-tuan-qua-20268285111208.htm,
02/08/2026,vietnambiz.vn,Miền Bắc,Cao Bằng,63000,0.0,https://vietnambiz.vn/gia-heo-hoi-hom-nay-28-lien-tuc-di-xuong-thi-truong-ghi-nhan-muc-60000-dongkg-trong-tuan-qua-20268285111208.htm,
02/08/2026,vietnambiz.vn,Miền Bắc,Hà Nội,64000,0.0,https://vietnambiz.vn/gia-heo-hoi-hom-nay-28-lien-tuc-di-xuong-thi-truong-ghi-nhan-muc-60000-dongkg-trong-tuan-qua-20268285111208.htm,
02/08/2026,vietnambiz.vn,Miền Bắc,Hưng Yên,64000,0.0,https://vietnambiz.vn/gia-heo-hoi-hom-nay-28-lien-tuc-di-xuong-thi-truong-ghi-nhan-muc-60000-dongkg-trong-tuan-qua-20268285111208.htm,
02/08/2026,vietnambiz.vn,Miền Bắc,Hải Phòng,63000,0.0,https://vietnambiz.vn/gia-heo-hoi-hom-nay-28-lien-tuc-di-xuong-thi-truong-ghi-nhan-muc-60000-dongkg-trong-tuan-qua-20268285111208.htm,
02/08/2026,vietnambiz.vn,Miền Bắc,Lai Châu,63000,0.0,https://vietnambiz.vn/gia-heo-hoi-hom-nay-28-lien-tuc-di-xuong-thi-truong-ghi-nhan-muc-60000-dongkg-trong-tuan-qua-20268285111208.htm,
02/08/2026,vietnambiz.vn,Miền Bắc,Lào Cai,62000,0.0,https://vietnambiz.vn/gia-heo-hoi-hom-nay-28-lien-tuc-di-xuong-thi-truong-ghi-nhan-muc-60000-dongkg-trong-tuan-qua-20268285111208.htm,
02/08/2026,vietnambiz.vn,Miền Bắc,Lạng Sơn,63000,0.0,https://vietnambiz.vn/gia-heo-hoi-hom-nay-28-lien-tuc-di-xuong-thi-truong-ghi-nhan-muc-60000-dongkg-trong-tuan-qua-20268285111208.htm,
02/08/2026,vietnambiz.vn,Miền Bắc,Ninh Bình,62000,0.0,https://vietnambiz.vn/gia-heo-hoi-hom-nay-28-lien-tuc-di-xuong-thi-truong-ghi-nhan-muc-60000-dongkg-trong-tuan-qua-20268285111208.htm,
02/08/2026,vietnambiz.vn,Miền Bắc,Phú Thọ,63000,0.0,https://vietnambiz.vn/gia-heo-hoi-hom-nay-28-lien-tuc-di-xuong-thi-truong-ghi-nhan-muc-60000-dongkg-trong-tuan-qua-20268285111208.htm,
02/08/2026,vietnambiz.vn,Miền Bắc,Quảng Ninh,63000,0.0,https://vietnambiz.vn/gia-heo-hoi-hom-nay-28-lien-tuc-di-xuong-thi-truong-ghi-nhan-muc-60000-dongkg-trong-tuan-qua-20268285111208.htm,
02/08/2026,vietnambiz.vn,Miền Bắc,Sơn La,63000,0.0,https://vietnambiz.vn/gia-heo-hoi-hom-nay-28-lien-tuc-di-xuong-thi-truong-ghi-nhan-muc-60000-dongkg-trong-tuan-qua-20268285111208.htm,
02/08/2026,vietnambiz.vn,Miền Bắc,Thái Nguyên,63000,0.0,https://vietnambiz.vn/gia-heo-hoi-hom-nay-28-lien-tuc-di-xuong-thi-truong-ghi-nhan-muc-60000-dongkg-trong-tuan-qua-20268285111208.htm,
02/08/2026,vietnambiz.vn,Miền Bắc,Tuyên Quang,63000,0.0,https://vietnambiz.vn/gia-heo-hoi-hom-nay-28-lien-tuc-di-xuong-thi-truong-ghi-nhan-muc-60000-dongkg-trong-tuan-qua-20268285111208.htm,
02/08/2026,vietnambiz.vn,Miền Bắc,Điện Biên,63000,0.0,https://vietnambiz.vn/gia-heo-hoi-hom-nay-28-lien-tuc-di-xuong-thi-truong-ghi-nhan-muc-60000-dongkg-trong-tuan-qua-20268285111208.htm,
02/08/2026,vietnambiz.vn,Miền Nam,An Giang,60000,0.0,https://vietnambiz.vn/gia-heo-hoi-hom-nay-28-lien-tuc-di-xuong-thi-truong-ghi-nhan-muc-60000-dongkg-trong-tuan-qua-20268285111208.htm,
02/08/2026,vietnambiz.vn,Miền Nam,Cà Mau,60000,0.0,https://vietnambiz.vn/gia-heo-hoi-hom-nay-28-lien-tuc-di-xuong-thi-truong-ghi-nhan-muc-60000-dongkg-trong-tuan-qua-20268285111208.htm,
02/08/2026,vietnambiz.vn,Miền Nam,Cần Thơ,61000,0.0,https://vietnambiz.vn/gia-heo-hoi-hom-nay-28-lien-tuc-di-xuong-thi-truong-ghi-nhan-muc-60000-dongkg-trong-tuan-qua-20268285111208.htm,
02/08/2026,vietnambiz.vn,Miền Nam,TP HCM,62000,0.0,https://vietnambiz.vn/gia-heo-hoi-hom-nay-28-lien-tuc-di-xuong-thi-truong-ghi-nhan-muc-60000-dongkg-trong-tuan-qua-20268285111208.htm,
02/08/2026,vietnambiz.vn,Miền Nam,Tây Ninh,61000,0.0,https://vietnambiz.vn/gia-heo-hoi-hom-nay-28-lien-tuc-di-xuong-thi-truong-ghi-nhan-muc-60000-dongkg-trong-tuan-qua-20268285111208.htm,
02/08/2026,vietnambiz.vn,Miền Nam,Vĩnh Long,61000,0.0,https://vietnambiz.vn/gia-heo-hoi-hom-nay-28-lien-tuc-di-xuong-thi-truong-ghi-nhan-muc-60000-dongkg-trong-tuan-qua-20268285111208.htm,
02/08/2026,vietnambiz.vn,Miền Nam,Đồng Nai,62000,0.0,https://vietnambiz.vn/gia-heo-hoi-hom-nay-28-lien-tuc-di-xuong-thi-truong-ghi-nhan-muc-60000-dongkg-trong-tuan-qua-20268285111208.htm,
02/08/2026,vietnambiz.vn,Miền Nam,Đồng Tháp,60000,0.0,https://vietnambiz.vn/gia-heo-hoi-hom-nay-28-lien-tuc-di-xuong-thi-truong-ghi-nhan-muc-60000-dongkg-trong-tuan-qua-20268285111208.htm,
02/08/2026,vietnambiz.vn,Miền Trung - Tây Nguyên,Gia Lai,62000,0.0,https://vietnambiz.vn/gia-heo-hoi-hom-nay-28-lien-tuc-di-xuong-thi-truong-ghi-nhan-muc-60000-dongkg-trong-tuan-qua-20268285111208.htm,
02/08/2026,vietnambiz.vn,Miền Trung - Tây Nguyên,Huế,61000,0.0,https://vietnambiz.vn/gia-heo-hoi-hom-nay-28-lien-tuc-di-xuong-thi-truong-ghi-nhan-muc-60000-dongkg-trong-tuan-qua-20268285111208.htm,
02/08/2026,vietnambiz.vn,Miền Trung - Tây Nguyên,Hà Tĩnh,62000,0.0,https://vietnambiz.vn/gia-heo-hoi-hom-nay-28-lien-tuc-di-xuong-thi-truong-ghi-nhan-muc-60000-dongkg-trong-tuan-qua-20268285111208.htm,
02/08/2026,vietnambiz.vn,Miền Trung - Tây Nguyên,Khánh Hoà,61000,0.0,https://vietnambiz.vn/gia-heo-hoi-hom-nay-28-lien-tuc-di-xuong-thi-truong-ghi-nhan-muc-60000-dongkg-trong-tuan-qua-20268285111208.htm,
02/08/2026,vietnambiz.vn,Miền Trung - Tây Nguyên,Lâm Đồng,61000,0.0,https://vietnambiz.vn/gia-heo-hoi-hom-nay-28-lien-tuc-di-xuong-thi-truong-ghi-nhan-muc-60000-dongkg-trong-tuan-qua-20268285111208.htm,
02/08/2026,vietnambiz.vn,Miền Trung - Tây Nguyên,Nghệ An,62000,0.0,https://vietnambiz.vn/gia-heo-hoi-hom-nay-28-lien-tuc-di-xuong-thi-truong-ghi-nhan-muc-60000-dongkg-trong-tuan-qua-20268285111208.htm,
02/08/2026,vietnambiz.vn,Miền Trung - Tây Nguyên,Quảng Ngãi,61000,0.0,https://vietnambiz.vn/gia-heo-hoi-hom-nay-28-lien-tuc-di-xuong-thi-truong-ghi-nhan-muc-60000-dongkg-trong-tuan-qua-20268285111208.htm,
02/08/2026,vietnambiz.vn,Miền Trung - Tây Nguyên,Quảng Trị,62000,0.0,https://vietnambiz.vn/gia-heo-hoi-hom-nay-28-lien-tuc-di-xuong-thi-truong-ghi-nhan-muc-60000-dongkg-trong-tuan-qua-20268285111208.htm,
02/08/2026,vietnambiz.vn,Miền Trung - Tây Nguyên,Thanh Hoá,62000,0.0,https://vietnambiz.vn/gia-heo-hoi-hom-nay-28-lien-tuc-di-xuong-thi-truong-ghi-nhan-muc-60000-dongkg-trong-tuan-qua-20268285111208.htm,
02/08/2026,vietnambiz.vn,Miền Trung - Tây Nguyên,Đà Nẵng,61000,0.0,https://vietnambiz.vn/gia-heo-hoi-hom-nay-28-lien-tuc-di-xuong-thi-truong-ghi-nhan-muc-60000-dongkg-trong-tuan-qua-20268285111208.htm,
02/08/2026,vietnambiz.vn,Miền Trung - Tây Nguyên,Đắk Lắk,60000,0.0,https://vietnambiz.vn/gia-heo-hoi-hom-nay-28-lien-tuc-di-xuong-thi-truong-ghi-nhan-muc-60000-dongkg-trong-tuan-qua-20268285111208.htm,
03/08/2026,vietnambiz.vn,Miền Bắc,Bắc Ninh,63000,0.0,https://vietnambiz.vn/gia-heo-hoi-hom-nay-38-mien-bac-giu-da-giam-trong-sang-dau-tuan-20268361042609.htm,
03/08/2026,vietnambiz.vn,Miền Bắc,Cao Bằng,63000,0.0,https://vietnambiz.vn/gia-heo-hoi-hom-nay-38-mien-bac-giu-da-giam-trong-sang-dau-tuan-20268361042609.htm,
03/08/2026,vietnambiz.vn,Miền Bắc,Hà Nội,63000,-1000.0,https://vietnambiz.vn/gia-heo-hoi-hom-nay-38-mien-bac-giu-da-giam-trong-sang-dau-tuan-20268361042609.htm,
03/08/2026,vietnambiz.vn,Miền Bắc,Hưng Yên,63000,-1000.0,https://vietnambiz.vn/gia-heo-hoi-hom-nay-38-mien-bac-giu-da-giam-trong-sang-dau-tuan-20268361042609.htm,
03/08/2026,vietnambiz.vn,Miền Bắc,Hải Phòng,63000,0.0,https://vietnambiz.vn/gia-heo-hoi-hom-nay-38-mien-bac-giu-da-giam-trong-sang-dau-tuan-20268361042609.htm,
03/08/2026,vietnambiz.vn,Miền Bắc,Lai Châu,62000,-1000.0,https://vietnambiz.vn/gia-heo-hoi-hom-nay-38-mien-bac-giu-da-giam-trong-sang-dau-tuan-20268361042609.htm,
03/08/2026,vietnambiz.vn,Miền Bắc,Lào Cai,62000,0.0,https://vietnambiz.vn/gia-heo-hoi-hom-nay-38-mien-bac-giu-da-giam-trong-sang-dau-tuan-20268361042609.htm,
03/08/2026,vietnambiz.vn,Miền Bắc,Lạng Sơn,62000,-1000.0,https://vietnambiz.vn/gia-heo-hoi-hom-nay-38-mien-bac-giu-da-giam-trong-sang-dau-tuan-20268361042609.htm,
03/08/2026,vietnambiz.vn,Miền Bắc,Ninh Bình,61000,-1000.0,https://vietnambiz.vn/gia-heo-hoi-hom-nay-38-mien-bac-giu-da-giam-trong-sang-dau-tuan-20268361042609.htm,
03/08/2026,vietnambiz.vn,Miền Bắc,Phú Thọ,63000,0.0,https://vietnambiz.vn/gia-heo-hoi-hom-nay-38-mien-bac-giu-da-giam-trong-sang-dau-tuan-20268361042609.htm,
03/08/2026,vietnambiz.vn,Miền Bắc,Quảng Ninh,63000,0.0,https://vietnambiz.vn/gia-heo-hoi-hom-nay-38-mien-bac-giu-da-giam-trong-sang-dau-tuan-20268361042609.htm,
03/08/2026,vietnambiz.vn,Miền Bắc,Sơn La,62000,-1000.0,https://vietnambiz.vn/gia-heo-hoi-hom-nay-38-mien-bac-giu-da-giam-trong-sang-dau-tuan-20268361042609.htm,
03/08/2026,vietnambiz.vn,Miền Bắc,Thái Nguyên,63000,0.0,https://vietnambiz.vn/gia-heo-hoi-hom-nay-38-mien-bac-giu-da-giam-trong-sang-dau-tuan-20268361042609.htm,
03/08/2026,vietnambiz.vn,Miền Bắc,Tuyên Quang,63000,0.0,https://vietnambiz.vn/gia-heo-hoi-hom-nay-38-mien-bac-giu-da-giam-trong-sang-dau-tuan-20268361042609.htm,
03/08/2026,vietnambiz.vn,Miền Bắc,Điện Biên,63000,0.0,https://vietnambiz.vn/gia-heo-hoi-hom-nay-38-mien-bac-giu-da-giam-trong-sang-dau-tuan-20268361042609.htm,
03/08/2026,vietnambiz.vn,Miền Nam,An Giang,60000,0.0,https://vietnambiz.vn/gia-heo-hoi-hom-nay-38-mien-bac-giu-da-giam-trong-sang-dau-tuan-20268361042609.htm,
03/08/2026,vietnambiz.vn,Miền Nam,Cà Mau,60000,0.0,https://vietnambiz.vn/gia-heo-hoi-hom-nay-38-mien-bac-giu-da-giam-trong-sang-dau-tuan-20268361042609.htm,
03/08/2026,vietnambiz.vn,Miền Nam,Cần Thơ,61000,0.0,https://vietnambiz.vn/gia-heo-hoi-hom-nay-38-mien-bac-giu-da-giam-trong-sang-dau-tuan-20268361042609.htm,
03/08/2026,vietnambiz.vn,Miền Nam,TP HCM,62000,0.0,https://vietnambiz.vn/gia-heo-hoi-hom-nay-38-mien-bac-giu-da-giam-trong-sang-dau-tuan-20268361042609.htm,
03/08/2026,vietnambiz.vn,Miền Nam,Tây Ninh,61000,0.0,https://vietnambiz.vn/gia-heo-hoi-hom-nay-38-mien-bac-giu-da-giam-trong-sang-dau-tuan-20268361042609.htm,
03/08/2026,vietnambiz.vn,Miền Nam,Vĩnh Long,61000,0.0,https://vietnambiz.vn/gia-heo-hoi-hom-nay-38-mien-bac-giu-da-giam-trong-sang-dau-tuan-20268361042609.htm,
03/08/2026,vietnambiz.vn,Miền Nam,Đồng Nai,62000,0.0,https://vietnambiz.vn/gia-heo-hoi-hom-nay-38-mien-bac-giu-da-giam-trong-sang-dau-tuan-20268361042609.htm,
03/08/2026,vietnambiz.vn,Miền Nam,Đồng Tháp,60000,0.0,https://vietnambiz.vn/gia-heo-hoi-hom-nay-38-mien-bac-giu-da-giam-trong-sang-dau-tuan-20268361042609.htm,
03/08/2026,vietnambiz.vn,Miền Trung - Tây Nguyên,Gia Lai,62000,0.0,https://vietnambiz.vn/gia-heo-hoi-hom-nay-38-mien-bac-giu-da-giam-trong-sang-dau-tuan-20268361042609.htm,
03/08/2026,vietnambiz.vn,Miền Trung - Tây Nguyên,Huế,61000,0.0,https://vietnambiz.vn/gia-heo-hoi-hom-nay-38-mien-bac-giu-da-giam-trong-sang-dau-tuan-20268361042609.htm,
03/08/2026,vietnambiz.vn,Miền Trung - Tây Nguyên,Hà Tĩnh,62000,0.0,https://vietnambiz.vn/gia-heo-hoi-hom-nay-38-mien-bac-giu-da-giam-trong-sang-dau-tuan-20268361042609.htm,
03/08/2026,vietnambiz.vn,Miền Trung - Tây Nguyên,Khánh Hoà,61000,0.0,https://vietnambiz.vn/gia-heo-hoi-hom-nay-38-mien-bac-giu-da-giam-trong-sang-dau-tuan-20268361042609.htm,
03/08/2026,vietnambiz.vn,Miền Trung - Tây Nguyên,Lâm Đồng,61000,0.0,https://vietnambiz.vn/gia-heo-hoi-hom-nay-38-mien-bac-giu-da-giam-trong-sang-dau-tuan-20268361042609.htm,
03/08/2026,vietnambiz.vn,Miền Trung - Tây Nguyên,Nghệ An,62000,0.0,https://vietnambiz.vn/gia-heo-hoi-hom-nay-38-mien-bac-giu-da-giam-trong-sang-dau-tuan-20268361042609.htm,
03/08/2026,vietnambiz.vn,Miền Trung - Tây Nguyên,Quảng Ngãi,61000,0.0,https://vietnambiz.vn/gia-heo-hoi-hom-nay-38-mien-bac-giu-da-giam-trong-sang-dau-tuan-20268361042609.htm,
03/08/2026,vietnambiz.vn,Miền Trung - Tây Nguyên,Quảng Trị,62000,0.0,https://vietnambiz.vn/gia-heo-hoi-hom-nay-38-mien-bac-giu-da-giam-trong-sang-dau-tuan-20268361042609.htm,
03/08/2026,vietnambiz.vn,Miền Trung - Tây Nguyên,Thanh Hoá,62000,0.0,https://vietnambiz.vn/gia-heo-hoi-hom-nay-38-mien-bac-giu-da-giam-trong-sang-dau-tuan-20268361042609.htm,
03/08/2026,vietnambiz.vn,Miền Trung - Tây Nguyên,Đà Nẵng,61000,0.0,https://vietnambiz.vn/gia-heo-hoi-hom-nay-38-mien-bac-giu-da-giam-trong-sang-dau-tuan-20268361042609.htm,
03/08/2026,vietnambiz.vn,Miền Trung - Tây Nguyên,Đắk Lắk,60000,0.0,https://vietnambiz.vn/gia-heo-hoi-hom-nay-38-mien-bac-giu-da-giam-trong-sang-dau-tuan-20268361042609.htm,
04/08/2026,vietnambiz.vn,Miền Bắc,Bắc Ninh,63000,0.0,https://vietnambiz.vn/gia-heo-hoi-hom-nay-48-ca-ba-mien-giu-da-giam-202684754379.htm,
04/08/2026,vietnambiz.vn,Miền Bắc,Cao Bằng,62000,-1000.0,https://vietnambiz.vn/gia-heo-hoi-hom-nay-48-ca-ba-mien-giu-da-giam-202684754379.htm,
04/08/2026,vietnambiz.vn,Miền Bắc,Hà Nội,63000,0.0,https://vietnambiz.vn/gia-heo-hoi-hom-nay-48-ca-ba-mien-giu-da-giam-202684754379.htm,
04/08/2026,vietnambiz.vn,Miền Bắc,Hưng Yên,63000,0.0,https://vietnambiz.vn/gia-heo-hoi-hom-nay-48-ca-ba-mien-giu-da-giam-202684754379.htm,
04/08/2026,vietnambiz.vn,Miền Bắc,Hải Phòng,62000,-1000.0,https://vietnambiz.vn/gia-heo-hoi-hom-nay-48-ca-ba-mien-giu-da-giam-202684754379.htm,
04/08/2026,vietnambiz.vn,Miền Bắc,Lai Châu,62000,0.0,https://vietnambiz.vn/gia-heo-hoi-hom-nay-48-ca-ba-mien-giu-da-giam-202684754379.htm,
04/08/2026,vietnambiz.vn,Miền Bắc,Lào Cai,61000,-1000.0,https://vietnambiz.vn/gia-heo-hoi-hom-nay-48-ca-ba-mien-giu-da-giam-202684754379.htm,
04/08/2026,vietnambiz.vn,Miền Bắc,Lạng Sơn,62000,0.0,https://vietnambiz.vn/gia-heo-hoi-hom-nay-48-ca-ba-mien-giu-da-giam-202684754379.htm,
04/08/2026,vietnambiz.vn,Miền Bắc,Ninh Bình,61000,0.0,https://vietnambiz.vn/gia-heo-hoi-hom-nay-48-ca-ba-mien-giu-da-giam-202684754379.htm,
04/08/2026,vietnambiz.vn,Miền Bắc,Phú Thọ,63000,0.0,https://vietnambiz.vn/gia-heo-hoi-hom-nay-48-ca-ba-mien-giu-da-giam-202684754379.htm,
04/08/2026,vietnambiz.vn,Miền Bắc,Quảng Ninh,62000,-1000.0,https://vietnambiz.vn/gia-heo-hoi-hom-nay-48-ca-ba-mien-giu-da-giam-202684754379.htm,
04/08/2026,vietnambiz.vn,Miền Bắc,Sơn La,62000,0.0,https://vietnambiz.vn/gia-heo-hoi-hom-nay-48-ca-ba-mien-giu-da-giam-202684754379.htm,
04/08/2026,vietnambiz.vn,Miền Bắc,Thái Nguyên,62000,-1000.0,https://vietnambiz.vn/gia-heo-hoi-hom-nay-48-ca-ba-mien-giu-da-giam-202684754379.htm,
04/08/2026,vietnambiz.vn,Miền Bắc,Tuyên Quang,62000,-1000.0,https://vietnambiz.vn/gia-heo-hoi-hom-nay-48-ca-ba-mien-giu-da-giam-202684754379.htm,
04/08/2026,vietnambiz.vn,Miền Bắc,Điện Biên,62000,-1000.0,https://vietnambiz.vn/gia-heo-hoi-hom-nay-48-ca-ba-mien-giu-da-giam-202684754379.htm,
04/08/2026,vietnambiz.vn,Miền Nam,An Giang,60000,0.0,https://vietnambiz.vn/gia-heo-hoi-hom-nay-48-ca-ba-mien-giu-da-giam-202684754379.htm,
04/08/2026,vietnambiz.vn,Miền Nam,Cà Mau,60000,0.0,https://vietnambiz.vn/gia-heo-hoi-hom-nay-48-ca-ba-mien-giu-da-giam-202684754379.htm,
04/08/2026,vietnambiz.vn,Miền Nam,Cần Thơ,61000,0.0,https://vietnambiz.vn/gia-heo-hoi-hom-nay-48-ca-ba-mien-giu-da-giam-202684754379.htm,
04/08/2026,vietnambiz.vn,Miền Nam,TP HCM,61000,-1000.0,https://vietnambiz.vn/gia-heo-hoi-hom-nay-48-ca-ba-mien-giu-da-giam-202684754379.htm,
04/08/2026,vietnambiz.vn,Miền Nam,Tây Ninh,60000,-1000.0,https://vietnambiz.vn/gia-heo-hoi-hom-nay-48-ca-ba-mien-giu-da-giam-202684754379.htm,
04/08/2026,vietnambiz.vn,Miền Nam,Vĩnh Long,61000,0.0,https://vietnambiz.vn/gia-heo-hoi-hom-nay-48-ca-ba-mien-giu-da-giam-202684754379.htm,
04/08/2026,vietnambiz.vn,Miền Nam,Đồng Nai,62000,0.0,https://vietnambiz.vn/gia-heo-hoi-hom-nay-48-ca-ba-mien-giu-da-giam-202684754379.htm,
04/08/2026,vietnambiz.vn,Miền Nam,Đồng Tháp,60000,0.0,https://vietnambiz.vn/gia-heo-hoi-hom-nay-48-ca-ba-mien-giu-da-giam-202684754379.htm,
04/08/2026,vietnambiz.vn,Miền Trung - Tây Nguyên,Gia Lai,61000,-1000.0,https://vietnambiz.vn/gia-heo-hoi-hom-nay-48-ca-ba-mien-giu-da-giam-202684754379.htm,
04/08/2026,vietnambiz.vn,Miền Trung - Tây Nguyên,Huế,61000,0.0,https://vietnambiz.vn/gia-heo-hoi-hom-nay-48-ca-ba-mien-giu-da-giam-202684754379.htm,
04/08/2026,vietnambiz.vn,Miền Trung - Tây Nguyên,Hà Tĩnh,61000,-1000.0,https://vietnambiz.vn/gia-heo-hoi-hom-nay-48-ca-ba-mien-giu-da-giam-202684754379.htm,
04/08/2026,vietnambiz.vn,Miền Trung - Tây Nguyên,Khánh Hoà,61000,0.0,https://vietnambiz.vn/gia-heo-hoi-hom-nay-48-ca-ba-mien-giu-da-giam-202684754379.htm,
04/08/2026,vietnambiz.vn,Miền Trung - Tây Nguyên,Lâm Đồng,61000,0.0,https://vietnambiz.vn/gia-heo-hoi-hom-nay-48-ca-ba-mien-giu-da-giam-202684754379.htm,
04/08/2026,vietnambiz.vn,Miền Trung - Tây Nguyên,Nghệ An,61000,-1000.0,https://vietnambiz.vn/gia-heo-hoi-hom-nay-48-ca-ba-mien-giu-da-giam-202684754379.htm,
04/08/2026,vietnambiz.vn,Miền Trung - Tây Nguyên,Quảng Ngãi,61000,0.0,https://vietnambiz.vn/gia-heo-hoi-hom-nay-48-ca-ba-mien-giu-da-giam-202684754379.htm,
04/08/2026,vietnambiz.vn,Miền Trung - Tây Nguyên,Quảng Trị,62000,0.0,https://vietnambiz.vn/gia-heo-hoi-hom-nay-48-ca-ba-mien-giu-da-giam-202684754379.htm,
04/08/2026,vietnambiz.vn,Miền Trung - Tây Nguyên,Thanh Hoá,61000,-1000.0,https://vietnambiz.vn/gia-heo-hoi-hom-nay-48-ca-ba-mien-giu-da-giam-202684754379.htm,
04/08/2026,vietnambiz.vn,Miền Trung - Tây Nguyên,Đà Nẵng,61000,0.0,https://vietnambiz.vn/gia-heo-hoi-hom-nay-48-ca-ba-mien-giu-da-giam-202684754379.htm,
04/08/2026,vietnambiz.vn,Miền Trung - Tây Nguyên,Đắk Lắk,60000,0.0,https://vietnambiz.vn/gia-heo-hoi-hom-nay-48-ca-ba-mien-giu-da-giam-202684754379.htm,
04/08/2026,vinanet.vn,Miền Bắc,Bắc Ninh,63000,,https://vinanet.vn/nong-san/gia-heo-hoi-hom-nay-48-mien-trung-va-mien-nam-di-ngang-813197.html,
04/08/2026,vinanet.vn,Miền Bắc,Cao Bằng,63000,,https://vinanet.vn/nong-san/gia-heo-hoi-hom-nay-48-mien-trung-va-mien-nam-di-ngang-813197.html,
04/08/2026,vinanet.vn,Miền Bắc,Hà Nội,63000,,https://vinanet.vn/nong-san/gia-heo-hoi-hom-nay-48-mien-trung-va-mien-nam-di-ngang-813197.html,
04/08/2026,vinanet.vn,Miền Bắc,Hưng Yên,63000,,https://vinanet.vn/nong-san/gia-heo-hoi-hom-nay-48-mien-trung-va-mien-nam-di-ngang-813197.html,
04/08/2026,vinanet.vn,Miền Bắc,Hải Phòng,63000,,https://vinanet.vn/nong-san/gia-heo-hoi-hom-nay-48-mien-trung-va-mien-nam-di-ngang-813197.html,
04/08/2026,vinanet.vn,Miền Bắc,Lai Châu,62000,,https://vinanet.vn/nong-san/gia-heo-hoi-hom-nay-48-mien-trung-va-mien-nam-di-ngang-813197.html,
04/08/2026,vinanet.vn,Miền Bắc,Lào Cai,62000,,https://vinanet.vn/nong-san/gia-heo-hoi-hom-nay-48-mien-trung-va-mien-nam-di-ngang-813197.html,
04/08/2026,vinanet.vn,Miền Bắc,Lạng Sơn,62000,,https://vinanet.vn/nong-san/gia-heo-hoi-hom-nay-48-mien-trung-va-mien-nam-di-ngang-813197.html,
04/08/2026,vinanet.vn,Miền Bắc,Ninh Bình,61000,,https://vinanet.vn/nong-san/gia-heo-hoi-hom-nay-48-mien-trung-va-mien-nam-di-ngang-813197.html,
04/08/2026,vinanet.vn,Miền Bắc,Phú Thọ,63000,,https://vinanet.vn/nong-san/gia-heo-hoi-hom-nay-48-mien-trung-va-mien-nam-di-ngang-813197.html,
04/08/2026,vinanet.vn,Miền Bắc,Quảng Ninh,63000,,https://vinanet.vn/nong-san/gia-heo-hoi-hom-nay-48-mien-trung-va-mien-nam-di-ngang-813197.html,
04/08/2026,vinanet.vn,Miền Bắc,Sơn La,62000,,https://vinanet.vn/nong-san/gia-heo-hoi-hom-nay-48-mien-trung-va-mien-nam-di-ngang-813197.html,
04/08/2026,vinanet.vn,Miền Bắc,Thái Nguyên,63000,,https://vinanet.vn/nong-san/gia-heo-hoi-hom-nay-48-mien-trung-va-mien-nam-di-ngang-813197.html,
04/08/2026,vinanet.vn,Miền Bắc,Tuyên Quang,63000,,https://vinanet.vn/nong-san/gia-heo-hoi-hom-nay-48-mien-trung-va-mien-nam-di-ngang-813197.html,
04/08/2026,vinanet.vn,Miền Bắc,Điện Biên,63000,,https://vinanet.vn/nong-san/gia-heo-hoi-hom-nay-48-mien-trung-va-mien-nam-di-ngang-813197.html,
04/08/2026,vinanet.vn,Miền Nam,An Giang,60000,,https://vinanet.vn/nong-san/gia-heo-hoi-hom-nay-48-mien-trung-va-mien-nam-di-ngang-813197.html,
04/08/2026,vinanet.vn,Miền Nam,Cà Mau,60000,,https://vinanet.vn/nong-san/gia-heo-hoi-hom-nay-48-mien-trung-va-mien-nam-di-ngang-813197.html,
04/08/2026,vinanet.vn,Miền Nam,Cần Thơ,61000,,https://vinanet.vn/nong-san/gia-heo-hoi-hom-nay-48-mien-trung-va-mien-nam-di-ngang-813197.html,
04/08/2026,vinanet.vn,Miền Nam,TP HCM,62000,,https://vinanet.vn/nong-san/gia-heo-hoi-hom-nay-48-mien-trung-va-mien-nam-di-ngang-813197.html,
04/08/2026,vinanet.vn,Miền Nam,Tây Ninh,61000,,https://vinanet.vn/nong-san/gia-heo-hoi-hom-nay-48-mien-trung-va-mien-nam-di-ngang-813197.html,
04/08/2026,vinanet.vn,Miền Nam,Vĩnh Long,61000,,https://vinanet.vn/nong-san/gia-heo-hoi-hom-nay-48-mien-trung-va-mien-nam-di-ngang-813197.html,
04/08/2026,vinanet.vn,Miền Nam,Đồng Nai,62000,,https://vinanet.vn/nong-san/gia-heo-hoi-hom-nay-48-mien-trung-va-mien-nam-di-ngang-813197.html,
04/08/2026,vinanet.vn,Miền Nam,Đồng Tháp,60000,,https://vinanet.vn/nong-san/gia-heo-hoi-hom-nay-48-mien-trung-va-mien-nam-di-ngang-813197.html,
04/08/2026,vinanet.vn,Miền Trung - Tây Nguyên,Gia Lai,62000,,https://vinanet.vn/nong-san/gia-heo-hoi-hom-nay-48-mien-trung-va-mien-nam-di-ngang-813197.html,
04/08/2026,vinanet.vn,Miền Trung - Tây Nguyên,Huế,61000,,https://vinanet.vn/nong-san/gia-heo-hoi-hom-nay-48-mien-trung-va-mien-nam-di-ngang-813197.html,
04/08/2026,vinanet.vn,Miền Trung - Tây Nguyên,Hà Tĩnh,62000,,https://vinanet.vn/nong-san/gia-heo-hoi-hom-nay-48-mien-trung-va-mien-nam-di-ngang-813197.html,
04/08/2026,vinanet.vn,Miền Trung - Tây Nguyên,Khánh Hòa,61000,,https://vinanet.vn/nong-san/gia-heo-hoi-hom-nay-48-mien-trung-va-mien-nam-di-ngang-813197.html,
04/08/2026,vinanet.vn,Miền Trung - Tây Nguyên,Lâm Đồng,61000,,https://vinanet.vn/nong-san/gia-heo-hoi-hom-nay-48-mien-trung-va-mien-nam-di-ngang-813197.html,
04/08/2026,vinanet.vn,Miền Trung - Tây Nguyên,Nghệ An,62000,,https://vinanet.vn/nong-san/gia-heo-hoi-hom-nay-48-mien-trung-va-mien-nam-di-ngang-813197.html,
04/08/2026,vinanet.vn,Miền Trung - Tây Nguyên,Quảng Ngãi,61000,,https://vinanet.vn/nong-san/gia-heo-hoi-hom-nay-48-mien-trung-va-mien-nam-di-ngang-813197.html,
04/08/2026,vinanet.vn,Miền Trung - Tây Nguyên,Quảng Trị,62000,,https://vinanet.vn/nong-san/gia-heo-hoi-hom-nay-48-mien-trung-va-mien-nam-di-ngang-813197.html,
04/08/2026,vinanet.vn,Miền Trung - Tây Nguyên,Thanh Hóa,62000,,https://vinanet.vn/nong-san/gia-heo-hoi-hom-nay-48-mien-trung-va-mien-nam-di-ngang-813197.html,
04/08/2026,vinanet.vn,Miền Trung - Tây Nguyên,Đà Nẵng,61000,,https://vinanet.vn/nong-san/gia-heo-hoi-hom-nay-48-mien-trung-va-mien-nam-di-ngang-813197.html,
04/08/2026,vinanet.vn,Miền Trung - Tây Nguyên,Đắk Lắk,60000,,https://vinanet.vn/nong-san/gia-heo-hoi-hom-nay-48-mien-trung-va-mien-nam-di-ngang-813197.html,
05/08/2026,vietnambiz.vn,Miền Bắc,Bắc Ninh,62000,-1000.0,https://vietnambiz.vn/gia-heo-hoi-hom-nay-58-giu-da-giam-tai-mien-bac-va-mien-trung-20268563128496.htm,
05/08/2026,vietnambiz.vn,Miền Bắc,Cao Bằng,62000,0.0,https://vietnambiz.vn/gia-heo-hoi-hom-nay-58-giu-da-giam-tai-mien-bac-va-mien-trung-20268563128496.htm,
05/08/2026,vietnambiz.vn,Miền Bắc,Hà Nội,63000,0.0,https://vietnambiz.vn/gia-heo-hoi-hom-nay-58-giu-da-giam-tai-mien-bac-va-mien-trung-20268563128496.htm,
05/08/2026,vietnambiz.vn,Miền Bắc,Hưng Yên,63000,0.0,https://vietnambiz.vn/gia-heo-hoi-hom-nay-58-giu-da-giam-tai-mien-bac-va-mien-trung-20268563128496.htm,
05/08/2026,vietnambiz.vn,Miền Bắc,Hải Phòng,62000,0.0,https://vietnambiz.vn/gia-heo-hoi-hom-nay-58-giu-da-giam-tai-mien-bac-va-mien-trung-20268563128496.htm,
05/08/2026,vietnambiz.vn,Miền Bắc,Lai Châu,62000,0.0,https://vietnambiz.vn/gia-heo-hoi-hom-nay-58-giu-da-giam-tai-mien-bac-va-mien-trung-20268563128496.htm,
05/08/2026,vietnambiz.vn,Miền Bắc,Lào Cai,61000,0.0,https://vietnambiz.vn/gia-heo-hoi-hom-nay-58-giu-da-giam-tai-mien-bac-va-mien-trung-20268563128496.htm,
05/08/2026,vietnambiz.vn,Miền Bắc,Lạng Sơn,62000,0.0,https://vietnambiz.vn/gia-heo-hoi-hom-nay-58-giu-da-giam-tai-mien-bac-va-mien-trung-20268563128496.htm,
05/08/2026,vietnambiz.vn,Miền Bắc,Ninh Bình,61000,0.0,https://vietnambiz.vn/gia-heo-hoi-hom-nay-58-giu-da-giam-tai-mien-bac-va-mien-trung-20268563128496.htm,
05/08/2026,vietnambiz.vn,Miền Bắc,Phú Thọ,62000,-1000.0,https://vietnambiz.vn/gia-heo-hoi-hom-nay-58-giu-da-giam-tai-mien-bac-va-mien-trung-20268563128496.htm,
05/08/2026,vietnambiz.vn,Miền Bắc,Quảng Ninh,62000,0.0,https://vietnambiz.vn/gia-heo-hoi-hom-nay-58-giu-da-giam-tai-mien-bac-va-mien-trung-20268563128496.htm,
05/08/2026,vietnambiz.vn,Miền Bắc,Sơn La,62000,0.0,https://vietnambiz.vn/gia-heo-hoi-hom-nay-58-giu-da-giam-tai-mien-bac-va-mien-trung-20268563128496.htm,
05/08/2026,vietnambiz.vn,Miền Bắc,Thái Nguyên,62000,0.0,https://vietnambiz.vn/gia-heo-hoi-hom-nay-58-giu-da-giam-tai-mien-bac-va-mien-trung-20268563128496.htm,
05/08/2026,vietnambiz.vn,Miền Bắc,Tuyên Quang,62000,0.0,https://vietnambiz.vn/gia-heo-hoi-hom-nay-58-giu-da-giam-tai-mien-bac-va-mien-trung-20268563128496.htm,
05/08/2026,vietnambiz.vn,Miền Bắc,Điện Biên,62000,0.0,https://vietnambiz.vn/gia-heo-hoi-hom-nay-58-giu-da-giam-tai-mien-bac-va-mien-trung-20268563128496.htm,
05/08/2026,vietnambiz.vn,Miền Nam,An Giang,60000,0.0,https://vietnambiz.vn/gia-heo-hoi-hom-nay-58-giu-da-giam-tai-mien-bac-va-mien-trung-20268563128496.htm,
05/08/2026,vietnambiz.vn,Miền Nam,Cà Mau,60000,0.0,https://vietnambiz.vn/gia-heo-hoi-hom-nay-58-giu-da-giam-tai-mien-bac-va-mien-trung-20268563128496.htm,
05/08/2026,vietnambiz.vn,Miền Nam,Cần Thơ,61000,0.0,https://vietnambiz.vn/gia-heo-hoi-hom-nay-58-giu-da-giam-tai-mien-bac-va-mien-trung-20268563128496.htm,
05/08/2026,vietnambiz.vn,Miền Nam,TP HCM,61000,0.0,https://vietnambiz.vn/gia-heo-hoi-hom-nay-58-giu-da-giam-tai-mien-bac-va-mien-trung-20268563128496.htm,
05/08/2026,vietnambiz.vn,Miền Nam,Tây Ninh,60000,0.0,https://vietnambiz.vn/gia-heo-hoi-hom-nay-58-giu-da-giam-tai-mien-bac-va-mien-trung-20268563128496.htm,
05/08/2026,vietnambiz.vn,Miền Nam,Vĩnh Long,61000,0.0,https://vietnambiz.vn/gia-heo-hoi-hom-nay-58-giu-da-giam-tai-mien-bac-va-mien-trung-20268563128496.htm,
05/08/2026,vietnambiz.vn,Miền Nam,Đồng Nai,62000,0.0,https://vietnambiz.vn/gia-heo-hoi-hom-nay-58-giu-da-giam-tai-mien-bac-va-mien-trung-20268563128496.htm,
05/08/2026,vietnambiz.vn,Miền Nam,Đồng Tháp,60000,0.0,https://vietnambiz.vn/gia-heo-hoi-hom-nay-58-giu-da-giam-tai-mien-bac-va-mien-trung-20268563128496.htm,
05/08/2026,vietnambiz.vn,Miền Trung - Tây Nguyên,Gia Lai,61000,0.0,https://vietnambiz.vn/gia-heo-hoi-hom-nay-58-giu-da-giam-tai-mien-bac-va-mien-trung-20268563128496.htm,
05/08/2026,vietnambiz.vn,Miền Trung - Tây Nguyên,Huế,61000,0.0,https://vietnambiz.vn/gia-heo-hoi-hom-nay-58-giu-da-giam-tai-mien-bac-va-mien-trung-20268563128496.htm,
05/08/2026,vietnambiz.vn,Miền Trung - Tây Nguyên,Hà Tĩnh,61000,0.0,https://vietnambiz.vn/gia-heo-hoi-hom-nay-58-giu-da-giam-tai-mien-bac-va-mien-trung-20268563128496.htm,
05/08/2026,vietnambiz.vn,Miền Trung - Tây Nguyên,Khánh Hoà,61000,0.0,https://vietnambiz.vn/gia-heo-hoi-hom-nay-58-giu-da-giam-tai-mien-bac-va-mien-trung-20268563128496.htm,
05/08/2026,vietnambiz.vn,Miền Trung - Tây Nguyên,Lâm Đồng,61000,0.0,https://vietnambiz.vn/gia-heo-hoi-hom-nay-58-giu-da-giam-tai-mien-bac-va-mien-trung-20268563128496.htm,
05/08/2026,vietnambiz.vn,Miền Trung - Tây Nguyên,Nghệ An,61000,0.0,https://vietnambiz.vn/gia-heo-hoi-hom-nay-58-giu-da-giam-tai-mien-bac-va-mien-trung-20268563128496.htm,
05/08/2026,vietnambiz.vn,Miền Trung - Tây Nguyên,Quảng Ngãi,61000,0.0,https://vietnambiz.vn/gia-heo-hoi-hom-nay-58-giu-da-giam-tai-mien-bac-va-mien-trung-20268563128496.htm,
05/08/2026,vietnambiz.vn,Miền Trung - Tây Nguyên,Quảng Trị,61000,-1000.0,https://vietnambiz.vn/gia-heo-hoi-hom-nay-58-giu-da-giam-tai-mien-bac-va-mien-trung-20268563128496.htm,
05/08/2026,vietnambiz.vn,Miền Trung - Tây Nguyên,Thanh Hoá,61000,0.0,https://vietnambiz.vn/gia-heo-hoi-hom-nay-58-giu-da-giam-tai-mien-bac-va-mien-trung-20268563128496.htm,
05/08/2026,vietnambiz.vn,Miền Trung - Tây Nguyên,Đà Nẵng,61000,0.0,https://vietnambiz.vn/gia-heo-hoi-hom-nay-58-giu-da-giam-tai-mien-bac-va-mien-trung-20268563128496.htm,
05/08/2026,vietnambiz.vn,Miền Trung - Tây Nguyên,Đắk Lắk,60000,0.0,https://vietnambiz.vn/gia-heo-hoi-hom-nay-58-giu-da-giam-tai-mien-bac-va-mien-trung-20268563128496.htm,
05/08/2026,vinanet.vn,Miền Bắc,Bắc Ninh,63000,,https://vinanet.vn/nong-san/gia-heo-hoi-hom-nay-58-thi-truong-tiep-tuc-lui-nhe-tai-nhieu-noi-813239.html,
05/08/2026,vinanet.vn,Miền Bắc,Cao Bằng,62000,,https://vinanet.vn/nong-san/gia-heo-hoi-hom-nay-58-thi-truong-tiep-tuc-lui-nhe-tai-nhieu-noi-813239.html,
05/08/2026,vinanet.vn,Miền Bắc,Hà Nội,63000,,https://vinanet.vn/nong-san/gia-heo-hoi-hom-nay-58-thi-truong-tiep-tuc-lui-nhe-tai-nhieu-noi-813239.html,
05/08/2026,vinanet.vn,Miền Bắc,Hưng Yên,63000,,https://vinanet.vn/nong-san/gia-heo-hoi-hom-nay-58-thi-truong-tiep-tuc-lui-nhe-tai-nhieu-noi-813239.html,
05/08/2026,vinanet.vn,Miền Bắc,Hải Phòng,62000,,https://vinanet.vn/nong-san/gia-heo-hoi-hom-nay-58-thi-truong-tiep-tuc-lui-nhe-tai-nhieu-noi-813239.html,
05/08/2026,vinanet.vn,Miền Bắc,Lai Châu,62000,,https://vinanet.vn/nong-san/gia-heo-hoi-hom-nay-58-thi-truong-tiep-tuc-lui-nhe-tai-nhieu-noi-813239.html,
05/08/2026,vinanet.vn,Miền Bắc,Lào Cai,61000,,https://vinanet.vn/nong-san/gia-heo-hoi-hom-nay-58-thi-truong-tiep-tuc-lui-nhe-tai-nhieu-noi-813239.html,
05/08/2026,vinanet.vn,Miền Bắc,Lạng Sơn,62000,,https://vinanet.vn/nong-san/gia-heo-hoi-hom-nay-58-thi-truong-tiep-tuc-lui-nhe-tai-nhieu-noi-813239.html,
05/08/2026,vinanet.vn,Miền Bắc,Ninh Bình,61000,,https://vinanet.vn/nong-san/gia-heo-hoi-hom-nay-58-thi-truong-tiep-tuc-lui-nhe-tai-nhieu-noi-813239.html,
05/08/2026,vinanet.vn,Miền Bắc,Phú Thọ,63000,,https://vinanet.vn/nong-san/gia-heo-hoi-hom-nay-58-thi-truong-tiep-tuc-lui-nhe-tai-nhieu-noi-813239.html,
05/08/2026,vinanet.vn,Miền Bắc,Quảng Ninh,62000,,https://vinanet.vn/nong-san/gia-heo-hoi-hom-nay-58-thi-truong-tiep-tuc-lui-nhe-tai-nhieu-noi-813239.html,
05/08/2026,vinanet.vn,Miền Bắc,Sơn La,62000,,https://vinanet.vn/nong-san/gia-heo-hoi-hom-nay-58-thi-truong-tiep-tuc-lui-nhe-tai-nhieu-noi-813239.html,
05/08/2026,vinanet.vn,Miền Bắc,Thái Nguyên,62000,,https://vinanet.vn/nong-san/gia-heo-hoi-hom-nay-58-thi-truong-tiep-tuc-lui-nhe-tai-nhieu-noi-813239.html,
05/08/2026,vinanet.vn,Miền Bắc,Tuyên Quang,62000,,https://vinanet.vn/nong-san/gia-heo-hoi-hom-nay-58-thi-truong-tiep-tuc-lui-nhe-tai-nhieu-noi-813239.html,
05/08/2026,vinanet.vn,Miền Bắc,Điện Biên,62000,,https://vinanet.vn/nong-san/gia-heo-hoi-hom-nay-58-thi-truong-tiep-tuc-lui-nhe-tai-nhieu-noi-813239.html,
05/08/2026,vinanet.vn,Miền Nam,An Giang,60000,,https://vinanet.vn/nong-san/gia-heo-hoi-hom-nay-58-thi-truong-tiep-tuc-lui-nhe-tai-nhieu-noi-813239.html,
05/08/2026,vinanet.vn,Miền Nam,Cà Mau,60000,,https://vinanet.vn/nong-san/gia-heo-hoi-hom-nay-58-thi-truong-tiep-tuc-lui-nhe-tai-nhieu-noi-813239.html,
05/08/2026,vinanet.vn,Miền Nam,Cần Thơ,61000,,https://vinanet.vn/nong-san/gia-heo-hoi-hom-nay-58-thi-truong-tiep-tuc-lui-nhe-tai-nhieu-noi-813239.html,
05/08/2026,vinanet.vn,Miền Nam,TP HCM,61000,,https://vinanet.vn/nong-san/gia-heo-hoi-hom-nay-58-thi-truong-tiep-tuc-lui-nhe-tai-nhieu-noi-813239.html,
05/08/2026,vinanet.vn,Miền Nam,Tây Ninh,60000,,https://vinanet.vn/nong-san/gia-heo-hoi-hom-nay-58-thi-truong-tiep-tuc-lui-nhe-tai-nhieu-noi-813239.html,
05/08/2026,vinanet.vn,Miền Nam,Vĩnh Long,61000,,https://vinanet.vn/nong-san/gia-heo-hoi-hom-nay-58-thi-truong-tiep-tuc-lui-nhe-tai-nhieu-noi-813239.html,
05/08/2026,vinanet.vn,Miền Nam,Đồng Nai,62000,,https://vinanet.vn/nong-san/gia-heo-hoi-hom-nay-58-thi-truong-tiep-tuc-lui-nhe-tai-nhieu-noi-813239.html,
05/08/2026,vinanet.vn,Miền Nam,Đồng Tháp,60000,,https://vinanet.vn/nong-san/gia-heo-hoi-hom-nay-58-thi-truong-tiep-tuc-lui-nhe-tai-nhieu-noi-813239.html,
05/08/2026,vinanet.vn,Miền Trung - Tây Nguyên,Gia Lai,61000,,https://vinanet.vn/nong-san/gia-heo-hoi-hom-nay-58-thi-truong-tiep-tuc-lui-nhe-tai-nhieu-noi-813239.html,
05/08/2026,vinanet.vn,Miền Trung - Tây Nguyên,Huế,61000,,https://vinanet.vn/nong-san/gia-heo-hoi-hom-nay-58-thi-truong-tiep-tuc-lui-nhe-tai-nhieu-noi-813239.html,
05/08/2026,vinanet.vn,Miền Trung - Tây Nguyên,Hà Tĩnh,61000,,https://vinanet.vn/nong-san/gia-heo-hoi-hom-nay-58-thi-truong-tiep-tuc-lui-nhe-tai-nhieu-noi-813239.html,
05/08/2026,vinanet.vn,Miền Trung - Tây Nguyên,Khánh Hòa,61000,,https://vinanet.vn/nong-san/gia-heo-hoi-hom-nay-58-thi-truong-tiep-tuc-lui-nhe-tai-nhieu-noi-813239.html,
05/08/2026,vinanet.vn,Miền Trung - Tây Nguyên,Lâm Đồng,61000,,https://vinanet.vn/nong-san/gia-heo-hoi-hom-nay-58-thi-truong-tiep-tuc-lui-nhe-tai-nhieu-noi-813239.html,
05/08/2026,vinanet.vn,Miền Trung - Tây Nguyên,Nghệ An,61000,,https://vinanet.vn/nong-san/gia-heo-hoi-hom-nay-58-thi-truong-tiep-tuc-lui-nhe-tai-nhieu-noi-813239.html,
05/08/2026,vinanet.vn,Miền Trung - Tây Nguyên,Quảng Ngãi,61000,,https://vinanet.vn/nong-san/gia-heo-hoi-hom-nay-58-thi-truong-tiep-tuc-lui-nhe-tai-nhieu-noi-813239.html,
05/08/2026,vinanet.vn,Miền Trung - Tây Nguyên,Quảng Trị,62000,,https://vinanet.vn/nong-san/gia-heo-hoi-hom-nay-58-thi-truong-tiep-tuc-lui-nhe-tai-nhieu-noi-813239.html,
05/08/2026,vinanet.vn,Miền Trung - Tây Nguyên,Thanh Hóa,61000,,https://vinanet.vn/nong-san/gia-heo-hoi-hom-nay-58-thi-truong-tiep-tuc-lui-nhe-tai-nhieu-noi-813239.html,
05/08/2026,vinanet.vn,Miền Trung - Tây Nguyên,Đà Nẵng,61000,,https://vinanet.vn/nong-san/gia-heo-hoi-hom-nay-58-thi-truong-tiep-tuc-lui-nhe-tai-nhieu-noi-813239.html,
05/08/2026,vinanet.vn,Miền Trung - Tây Nguyên,Đắk Lắk,60000,,https://vinanet.vn/nong-san/gia-heo-hoi-hom-nay-58-thi-truong-tiep-tuc-lui-nhe-tai-nhieu-noi-813239.html,
06/08/2026,greenfeed.com.vn,MIỀN BẮC,BẮC NINH,61000,0.0,https://www.greenfeed.com.vn/thuc-an-chan-nuoi-gia-suc-gia-cam/bang-gia-thi-truong/heo-hoi/?type=vat-nuoi-price,61500.0
06/08/2026,greenfeed.com.vn,MIỀN BẮC,CAO BẰNG,62000,0.0,https://www.greenfeed.com.vn/thuc-an-chan-nuoi-gia-suc-gia-cam/bang-gia-thi-truong/heo-hoi/?type=vat-nuoi-price,63000.0
06/08/2026,greenfeed.com.vn,MIỀN BẮC,HÀ TĨNH,61000,0.0,https://www.greenfeed.com.vn/thuc-an-chan-nuoi-gia-suc-gia-cam/bang-gia-thi-truong/heo-hoi/?type=vat-nuoi-price,62500.0
06/08/2026,greenfeed.com.vn,MIỀN BẮC,HƯNG YÊN,61000,0.0,https://www.greenfeed.com.vn/thuc-an-chan-nuoi-gia-suc-gia-cam/bang-gia-thi-truong/heo-hoi/?type=vat-nuoi-price,62000.0
06/08/2026,greenfeed.com.vn,MIỀN BẮC,LAI CHÂU,62000,0.0,https://www.greenfeed.com.vn/thuc-an-chan-nuoi-gia-suc-gia-cam/bang-gia-thi-truong/heo-hoi/?type=vat-nuoi-price,63000.0
06/08/2026,greenfeed.com.vn,MIỀN BẮC,LÀO CAI,62000,0.0,https://www.greenfeed.com.vn/thuc-an-chan-nuoi-gia-suc-gia-cam/bang-gia-thi-truong/heo-hoi/?type=vat-nuoi-price,63000.0
06/08/2026,greenfeed.com.vn,MIỀN BẮC,LẠNG SƠN,60000,0.0,https://www.greenfeed.com.vn/thuc-an-chan-nuoi-gia-suc-gia-cam/bang-gia-thi-truong/heo-hoi/?type=vat-nuoi-price,61500.0
06/08/2026,greenfeed.com.vn,MIỀN BẮC,MIỀN BẮC,61361,0.0,https://www.greenfeed.com.vn/thuc-an-chan-nuoi-gia-suc-gia-cam/bang-gia-thi-truong/heo-hoi/?type=vat-nuoi-price,62417.0
06/08/2026,greenfeed.com.vn,MIỀN BẮC,NGHỆ AN,61000,0.0,https://www.greenfeed.com.vn/thuc-an-chan-nuoi-gia-suc-gia-cam/bang-gia-thi-truong/heo-hoi/?type=vat-nuoi-price,62500.0
06/08/2026,greenfeed.com.vn,MIỀN BẮC,NINH BÌNH,61500,0.0,https://www.greenfeed.com.vn/thuc-an-chan-nuoi-gia-suc-gia-cam/bang-gia-thi-truong/heo-hoi/?type=vat-nuoi-price,62500.0
06/08/2026,greenfeed.com.vn,MIỀN BẮC,PHÚ THỌ,61000,0.0,https://www.greenfeed.com.vn/thuc-an-chan-nuoi-gia-suc-gia-cam/bang-gia-thi-truong/heo-hoi/?type=vat-nuoi-price,62000.0
06/08/2026,greenfeed.com.vn,MIỀN BẮC,QUẢNG NINH,60000,0.0,https://www.greenfeed.com.vn/thuc-an-chan-nuoi-gia-suc-gia-cam/bang-gia-thi-truong/heo-hoi/?type=vat-nuoi-price,61500.0
06/08/2026,greenfeed.com.vn,MIỀN BẮC,SƠN LA,61500,0.0,https://www.greenfeed.com.vn/thuc-an-chan-nuoi-gia-suc-gia-cam/bang-gia-thi-truong/heo-hoi/?type=vat-nuoi-price,62000.0
06/08/2026,greenfeed.com.vn,MIỀN BẮC,THANH HÓA,61500,0.0,https://www.greenfeed.com.vn/thuc-an-chan-nuoi-gia-suc-gia-cam/bang-gia-thi-truong/heo-hoi/?type=vat-nuoi-price,62500.0
06/08/2026,greenfeed.com.vn,MIỀN BẮC,THÁI NGUYÊN,60000,0.0,https://www.greenfeed.com.vn/thuc-an-chan-nuoi-gia-suc-gia-cam/bang-gia-thi-truong/heo-hoi/?type=vat-nuoi-price,62000.0
06/08/2026,greenfeed.com.vn,MIỀN BẮC,TP HÀ NỘI,61500,0.0,https://www.greenfeed.com.vn/thuc-an-chan-nuoi-gia-suc-gia-cam/bang-gia-thi-truong/heo-hoi/?type=vat-nuoi-price,62500.0
06/08/2026,greenfeed.com.vn,MIỀN BẮC,TP HẢI PHÒNG,63000,0.0,https://www.greenfeed.com.vn/thuc-an-chan-nuoi-gia-suc-gia-cam/bang-gia-thi-truong/heo-hoi/?type=vat-nuoi-price,63500.0
06/08/2026,greenfeed.com.vn,MIỀN BẮC,TUYÊN QUANG,63000,0.0,https://www.greenfeed.com.vn/thuc-an-chan-nuoi-gia-suc-gia-cam/bang-gia-thi-truong/heo-hoi/?type=vat-nuoi-price,63000.0
06/08/2026,greenfeed.com.vn,MIỀN BẮC,ĐIỆN BIÊN,61500,0.0,https://www.greenfeed.com.vn/thuc-an-chan-nuoi-gia-suc-gia-cam/bang-gia-thi-truong/heo-hoi/?type=vat-nuoi-price,63000.0
06/08/2026,greenfeed.com.vn,MIỀN TRUNG,GIA LAI,58500,0.0,https://www.greenfeed.com.vn/thuc-an-chan-nuoi-gia-suc-gia-cam/bang-gia-thi-truong/heo-hoi/?type=vat-nuoi-price,60000.0
06/08/2026,greenfeed.com.vn,MIỀN TRUNG,MIỀN TRUNG,58429,143.0,https://www.greenfeed.com.vn/thuc-an-chan-nuoi-gia-suc-gia-cam/bang-gia-thi-truong/heo-hoi/?type=vat-nuoi-price,59714.0
06/08/2026,greenfeed.com.vn,MIỀN TRUNG,QUẢNG NGÃI,58500,0.0,https://www.greenfeed.com.vn/thuc-an-chan-nuoi-gia-suc-gia-cam/bang-gia-thi-truong/heo-hoi/?type=vat-nuoi-price,60000.0
06/08/2026,greenfeed.com.vn,MIỀN TRUNG,QUẢNG TRỊ,59500,0.0,https://www.greenfeed.com.vn/thuc-an-chan-nuoi-gia-suc-gia-cam/bang-gia-thi-truong/heo-hoi/?type=vat-nuoi-price,60000.0
06/08/2026,greenfeed.com.vn,MIỀN TRUNG,TP HUẾ,59000,0.0,https://www.greenfeed.com.vn/thuc-an-chan-nuoi-gia-suc-gia-cam/bang-gia-thi-truong/heo-hoi/?type=vat-nuoi-price,60500.0
06/08/2026,greenfeed.com.vn,MIỀN TRUNG,TP ĐÀ NẴNG,58000,0.0,https://www.greenfeed.com.vn/thuc-an-chan-nuoi-gia-suc-gia-cam/bang-gia-thi-truong/heo-hoi/?type=vat-nuoi-price,59500.0
06/08/2026,greenfeed.com.vn,MIỀN TRUNG,ĐẮK LẮK,58000,1000.0,https://www.greenfeed.com.vn/thuc-an-chan-nuoi-gia-suc-gia-cam/bang-gia-thi-truong/heo-hoi/?type=vat-nuoi-price,59000.0
06/08/2026,greenfeed.com.vn,TÂY NAM BỘ,AN GIANG,63000,0.0,https://www.greenfeed.com.vn/thuc-an-chan-nuoi-gia-suc-gia-cam/bang-gia-thi-truong/heo-hoi/?type=vat-nuoi-price,63000.0
06/08/2026,greenfeed.com.vn,TÂY NAM BỘ,CÀ MAU,61500,0.0,https://www.greenfeed.com.vn/thuc-an-chan-nuoi-gia-suc-gia-cam/bang-gia-thi-truong/heo-hoi/?type=vat-nuoi-price,61500.0
06/08/2026,greenfeed.com.vn,TÂY NAM BỘ,TP CẦN THƠ,60000,0.0,https://www.greenfeed.com.vn/thuc-an-chan-nuoi-gia-suc-gia-cam/bang-gia-thi-truong/heo-hoi/?type=vat-nuoi-price,60000.0
06/08/2026,greenfeed.com.vn,TÂY NAM BỘ,TP HỒ CHÍ MINH,60500,0.0,https://www.greenfeed.com.vn/thuc-an-chan-nuoi-gia-suc-gia-cam/bang-gia-thi-truong/heo-hoi/?type=vat-nuoi-price,61000.0
06/08/2026,greenfeed.com.vn,TÂY NAM BỘ,TÂY NAM BỘ,60857,0.0,https://www.greenfeed.com.vn/thuc-an-chan-nuoi-gia-suc-gia-cam/bang-gia-thi-truong/heo-hoi/?type=vat-nuoi-price,61071.0
06/08/2026,greenfeed.com.vn,TÂY NAM BỘ,TÂY NINH,61000,0.0,https://www.greenfeed.com.vn/thuc-an-chan-nuoi-gia-suc-gia-cam/bang-gia-thi-truong/heo-hoi/?type=vat-nuoi-price,61500.0
06/08/2026,greenfeed.com.vn,TÂY NAM BỘ,VĨNH LONG,60000,0.0,https://www.greenfeed.com.vn/thuc-an-chan-nuoi-gia-suc-gia-cam/bang-gia-thi-truong/heo-hoi/?type=vat-nuoi-price,60500.0
06/08/2026,greenfeed.com.vn,TÂY NAM BỘ,ĐỒNG THÁP,60000,0.0,https://www.greenfeed.com.vn/thuc-an-chan-nuoi-gia-suc-gia-cam/bang-gia-thi-truong/heo-hoi/?type=vat-nuoi-price,60000.0
06/08/2026,greenfeed.com.vn,ĐÔNG NAM BỘ,KHÁNH HÒA,57500,0.0,https://www.greenfeed.com.vn/thuc-an-chan-nuoi-gia-suc-gia-cam/bang-gia-thi-truong/heo-hoi/?type=vat-nuoi-price,59000.0
06/08/2026,greenfeed.com.vn,ĐÔNG NAM BỘ,LÂM ĐỒNG,62000,0.0,https://www.greenfeed.com.vn/thuc-an-chan-nuoi-gia-suc-gia-cam/bang-gia-thi-truong/heo-hoi/?type=vat-nuoi-price,61500.0
06/08/2026,greenfeed.com.vn,ĐÔNG NAM BỘ,ĐÔNG NAM BỘ,61000,0.0,https://www.greenfeed.com.vn/thuc-an-chan-nuoi-gia-suc-gia-cam/bang-gia-thi-truong/heo-hoi/?type=vat-nuoi-price,61250.0
06/08/2026,greenfeed.com.vn,ĐÔNG NAM BỘ,ĐỒNG NAI,60000,0.0,https://www.greenfeed.com.vn/thuc-an-chan-nuoi-gia-suc-gia-cam/bang-gia-thi-truong/heo-hoi/?type=vat-nuoi-price,61000.0
06/08/2026,vietnambiz.vn,Miền Bắc,Bắc Ninh,62000,0.0,https://vietnambiz.vn/gia-heo-hoi-hom-nay-68-xuong-duoi-muc-60000-dongkg-o-mot-so-dia-phuong-20267317238279.htm,
06/08/2026,vietnambiz.vn,Miền Bắc,Cao Bằng,61000,-1000.0,https://vietnambiz.vn/gia-heo-hoi-hom-nay-68-xuong-duoi-muc-60000-dongkg-o-mot-so-dia-phuong-20267317238279.htm,
06/08/2026,vietnambiz.vn,Miền Bắc,Hà Nội,62000,-1000.0,https://vietnambiz.vn/gia-heo-hoi-hom-nay-68-xuong-duoi-muc-60000-dongkg-o-mot-so-dia-phuong-20267317238279.htm,
06/08/2026,vietnambiz.vn,Miền Bắc,Hưng Yên,62000,-1000.0,https://vietnambiz.vn/gia-heo-hoi-hom-nay-68-xuong-duoi-muc-60000-dongkg-o-mot-so-dia-phuong-20267317238279.htm,
06/08/2026,vietnambiz.vn,Miền Bắc,Hải Phòng,62000,0.0,https://vietnambiz.vn/gia-heo-hoi-hom-nay-68-xuong-duoi-muc-60000-dongkg-o-mot-so-dia-phuong-20267317238279.htm,
06/08/2026,vietnambiz.vn,Miền Bắc,Lai Châu,62000,0.0,https://vietnambiz.vn/gia-heo-hoi-hom-nay-68-xuong-duoi-muc-60000-dongkg-o-mot-so-dia-phuong-20267317238279.htm,
06/08/2026,vietnambiz.vn,Miền Bắc,Lào Cai,61000,0.0,https://vietnambiz.vn/gia-heo-hoi-hom-nay-68-xuong-duoi-muc-60000-dongkg-o-mot-so-dia-phuong-20267317238279.htm,
06/08/2026,vietnambiz.vn,Miền Bắc,Lạng Sơn,62000,0.0,https://vietnambiz.vn/gia-heo-hoi-hom-nay-68-xuong-duoi-muc-60000-dongkg-o-mot-so-dia-phuong-20267317238279.htm,
06/08/2026,vietnambiz.vn,Miền Bắc,Ninh Bình,61000,-1000.0,https://vietnambiz.vn/gia-heo-hoi-hom-nay-68-xuong-duoi-muc-60000-dongkg-o-mot-so-dia-phuong-20267317238279.htm,
06/08/2026,vietnambiz.vn,Miền Bắc,Phú Thọ,62000,0.0,https://vietnambiz.vn/gia-heo-hoi-hom-nay-68-xuong-duoi-muc-60000-dongkg-o-mot-so-dia-phuong-20267317238279.htm,
06/08/2026,vietnambiz.vn,Miền Bắc,Quảng Ninh,62000,0.0,https://vietnambiz.vn/gia-heo-hoi-hom-nay-68-xuong-duoi-muc-60000-dongkg-o-mot-so-dia-phuong-20267317238279.htm,
06/08/2026,vietnambiz.vn,Miền Bắc,Sơn La,61000,-1000.0,https://vietnambiz.vn/gia-heo-hoi-hom-nay-68-xuong-duoi-muc-60000-dongkg-o-mot-so-dia-phuong-20267317238279.htm,
06/08/2026,vietnambiz.vn,Miền Bắc,Thái Nguyên,62000,0.0,https://vietnambiz.vn/gia-heo-hoi-hom-nay-68-xuong-duoi-muc-60000-dongkg-o-mot-so-dia-phuong-20267317238279.htm,
06/08/2026,vietnambiz.vn,Miền Bắc,Tuyên Quang,62000,0.0,https://vietnambiz.vn/gia-heo-hoi-hom-nay-68-xuong-duoi-muc-60000-dongkg-o-mot-so-dia-phuong-20267317238279.htm,
06/08/2026,vietnambiz.vn,Miền Bắc,Điện Biên,62000,0.0,https://vietnambiz.vn/gia-heo-hoi-hom-nay-68-xuong-duoi-muc-60000-dongkg-o-mot-so-dia-phuong-20267317238279.htm,
06/08/2026,vietnambiz.vn,Miền Nam,An Giang,59000,-1000.0,https://vietnambiz.vn/gia-heo-hoi-hom-nay-68-xuong-duoi-muc-60000-dongkg-o-mot-so-dia-phuong-20267317238279.htm,
06/08/2026,vietnambiz.vn,Miền Nam,Cà Mau,59000,-1000.0,https://vietnambiz.vn/gia-heo-hoi-hom-nay-68-xuong-duoi-muc-60000-dongkg-o-mot-so-dia-phuong-20267317238279.htm,
06/08/2026,vietnambiz.vn,Miền Nam,Cần Thơ,60000,-1000.0,https://vietnambiz.vn/gia-heo-hoi-hom-nay-68-xuong-duoi-muc-60000-dongkg-o-mot-so-dia-phuong-20267317238279.htm,
06/08/2026,vietnambiz.vn,Miền Nam,TP HCM,60000,-1000.0,https://vietnambiz.vn/gia-heo-hoi-hom-nay-68-xuong-duoi-muc-60000-dongkg-o-mot-so-dia-phuong-20267317238279.htm,
06/08/2026,vietnambiz.vn,Miền Nam,Tây Ninh,60000,0.0,https://vietnambiz.vn/gia-heo-hoi-hom-nay-68-xuong-duoi-muc-60000-dongkg-o-mot-so-dia-phuong-20267317238279.htm,
06/08/2026,vietnambiz.vn,Miền Nam,Vĩnh Long,60000,-1000.0,https://vietnambiz.vn/gia-heo-hoi-hom-nay-68-xuong-duoi-muc-60000-dongkg-o-mot-so-dia-phuong-20267317238279.htm,
06/08/2026,vietnambiz.vn,Miền Nam,Đồng Nai,61000,-1000.0,https://vietnambiz.vn/gia-heo-hoi-hom-nay-68-xuong-duoi-muc-60000-dongkg-o-mot-so-dia-phuong-20267317238279.htm,
06/08/2026,vietnambiz.vn,Miền Nam,Đồng Tháp,59000,-1000.0,https://vietnambiz.vn/gia-heo-hoi-hom-nay-68-xuong-duoi-muc-60000-dongkg-o-mot-so-dia-phuong-20267317238279.htm,
06/08/2026,vietnambiz.vn,Miền Trung - Tây Nguyên,Gia Lai,60000,-1000.0,https://vietnambiz.vn/gia-heo-hoi-hom-nay-68-xuong-duoi-muc-60000-dongkg-o-mot-so-dia-phuong-20267317238279.htm,
06/08/2026,vietnambiz.vn,Miền Trung - Tây Nguyên,Huế,60000,-1000.0,https://vietnambiz.vn/gia-heo-hoi-hom-nay-68-xuong-duoi-muc-60000-dongkg-o-mot-so-dia-phuong-20267317238279.htm,
06/08/2026,vietnambiz.vn,Miền Trung - Tây Nguyên,Hà Tĩnh,60000,-1000.0,https://vietnambiz.vn/gia-heo-hoi-hom-nay-68-xuong-duoi-muc-60000-dongkg-o-mot-so-dia-phuong-20267317238279.htm,
06/08/2026,vietnambiz.vn,Miền Trung - Tây Nguyên,Khánh Hoà,60000,-1000.0,https://vietnambiz.vn/gia-heo-hoi-hom-nay-68-xuong-duoi-muc-60000-dongkg-o-mot-so-dia-phuong-20267317238279.htm,
06/08/2026,vietnambiz.vn,Miền Trung - Tây Nguyên,Lâm Đồng,60000,-1000.0,https://vietnambiz.vn/gia-heo-hoi-hom-nay-68-xuong-duoi-muc-60000-dongkg-o-mot-so-dia-phuong-20267317238279.htm,
06/08/2026,vietnambiz.vn,Miền Trung - Tây Nguyên,Nghệ An,60000,-1000.0,https://vietnambiz.vn/gia-heo-hoi-hom-nay-68-xuong-duoi-muc-60000-dongkg-o-mot-so-dia-phuong-20267317238279.htm,
06/08/2026,vietnambiz.vn,Miền Trung - Tây Nguyên,Quảng Ngãi,60000,-1000.0,https://vietnambiz.vn/gia-heo-hoi-hom-nay-68-xuong-duoi-muc-60000-dongkg-o-mot-so-dia-phuong-20267317238279.htm,
06/08/2026,vietnambiz.vn,Miền Trung - Tây Nguyên,Quảng Trị,60000,-1000.0,https://vietnambiz.vn/gia-heo-hoi-hom-nay-68-xuong-duoi-muc-60000-dongkg-o-mot-so-dia-phuong-20267317238279.htm,
06/08/2026,vietnambiz.vn,Miền Trung - Tây Nguyên,Thanh Hoá,61000,0.0,https://vietnambiz.vn/gia-heo-hoi-hom-nay-68-xuong-duoi-muc-60000-dongkg-o-mot-so-dia-phuong-20267317238279.htm,
06/08/2026,vietnambiz.vn,Miền Trung - Tây Nguyên,Đà Nẵng,60000,-1000.0,https://vietnambiz.vn/gia-heo-hoi-hom-nay-68-xuong-duoi-muc-60000-dongkg-o-mot-so-dia-phuong-20267317238279.htm,
06/08/2026,vietnambiz.vn,Miền Trung - Tây Nguyên,Đắk Lắk,59000,-1000.0,https://vietnambiz.vn/gia-heo-hoi-hom-nay-68-xuong-duoi-muc-60000-dongkg-o-mot-so-dia-phuong-20267317238279.htm,
06/08/2026,vinanet.vn,Miền Bắc,Bắc Ninh,62000,,https://vinanet.vn/nong-san/gia-heo-hoi-hom-nay-68-ha-noi-hung-yen-giu-dinh-63000-dongkg-813290.html,
06/08/2026,vinanet.vn,Miền Bắc,Cao Bằng,62000,,https://vinanet.vn/nong-san/gia-heo-hoi-hom-nay-68-ha-noi-hung-yen-giu-dinh-63000-dongkg-813290.html,
06/08/2026,vinanet.vn,Miền Bắc,Hà Nội,63000,,https://vinanet.vn/nong-san/gia-heo-hoi-hom-nay-68-ha-noi-hung-yen-giu-dinh-63000-dongkg-813290.html,
06/08/2026,vinanet.vn,Miền Bắc,Hưng Yên,63000,,https://vinanet.vn/nong-san/gia-heo-hoi-hom-nay-68-ha-noi-hung-yen-giu-dinh-63000-dongkg-813290.html,
06/08/2026,vinanet.vn,Miền Bắc,Hải Phòng,62000,,https://vinanet.vn/nong-san/gia-heo-hoi-hom-nay-68-ha-noi-hung-yen-giu-dinh-63000-dongkg-813290.html,
06/08/2026,vinanet.vn,Miền Bắc,Lai Châu,62000,,https://vinanet.vn/nong-san/gia-heo-hoi-hom-nay-68-ha-noi-hung-yen-giu-dinh-63000-dongkg-813290.html,
06/08/2026,vinanet.vn,Miền Bắc,Lào Cai,61000,,https://vinanet.vn/nong-san/gia-heo-hoi-hom-nay-68-ha-noi-hung-yen-giu-dinh-63000-dongkg-813290.html,
06/08/2026,vinanet.vn,Miền Bắc,Lạng Sơn,62000,,https://vinanet.vn/nong-san/gia-heo-hoi-hom-nay-68-ha-noi-hung-yen-giu-dinh-63000-dongkg-813290.html,
06/08/2026,vinanet.vn,Miền Bắc,Ninh Bình,61000,,https://vinanet.vn/nong-san/gia-heo-hoi-hom-nay-68-ha-noi-hung-yen-giu-dinh-63000-dongkg-813290.html,
06/08/2026,vinanet.vn,Miền Bắc,Phú Thọ,62000,,https://vinanet.vn/nong-san/gia-heo-hoi-hom-nay-68-ha-noi-hung-yen-giu-dinh-63000-dongkg-813290.html,
06/08/2026,vinanet.vn,Miền Bắc,Quảng Ninh,62000,,https://vinanet.vn/nong-san/gia-heo-hoi-hom-nay-68-ha-noi-hung-yen-giu-dinh-63000-dongkg-813290.html,
06/08/2026,vinanet.vn,Miền Bắc,Sơn La,62000,,https://vinanet.vn/nong-san/gia-heo-hoi-hom-nay-68-ha-noi-hung-yen-giu-dinh-63000-dongkg-813290.html,
06/08/2026,vinanet.vn,Miền Bắc,Thái Nguyên,62000,,https://vinanet.vn/nong-san/gia-heo-hoi-hom-nay-68-ha-noi-hung-yen-giu-dinh-63000-dongkg-813290.html,
06/08/2026,vinanet.vn,Miền Bắc,Tuyên Quang,62000,,https://vinanet.vn/nong-san/gia-heo-hoi-hom-nay-68-ha-noi-hung-yen-giu-dinh-63000-dongkg-813290.html,
06/08/2026,vinanet.vn,Miền Bắc,Điện Biên,62000,,https://vinanet.vn/nong-san/gia-heo-hoi-hom-nay-68-ha-noi-hung-yen-giu-dinh-63000-dongkg-813290.html,
06/08/2026,vinanet.vn,Miền Nam,An Giang,60000,,https://vinanet.vn/nong-san/gia-heo-hoi-hom-nay-68-ha-noi-hung-yen-giu-dinh-63000-dongkg-813290.html,
06/08/2026,vinanet.vn,Miền Nam,Cà Mau,60000,,https://vinanet.vn/nong-san/gia-heo-hoi-hom-nay-68-ha-noi-hung-yen-giu-dinh-63000-dongkg-813290.html,
06/08/2026,vinanet.vn,Miền Nam,Cần Thơ,61000,,https://vinanet.vn/nong-san/gia-heo-hoi-hom-nay-68-ha-noi-hung-yen-giu-dinh-63000-dongkg-813290.html,
06/08/2026,vinanet.vn,Miền Nam,TP HCM,61000,,https://vinanet.vn/nong-san/gia-heo-hoi-hom-nay-68-ha-noi-hung-yen-giu-dinh-63000-dongkg-813290.html,
06/08/2026,vinanet.vn,Miền Nam,Tây Ninh,60000,,https://vinanet.vn/nong-san/gia-heo-hoi-hom-nay-68-ha-noi-hung-yen-giu-dinh-63000-dongkg-813290.html,
06/08/2026,vinanet.vn,Miền Nam,Vĩnh Long,61000,,https://vinanet.vn/nong-san/gia-heo-hoi-hom-nay-68-ha-noi-hung-yen-giu-dinh-63000-dongkg-813290.html,
06/08/2026,vinanet.vn,Miền Nam,Đồng Nai,62000,,https://vinanet.vn/nong-san/gia-heo-hoi-hom-nay-68-ha-noi-hung-yen-giu-dinh-63000-dongkg-813290.html,
06/08/2026,vinanet.vn,Miền Nam,Đồng Tháp,60000,,https://vinanet.vn/nong-san/gia-heo-hoi-hom-nay-68-ha-noi-hung-yen-giu-dinh-63000-dongkg-813290.html,
06/08/2026,vinanet.vn,Miền Trung - Tây Nguyên,Gia Lai,61000,,https://vinanet.vn/nong-san/gia-heo-hoi-hom-nay-68-ha-noi-hung-yen-giu-dinh-63000-dongkg-813290.html,
06/08/2026,vinanet.vn,Miền Trung - Tây Nguyên,Huế,61000,,https://vinanet.vn/nong-san/gia-heo-hoi-hom-nay-68-ha-noi-hung-yen-giu-dinh-63000-dongkg-813290.html,
06/08/2026,vinanet.vn,Miền Trung - Tây Nguyên,Hà Tĩnh,61000,,https://vinanet.vn/nong-san/gia-heo-hoi-hom-nay-68-ha-noi-hung-yen-giu-dinh-63000-dongkg-813290.html,
06/08/2026,vinanet.vn,Miền Trung - Tây Nguyên,Khánh Hòa,61000,,https://vinanet.vn/nong-san/gia-heo-hoi-hom-nay-68-ha-noi-hung-yen-giu-dinh-63000-dongkg-813290.html,
06/08/2026,vinanet.vn,Miền Trung - Tây Nguyên,Lâm Đồng,61000,,https://vinanet.vn/nong-san/gia-heo-hoi-hom-nay-68-ha-noi-hung-yen-giu-dinh-63000-dongkg-813290.html,
06/08/2026,vinanet.vn,Miền Trung - Tây Nguyên,Nghệ An,61000,,https://vinanet.vn/nong-san/gia-heo-hoi-hom-nay-68-ha-noi-hung-yen-giu-dinh-63000-dongkg-813290.html,
06/08/2026,vinanet.vn,Miền Trung - Tây Nguyên,Quảng Ngãi,61000,,https://vinanet.vn/nong-san/gia-heo-hoi-hom-nay-68-ha-noi-hung-yen-giu-dinh-63000-dongkg-813290.html,
06/08/2026,vinanet.vn,Miền Trung - Tây Nguyên,Quảng Trị,61000,,https://vinanet.vn/nong-san/gia-heo-hoi-hom-nay-68-ha-noi-hung-yen-giu-dinh-63000-dongkg-813290.html,
06/08/2026,vinanet.vn,Miền Trung - Tây Nguyên,Thanh Hóa,61000,,https://vinanet.vn/nong-san/gia-heo-hoi-hom-nay-68-ha-noi-hung-yen-giu-dinh-63000-dongkg-813290.html,
06/08/2026,vinanet.vn,Miền Trung - Tây Nguyên,Đà Nẵng,61000,,https://vinanet.vn/nong-san/gia-heo-hoi-hom-nay-68-ha-noi-hung-yen-giu-dinh-63000-dongkg-813290.html,
06/08/2026,vinanet.vn,Miền Trung - Tây Nguyên,Đắk Lắk,60000,,https://vinanet.vn/nong-san/gia-heo-hoi-hom-nay-68-ha-noi-hung-yen-giu-dinh-63000-dongkg-813290.html,
07/08/2026,vietnambiz.vn,Miền Bắc,Bắc Ninh,61000,-1000.0,https://vietnambiz.vn/gia-heo-hoi-hom-nay-78-them-ba-dia-phuong-giao-dich-o-muc-59000-dongkg-20268564413198.htm,
07/08/2026,vietnambiz.vn,Miền Bắc,Cao Bằng,60000,-1000.0,https://vietnambiz.vn/gia-heo-hoi-hom-nay-78-them-ba-dia-phuong-giao-dich-o-muc-59000-dongkg-20268564413198.htm,
07/08/2026,vietnambiz.vn,Miền Bắc,Hà Nội,62000,0.0,https://vietnambiz.vn/gia-heo-hoi-hom-nay-78-them-ba-dia-phuong-giao-dich-o-muc-59000-dongkg-20268564413198.htm,
07/08/2026,vietnambiz.vn,Miền Bắc,Hưng Yên,62000,0.0,https://vietnambiz.vn/gia-heo-hoi-hom-nay-78-them-ba-dia-phuong-giao-dich-o-muc-59000-dongkg-20268564413198.htm,
07/08/2026,vietnambiz.vn,Miền Bắc,Hải Phòng,62000,0.0,https://vietnambiz.vn/gia-heo-hoi-hom-nay-78-them-ba-dia-phuong-giao-dich-o-muc-59000-dongkg-20268564413198.htm,
07/08/2026,vietnambiz.vn,Miền Bắc,Lai Châu,61000,-1000.0,https://vietnambiz.vn/gia-heo-hoi-hom-nay-78-them-ba-dia-phuong-giao-dich-o-muc-59000-dongkg-20268564413198.htm,
07/08/2026,vietnambiz.vn,Miền Bắc,Lào Cai,60000,-1000.0,https://vietnambiz.vn/gia-heo-hoi-hom-nay-78-them-ba-dia-phuong-giao-dich-o-muc-59000-dongkg-20268564413198.htm,
07/08/2026,vietnambiz.vn,Miền Bắc,Lạng Sơn,61000,-1000.0,https://vietnambiz.vn/gia-heo-hoi-hom-nay-78-them-ba-dia-phuong-giao-dich-o-muc-59000-dongkg-20268564413198.htm,
07/08/2026,vietnambiz.vn,Miền Bắc,Ninh Bình,60000,-1000.0,https://vietnambiz.vn/gia-heo-hoi-hom-nay-78-them-ba-dia-phuong-giao-dich-o-muc-59000-dongkg-20268564413198.htm,
07/08/2026,vietnambiz.vn,Miền Bắc,Phú Thọ,61000,-1000.0,https://vietnambiz.vn/gia-heo-hoi-hom-nay-78-them-ba-dia-phuong-giao-dich-o-muc-59000-dongkg-20268564413198.htm,
07/08/2026,vietnambiz.vn,Miền Bắc,Quảng Ninh,61000,-1000.0,https://vietnambiz.vn/gia-heo-hoi-hom-nay-78-them-ba-dia-phuong-giao-dich-o-muc-59000-dongkg-20268564413198.htm,
07/08/2026,vietnambiz.vn,Miền Bắc,Sơn La,60000,-1000.0,https://vietnambiz.vn/gia-heo-hoi-hom-nay-78-them-ba-dia-phuong-giao-dich-o-muc-59000-dongkg-20268564413198.htm,
07/08/2026,vietnambiz.vn,Miền Bắc,Thái Nguyên,61000,-1000.0,https://vietnambiz.vn/gia-heo-hoi-hom-nay-78-them-ba-dia-phuong-giao-dich-o-muc-59000-dongkg-20268564413198.htm,
07/08/2026,vietnambiz.vn,Miền Bắc,Tuyên Quang,61000,-1000.0,https://vietnambiz.vn/gia-heo-hoi-hom-nay-78-them-ba-dia-phuong-giao-dich-o-muc-59000-dongkg-20268564413198.htm,
07/08/2026,vietnambiz.vn,Miền Bắc,Điện Biên,61000,-1000.0,https://vietnambiz.vn/gia-heo-hoi-hom-nay-78-them-ba-dia-phuong-giao-dich-o-muc-59000-dongkg-20268564413198.htm,
07/08/2026,vietnambiz.vn,Miền Nam,An Giang,59000,0.0,https://vietnambiz.vn/gia-heo-hoi-hom-nay-78-them-ba-dia-phuong-giao-dich-o-muc-59000-dongkg-20268564413198.htm,
07/08/2026,vietnambiz.vn,Miền Nam,Cà Mau,59000,0.0,https://vietnambiz.vn/gia-heo-hoi-hom-nay-78-them-ba-dia-phuong-giao-dich-o-muc-59000-dongkg-20268564413198.htm,
07/08/2026,vietnambiz.vn,Miền Nam,Cần Thơ,59000,-1000.0,https://vietnambiz.vn/gia-heo-hoi-hom-nay-78-them-ba-dia-phuong-giao-dich-o-muc-59000-dongkg-20268564413198.htm,
07/08/2026,vietnambiz.vn,Miền Nam,TP HCM,60000,0.0,https://vietnambiz.vn/gia-heo-hoi-hom-nay-78-them-ba-dia-phuong-giao-dich-o-muc-59000-dongkg-20268564413198.htm,
07/08/2026,vietnambiz.vn,Miền Nam,Tây Ninh,59000,-1000.0,https://vietnambiz.vn/gia-heo-hoi-hom-nay-78-them-ba-dia-phuong-giao-dich-o-muc-59000-dongkg-20268564413198.htm,
07/08/2026,vietnambiz.vn,Miền Nam,Vĩnh Long,60000,0.0,https://vietnambiz.vn/gia-heo-hoi-hom-nay-78-them-ba-dia-phuong-giao-dich-o-muc-59000-dongkg-20268564413198.htm,
07/08/2026,vietnambiz.vn,Miền Nam,Đồng Nai,60000,-1000.0,https://vietnambiz.vn/gia-heo-hoi-hom-nay-78-them-ba-dia-phuong-giao-dich-o-muc-59000-dongkg-20268564413198.htm,
07/08/2026,vietnambiz.vn,Miền Nam,Đồng Tháp,59000,0.0,https://vietnambiz.vn/gia-heo-hoi-hom-nay-78-them-ba-dia-phuong-giao-dich-o-muc-59000-dongkg-20268564413198.htm,
07/08/2026,vietnambiz.vn,Miền Trung - Tây Nguyên,Gia Lai,60000,0.0,https://vietnambiz.vn/gia-heo-hoi-hom-nay-78-them-ba-dia-phuong-giao-dich-o-muc-59000-dongkg-20268564413198.htm,
07/08/2026,vietnambiz.vn,Miền Trung - Tây Nguyên,Huế,60000,0.0,https://vietnambiz.vn/gia-heo-hoi-hom-nay-78-them-ba-dia-phuong-giao-dich-o-muc-59000-dongkg-20268564413198.htm,
07/08/2026,vietnambiz.vn,Miền Trung - Tây Nguyên,Hà Tĩnh,59000,-1000.0,https://vietnambiz.vn/gia-heo-hoi-hom-nay-78-them-ba-dia-phuong-giao-dich-o-muc-59000-dongkg-20268564413198.htm,
07/08/2026,vietnambiz.vn,Miền Trung - Tây Nguyên,Khánh Hoà,60000,0.0,https://vietnambiz.vn/gia-heo-hoi-hom-nay-78-them-ba-dia-phuong-giao-dich-o-muc-59000-dongkg-20268564413198.htm,
07/08/2026,vietnambiz.vn,Miền Trung - Tây Nguyên,Lâm Đồng,60000,0.0,https://vietnambiz.vn/gia-heo-hoi-hom-nay-78-them-ba-dia-phuong-giao-dich-o-muc-59000-dongkg-20268564413198.htm,
07/08/2026,vietnambiz.vn,Miền Trung - Tây Nguyên,Nghệ An,60000,0.0,https://vietnambiz.vn/gia-heo-hoi-hom-nay-78-them-ba-dia-phuong-giao-dich-o-muc-59000-dongkg-20268564413198.htm,
07/08/2026,vietnambiz.vn,Miền Trung - Tây Nguyên,Quảng Ngãi,60000,0.0,https://vietnambiz.vn/gia-heo-hoi-hom-nay-78-them-ba-dia-phuong-giao-dich-o-muc-59000-dongkg-20268564413198.htm,
07/08/2026,vietnambiz.vn,Miền Trung - Tây Nguyên,Quảng Trị,60000,0.0,https://vietnambiz.vn/gia-heo-hoi-hom-nay-78-them-ba-dia-phuong-giao-dich-o-muc-59000-dongkg-20268564413198.htm,
07/08/2026,vietnambiz.vn,Miền Trung - Tây Nguyên,Thanh Hoá,60000,-1000.0,https://vietnambiz.vn/gia-heo-hoi-hom-nay-78-them-ba-dia-phuong-giao-dich-o-muc-59000-dongkg-20268564413198.htm,
07/08/2026,vietnambiz.vn,Miền Trung - Tây Nguyên,Đà Nẵng,60000,0.0,https://vietnambiz.vn/gia-heo-hoi-hom-nay-78-them-ba-dia-phuong-giao-dich-o-muc-59000-dongkg-20268564413198.htm,
07/08/2026,vietnambiz.vn,Miền Trung - Tây Nguyên,Đắk Lắk,59000,0.0,https://vietnambiz.vn/gia-heo-hoi-hom-nay-78-them-ba-dia-phuong-giao-dich-o-muc-59000-dongkg-20268564413198.htm,
07/08/2026,vinanet.vn,Miền Bắc,Bắc Ninh,62000,,https://vinanet.vn/nong-san/gia-heo-hoi-hom-nay-78-mien-bac-neo-muc-cao-814318.html,
07/08/2026,vinanet.vn,Miền Bắc,Cao Bằng,61000,,https://vinanet.vn/nong-san/gia-heo-hoi-hom-nay-78-mien-bac-neo-muc-cao-814318.html,
07/08/2026,vinanet.vn,Miền Bắc,Hà Nội,62000,,https://vinanet.vn/nong-san/gia-heo-hoi-hom-nay-78-mien-bac-neo-muc-cao-814318.html,
07/08/2026,vinanet.vn,Miền Bắc,Hưng Yên,62000,,https://vinanet.vn/nong-san/gia-heo-hoi-hom-nay-78-mien-bac-neo-muc-cao-814318.html,
07/08/2026,vinanet.vn,Miền Bắc,Hải Phòng,62000,,https://vinanet.vn/nong-san/gia-heo-hoi-hom-nay-78-mien-bac-neo-muc-cao-814318.html,
07/08/2026,vinanet.vn,Miền Bắc,Lai Châu,62000,,https://vinanet.vn/nong-san/gia-heo-hoi-hom-nay-78-mien-bac-neo-muc-cao-814318.html,
07/08/2026,vinanet.vn,Miền Bắc,Lào Cai,61000,,https://vinanet.vn/nong-san/gia-heo-hoi-hom-nay-78-mien-bac-neo-muc-cao-814318.html,
07/08/2026,vinanet.vn,Miền Bắc,Lạng Sơn,62000,,https://vinanet.vn/nong-san/gia-heo-hoi-hom-nay-78-mien-bac-neo-muc-cao-814318.html,
07/08/2026,vinanet.vn,Miền Bắc,Ninh Bình,61000,,https://vinanet.vn/nong-san/gia-heo-hoi-hom-nay-78-mien-bac-neo-muc-cao-814318.html,
07/08/2026,vinanet.vn,Miền Bắc,Phú Thọ,62000,,https://vinanet.vn/nong-san/gia-heo-hoi-hom-nay-78-mien-bac-neo-muc-cao-814318.html,
07/08/2026,vinanet.vn,Miền Bắc,Quảng Ninh,62000,,https://vinanet.vn/nong-san/gia-heo-hoi-hom-nay-78-mien-bac-neo-muc-cao-814318.html,
07/08/2026,vinanet.vn,Miền Bắc,Sơn La,61000,,https://vinanet.vn/nong-san/gia-heo-hoi-hom-nay-78-mien-bac-neo-muc-cao-814318.html,
07/08/2026,vinanet.vn,Miền Bắc,Thái Nguyên,62000,,https://vinanet.vn/nong-san/gia-heo-hoi-hom-nay-78-mien-bac-neo-muc-cao-814318.html,
07/08/2026,vinanet.vn,Miền Bắc,Tuyên Quang,62000,,https://vinanet.vn/nong-san/gia-heo-hoi-hom-nay-78-mien-bac-neo-muc-cao-814318.html,
07/08/2026,vinanet.vn,Miền Bắc,Điện Biên,62000,,https://vinanet.vn/nong-san/gia-heo-hoi-hom-nay-78-mien-bac-neo-muc-cao-814318.html,
07/08/2026,vinanet.vn,Miền Nam,An Giang,59000,,https://vinanet.vn/nong-san/gia-heo-hoi-hom-nay-78-mien-bac-neo-muc-cao-814318.html,
07/08/2026,vinanet.vn,Miền Nam,Cà Mau,59000,,https://vinanet.vn/nong-san/gia-heo-hoi-hom-nay-78-mien-bac-neo-muc-cao-814318.html,
07/08/2026,vinanet.vn,Miền Nam,Cần Thơ,60000,,https://vinanet.vn/nong-san/gia-heo-hoi-hom-nay-78-mien-bac-neo-muc-cao-814318.html,
07/08/2026,vinanet.vn,Miền Nam,TP.HCM,60000,,https://vinanet.vn/nong-san/gia-heo-hoi-hom-nay-78-mien-bac-neo-muc-cao-814318.html,
07/08/2026,vinanet.vn,Miền Nam,Tây Ninh,60000,,https://vinanet.vn/nong-san/gia-heo-hoi-hom-nay-78-mien-bac-neo-muc-cao-814318.html,
07/08/2026,vinanet.vn,Miền Nam,Vĩnh Long,60000,,https://vinanet.vn/nong-san/gia-heo-hoi-hom-nay-78-mien-bac-neo-muc-cao-814318.html,
07/08/2026,vinanet.vn,Miền Nam,Đồng Nai,61000,,https://vinanet.vn/nong-san/gia-heo-hoi-hom-nay-78-mien-bac-neo-muc-cao-814318.html,
07/08/2026,vinanet.vn,Miền Nam,Đồng Tháp,59000,,https://vinanet.vn/nong-san/gia-heo-hoi-hom-nay-78-mien-bac-neo-muc-cao-814318.html,
07/08/2026,vinanet.vn,Miền Trung - Tây Nguyên,Gia Lai,60000,,https://vinanet.vn/nong-san/gia-heo-hoi-hom-nay-78-mien-bac-neo-muc-cao-814318.html,
07/08/2026,vinanet.vn,Miền Trung - Tây Nguyên,Huế,60000,,https://vinanet.vn/nong-san/gia-heo-hoi-hom-nay-78-mien-bac-neo-muc-cao-814318.html,
07/08/2026,vinanet.vn,Miền Trung - Tây Nguyên,Hà Tĩnh,60000,,https://vinanet.vn/nong-san/gia-heo-hoi-hom-nay-78-mien-bac-neo-muc-cao-814318.html,
07/08/2026,vinanet.vn,Miền Trung - Tây Nguyên,Khánh Hòa,60000,,https://vinanet.vn/nong-san/gia-heo-hoi-hom-nay-78-mien-bac-neo-muc-cao-814318.html,
07/08/2026,vinanet.vn,Miền Trung - Tây Nguyên,Lâm Đồng,60000,,https://vinanet.vn/nong-san/gia-heo-hoi-hom-nay-78-mien-bac-neo-muc-cao-814318.html,
07/08/2026,vinanet.vn,Miền Trung - Tây Nguyên,Nghệ An,60000,,https://vinanet.vn/nong-san/gia-heo-hoi-hom-nay-78-mien-bac-neo-muc-cao-814318.html,
07/08/2026,vinanet.vn,Miền Trung - Tây Nguyên,Quảng Ngãi,60000,,https://vinanet.vn/nong-san/gia-heo-hoi-hom-nay-78-mien-bac-neo-muc-cao-814318.html,
07/08/2026,vinanet.vn,Miền Trung - Tây Nguyên,Quảng Trị,60000,,https://vinanet.vn/nong-san/gia-heo-hoi-hom-nay-78-mien-bac-neo-muc-cao-814318.html,
07/08/2026,vinanet.vn,Miền Trung - Tây Nguyên,Thanh Hóa,61000,,https://vinanet.vn/nong-san/gia-heo-hoi-hom-nay-78-mien-bac-neo-muc-cao-814318.html,
07/08/2026,vinanet.vn,Miền Trung - Tây Nguyên,Đà Nẵng,60000,,https://vinanet.vn/nong-san/gia-heo-hoi-hom-nay-78-mien-bac-neo-muc-cao-814318.html,
07/08/2026,vinanet.vn,Miền Trung - Tây Nguyên,Đắk Lắk,59000,,https://vinanet.vn/nong-san/gia-heo-hoi-hom-nay-78-mien-bac-neo-muc-cao-814318.html,
08/08/2026,vietnambiz.vn,Miền Bắc,Bắc Ninh,61000,0.0,https://vietnambiz.vn/gia-heo-hoi-hom-nay-88-tiep-tuc-di-xuong-co-noi-ghi-nhan-muc-58000-dongkg-2026847132298.htm,
08/08/2026,vietnambiz.vn,Miền Bắc,Cao Bằng,59000,-1000.0,https://vietnambiz.vn/gia-heo-hoi-hom-nay-88-tiep-tuc-di-xuong-co-noi-ghi-nhan-muc-58000-dongkg-2026847132298.htm,
08/08/2026,vietnambiz.vn,Miền Bắc,Hà Nội,61000,-1000.0,https://vietnambiz.vn/gia-heo-hoi-hom-nay-88-tiep-tuc-di-xuong-co-noi-ghi-nhan-muc-58000-dongkg-2026847132298.htm,
08/08/2026,vietnambiz.vn,Miền Bắc,Hưng Yên,61000,-1000.0,https://vietnambiz.vn/gia-heo-hoi-hom-nay-88-tiep-tuc-di-xuong-co-noi-ghi-nhan-muc-58000-dongkg-2026847132298.htm,
08/08/2026,vietnambiz.vn,Miền Bắc,Hải Phòng,61000,-1000.0,https://vietnambiz.vn/gia-heo-hoi-hom-nay-88-tiep-tuc-di-xuong-co-noi-ghi-nhan-muc-58000-dongkg-2026847132298.htm,
08/08/2026,vietnambiz.vn,Miền Bắc,Lai Châu,60000,-1000.0,https://vietnambiz.vn/gia-heo-hoi-hom-nay-88-tiep-tuc-di-xuong-co-noi-ghi-nhan-muc-58000-dongkg-2026847132298.htm,
08/08/2026,vietnambiz.vn,Miền Bắc,Lào Cai,59000,-1000.0,https://vietnambiz.vn/gia-heo-hoi-hom-nay-88-tiep-tuc-di-xuong-co-noi-ghi-nhan-muc-58000-dongkg-2026847132298.htm,
08/08/2026,vietnambiz.vn,Miền Bắc,Lạng Sơn,61000,0.0,https://vietnambiz.vn/gia-heo-hoi-hom-nay-88-tiep-tuc-di-xuong-co-noi-ghi-nhan-muc-58000-dongkg-2026847132298.htm,
08/08/2026,vietnambiz.vn,Miền Bắc,Ninh Bình,60000,0.0,https://vietnambiz.vn/gia-heo-hoi-hom-nay-88-tiep-tuc-di-xuong-co-noi-ghi-nhan-muc-58000-dongkg-2026847132298.htm,
08/08/2026,vietnambiz.vn,Miền Bắc,Phú Thọ,60000,-1000.0,https://vietnambiz.vn/gia-heo-hoi-hom-nay-88-tiep-tuc-di-xuong-co-noi-ghi-nhan-muc-58000-dongkg-2026847132298.htm,
08/08/2026,vietnambiz.vn,Miền Bắc,Quảng Ninh,61000,0.0,https://vietnambiz.vn/gia-heo-hoi-hom-nay-88-tiep-tuc-di-xuong-co-noi-ghi-nhan-muc-58000-dongkg-2026847132298.htm,
08/08/2026,vietnambiz.vn,Miền Bắc,Sơn La,59000,-1000.0,https://vietnambiz.vn/gia-heo-hoi-hom-nay-88-tiep-tuc-di-xuong-co-noi-ghi-nhan-muc-58000-dongkg-2026847132298.htm,
08/08/2026,vietnambiz.vn,Miền Bắc,Thái Nguyên,60000,-1000.0,https://vietnambiz.vn/gia-heo-hoi-hom-nay-88-tiep-tuc-di-xuong-co-noi-ghi-nhan-muc-58000-dongkg-2026847132298.htm,
08/08/2026,vietnambiz.vn,Miền Bắc,Tuyên Quang,60000,-1000.0,https://vietnambiz.vn/gia-heo-hoi-hom-nay-88-tiep-tuc-di-xuong-co-noi-ghi-nhan-muc-58000-dongkg-2026847132298.htm,
08/08/2026,vietnambiz.vn,Miền Bắc,Điện Biên,60000,-1000.0,https://vietnambiz.vn/gia-heo-hoi-hom-nay-88-tiep-tuc-di-xuong-co-noi-ghi-nhan-muc-58000-dongkg-2026847132298.htm,
08/08/2026,vietnambiz.vn,Miền Nam,An Giang,58000,-1000.0,https://vietnambiz.vn/gia-heo-hoi-hom-nay-88-tiep-tuc-di-xuong-co-noi-ghi-nhan-muc-58000-dongkg-2026847132298.htm,
08/08/2026,vietnambiz.vn,Miền Nam,Cà Mau,59000,0.0,https://vietnambiz.vn/gia-heo-hoi-hom-nay-88-tiep-tuc-di-xuong-co-noi-ghi-nhan-muc-58000-dongkg-2026847132298.htm,
08/08/2026,vietnambiz.vn,Miền Nam,Cần Thơ,59000,0.0,https://vietnambiz.vn/gia-heo-hoi-hom-nay-88-tiep-tuc-di-xuong-co-noi-ghi-nhan-muc-58000-dongkg-2026847132298.htm,
08/08/2026,vietnambiz.vn,Miền Nam,TP HCM,60000,0.0,https://vietnambiz.vn/gia-heo-hoi-hom-nay-88-tiep-tuc-di-xuong-co-noi-ghi-nhan-muc-58000-dongkg-2026847132298.htm,
08/08/2026,vietnambiz.vn,Miền Nam,Tây Ninh,59000,0.0,https://vietnambiz.vn/gia-heo-hoi-hom-nay-88-tiep-tuc-di-xuong-co-noi-ghi-nhan-muc-58000-dongkg-2026847132298.htm,
08/08/2026,vietnambiz.vn,Miền Nam,Vĩnh Long,59000,-1000.0,https://vietnambiz.vn/gia-heo-hoi-hom-nay-88-tiep-tuc-di-xuong-co-noi-ghi-nhan-muc-58000-dongkg-2026847132298.htm,
08/08/2026,vietnambiz.vn,Miền Nam,Đồng Nai,60000,0.0,https://vietnambiz.vn/gia-heo-hoi-hom-nay-88-tiep-tuc-di-xuong-co-noi-ghi-nhan-muc-58000-dongkg-2026847132298.htm,
08/08/2026,vietnambiz.vn,Miền Nam,Đồng Tháp,59000,0.0,https://vietnambiz.vn/gia-heo-hoi-hom-nay-88-tiep-tuc-di-xuong-co-noi-ghi-nhan-muc-58000-dongkg-2026847132298.htm,
08/08/2026,vietnambiz.vn,Miền Trung - Tây Nguyên,Gia Lai,60000,0.0,https://vietnambiz.vn/gia-heo-hoi-hom-nay-88-tiep-tuc-di-xuong-co-noi-ghi-nhan-muc-58000-dongkg-2026847132298.htm,
08/08/2026,vietnambiz.vn,Miền Trung - Tây Nguyên,Huế,59000,-1000.0,https://vietnambiz.vn/gia-heo-hoi-hom-nay-88-tiep-tuc-di-xuong-co-noi-ghi-nhan-muc-58000-dongkg-2026847132298.htm,
08/08/2026,vietnambiz.vn,Miền Trung - Tây Nguyên,Hà Tĩnh,59000,0.0,https://vietnambiz.vn/gia-heo-hoi-hom-nay-88-tiep-tuc-di-xuong-co-noi-ghi-nhan-muc-58000-dongkg-2026847132298.htm,
08/08/2026,vietnambiz.vn,Miền Trung - Tây Nguyên,Khánh Hoà,60000,0.0,https://vietnambiz.vn/gia-heo-hoi-hom-nay-88-tiep-tuc-di-xuong-co-noi-ghi-nhan-muc-58000-dongkg-2026847132298.htm,
08/08/2026,vietnambiz.vn,Miền Trung - Tây Nguyên,Lâm Đồng,60000,0.0,https://vietnambiz.vn/gia-heo-hoi-hom-nay-88-tiep-tuc-di-xuong-co-noi-ghi-nhan-muc-58000-dongkg-2026847132298.htm,
08/08/2026,vietnambiz.vn,Miền Trung - Tây Nguyên,Nghệ An,60000,0.0,https://vietnambiz.vn/gia-heo-hoi-hom-nay-88-tiep-tuc-di-xuong-co-noi-ghi-nhan-muc-58000-dongkg-2026847132298.htm,
08/08/2026,vietnambiz.vn,Miền Trung - Tây Nguyên,Quảng Ngãi,59000,-1000.0,https://vietnambiz.vn/gia-heo-hoi-hom-nay-88-tiep-tuc-di-xuong-co-noi-ghi-nhan-muc-58000-dongkg-2026847132298.htm,
08/08/2026,vietnambiz.vn,Miền Trung - Tây Nguyên,Quảng Trị,60000,0.0,https://vietnambiz.vn/gia-heo-hoi-hom-nay-88-tiep-tuc-di-xuong-co-noi-ghi-nhan-muc-58000-dongkg-2026847132298.htm,
08/08/2026,vietnambiz.vn,Miền Trung - Tây Nguyên,Thanh Hoá,60000,0.0,https://vietnambiz.vn/gia-heo-hoi-hom-nay-88-tiep-tuc-di-xuong-co-noi-ghi-nhan-muc-58000-dongkg-2026847132298.htm,
08/08/2026,vietnambiz.vn,Miền Trung - Tây Nguyên,Đà Nẵng,60000,0.0,https://vietnambiz.vn/gia-heo-hoi-hom-nay-88-tiep-tuc-di-xuong-co-noi-ghi-nhan-muc-58000-dongkg-2026847132298.htm,
08/08/2026,vietnambiz.vn,Miền Trung - Tây Nguyên,Đắk Lắk,59000,0.0,https://vietnambiz.vn/gia-heo-hoi-hom-nay-88-tiep-tuc-di-xuong-co-noi-ghi-nhan-muc-58000-dongkg-2026847132298.htm,
09/08/2026,vietnambiz.vn,Miền Bắc,Bắc Ninh,61000,0.0,https://vietnambiz.vn/gia-heo-hoi-hom-nay-98-da-giam-keo-dai-nhieu-dia-phuong-xuong-duoi-60000-dongkg-trong-tuan-qua-20268975146941.htm,
09/08/2026,vietnambiz.vn,Miền Bắc,Cao Bằng,59000,0.0,https://vietnambiz.vn/gia-heo-hoi-hom-nay-98-da-giam-keo-dai-nhieu-dia-phuong-xuong-duoi-60000-dongkg-trong-tuan-qua-20268975146941.htm,
09/08/2026,vietnambiz.vn,Miền Bắc,Hà Nội,61000,0.0,https://vietnambiz.vn/gia-heo-hoi-hom-nay-98-da-giam-keo-dai-nhieu-dia-phuong-xuong-duoi-60000-dongkg-trong-tuan-qua-20268975146941.htm,
09/08/2026,vietnambiz.vn,Miền Bắc,Hưng Yên,61000,0.0,https://vietnambiz.vn/gia-heo-hoi-hom-nay-98-da-giam-keo-dai-nhieu-dia-phuong-xuong-duoi-60000-dongkg-trong-tuan-qua-20268975146941.htm,
09/08/2026,vietnambiz.vn,Miền Bắc,Hải Phòng,61000,0.0,https://vietnambiz.vn/gia-heo-hoi-hom-nay-98-da-giam-keo-dai-nhieu-dia-phuong-xuong-duoi-60000-dongkg-trong-tuan-qua-20268975146941.htm,
09/08/2026,vietnambiz.vn,Miền Bắc,Lai Châu,60000,0.0,https://vietnambiz.vn/gia-heo-hoi-hom-nay-98-da-giam-keo-dai-nhieu-dia-phuong-xuong-duoi-60000-dongkg-trong-tuan-qua-20268975146941.htm,
09/08/2026,vietnambiz.vn,Miền Bắc,Lào Cai,59000,0.0,https://vietnambiz.vn/gia-heo-hoi-hom-nay-98-da-giam-keo-dai-nhieu-dia-phuong-xuong-duoi-60000-dongkg-trong-tuan-qua-20268975146941.htm,
09/08/2026,vietnambiz.vn,Miền Bắc,Lạng Sơn,61000,0.0,https://vietnambiz.vn/gia-heo-hoi-hom-nay-98-da-giam-keo-dai-nhieu-dia-phuong-xuong-duoi-60000-dongkg-trong-tuan-qua-20268975146941.htm,
09/08/2026,vietnambiz.vn,Miền Bắc,Ninh Bình,60000,0.0,https://vietnambiz.vn/gia-heo-hoi-hom-nay-98-da-giam-keo-dai-nhieu-dia-phuong-xuong-duoi-60000-dongkg-trong-tuan-qua-20268975146941.htm,
09/08/2026,vietnambiz.vn,Miền Bắc,Phú Thọ,60000,0.0,https://vietnambiz.vn/gia-heo-hoi-hom-nay-98-da-giam-keo-dai-nhieu-dia-phuong-xuong-duoi-60000-dongkg-trong-tuan-qua-20268975146941.htm,
09/08/2026,vietnambiz.vn,Miền Bắc,Quảng Ninh,61000,0.0,https://vietnambiz.vn/gia-heo-hoi-hom-nay-98-da-giam-keo-dai-nhieu-dia-phuong-xuong-duoi-60000-dongkg-trong-tuan-qua-20268975146941.htm,
09/08/2026,vietnambiz.vn,Miền Bắc,Sơn La,59000,0.0,https://vietnambiz.vn/gia-heo-hoi-hom-nay-98-da-giam-keo-dai-nhieu-dia-phuong-xuong-duoi-60000-dongkg-trong-tuan-qua-20268975146941.htm,
09/08/2026,vietnambiz.vn,Miền Bắc,Thái Nguyên,60000,0.0,https://vietnambiz.vn/gia-heo-hoi-hom-nay-98-da-giam-keo-dai-nhieu-dia-phuong-xuong-duoi-60000-dongkg-trong-tuan-qua-20268975146941.htm,
09/08/2026,vietnambiz.vn,Miền Bắc,Tuyên Quang,60000,0.0,https://vietnambiz.vn/gia-heo-hoi-hom-nay-98-da-giam-keo-dai-nhieu-dia-phuong-xuong-duoi-60000-dongkg-trong-tuan-qua-20268975146941.htm,
09/08/2026,vietnambiz.vn,Miền Bắc,Điện Biên,60000,0.0,https://vietnambiz.vn/gia-heo-hoi-hom-nay-98-da-giam-keo-dai-nhieu-dia-phuong-xuong-duoi-60000-dongkg-trong-tuan-qua-20268975146941.htm,
09/08/2026,vietnambiz.vn,Miền Nam,An Giang,58000,0.0,https://vietnambiz.vn/gia-heo-hoi-hom-nay-98-da-giam-keo-dai-nhieu-dia-phuong-xuong-duoi-60000-dongkg-trong-tuan-qua-20268975146941.htm,
09/08/2026,vietnambiz.vn,Miền Nam,Cà Mau,59000,0.0,https://vietnambiz.vn/gia-heo-hoi-hom-nay-98-da-giam-keo-dai-nhieu-dia-phuong-xuong-duoi-60000-dongkg-trong-tuan-qua-20268975146941.htm,
09/08/2026,vietnambiz.vn,Miền Nam,Cần Thơ,59000,0.0,https://vietnambiz.vn/gia-heo-hoi-hom-nay-98-da-giam-keo-dai-nhieu-dia-phuong-xuong-duoi-60000-dongkg-trong-tuan-qua-20268975146941.htm,
09/08/2026,vietnambiz.vn,Miền Nam,TP HCM,60000,0.0,https://vietnambiz.vn/gia-heo-hoi-hom-nay-98-da-giam-keo-dai-nhieu-dia-phuong-xuong-duoi-60000-dongkg-trong-tuan-qua-20268975146941.htm,
09/08/2026,vietnambiz.vn,Miền Nam,Tây Ninh,59000,0.0,https://vietnambiz.vn/gia-heo-hoi-hom-nay-98-da-giam-keo-dai-nhieu-dia-phuong-xuong-duoi-60000-dongkg-trong-tuan-qua-20268975146941.htm,
09/08/2026,vietnambiz.vn,Miền Nam,Vĩnh Long,59000,0.0,https://vietnambiz.vn/gia-heo-hoi-hom-nay-98-da-giam-keo-dai-nhieu-dia-phuong-xuong-duoi-60000-dongkg-trong-tuan-qua-20268975146941.htm,
09/08/2026,vietnambiz.vn,Miền Nam,Đồng Nai,60000,0.0,https://vietnambiz.vn/gia-heo-hoi-hom-nay-98-da-giam-keo-dai-nhieu-dia-phuong-xuong-duoi-60000-dongkg-trong-tuan-qua-20268975146941.htm,
09/08/2026,vietnambiz.vn,Miền Nam,Đồng Tháp,59000,0.0,https://vietnambiz.vn/gia-heo-hoi-hom-nay-98-da-giam-keo-dai-nhieu-dia-phuong-xuong-duoi-60000-dongkg-trong-tuan-qua-20268975146941.htm,
09/08/2026,vietnambiz.vn,Miền Trung - Tây Nguyên,Gia Lai,60000,0.0,https://vietnambiz.vn/gia-heo-hoi-hom-nay-98-da-giam-keo-dai-nhieu-dia-phuong-xuong-duoi-60000-dongkg-trong-tuan-qua-20268975146941.htm,
09/08/2026,vietnambiz.vn,Miền Trung - Tây Nguyên,Huế,59000,0.0,https://vietnambiz.vn/gia-heo-hoi-hom-nay-98-da-giam-keo-dai-nhieu-dia-phuong-xuong-duoi-60000-dongkg-trong-tuan-qua-20268975146941.htm,
09/08/2026,vietnambiz.vn,Miền Trung - Tây Nguyên,Hà Tĩnh,59000,0.0,https://vietnambiz.vn/gia-heo-hoi-hom-nay-98-da-giam-keo-dai-nhieu-dia-phuong-xuong-duoi-60000-dongkg-trong-tuan-qua-20268975146941.htm,
09/08/2026,vietnambiz.vn,Miền Trung - Tây Nguyên,Khánh Hoà,60000,0.0,https://vietnambiz.vn/gia-heo-hoi-hom-nay-98-da-giam-keo-dai-nhieu-dia-phuong-xuong-duoi-60000-dongkg-trong-tuan-qua-20268975146941.htm,
09/08/2026,vietnambiz.vn,Miền Trung - Tây Nguyên,Lâm Đồng,60000,0.0,https://vietnambiz.vn/gia-heo-hoi-hom-nay-98-da-giam-keo-dai-nhieu-dia-phuong-xuong-duoi-60000-dongkg-trong-tuan-qua-20268975146941.htm,
09/08/2026,vietnambiz.vn,Miền Trung - Tây Nguyên,Nghệ An,60000,0.0,https://vietnambiz.vn/gia-heo-hoi-hom-nay-98-da-giam-keo-dai-nhieu-dia-phuong-xuong-duoi-60000-dongkg-trong-tuan-qua-20268975146941.htm,
09/08/2026,vietnambiz.vn,Miền Trung - Tây Nguyên,Quảng Ngãi,59000,0.0,https://vietnambiz.vn/gia-heo-hoi-hom-nay-98-da-giam-keo-dai-nhieu-dia-phuong-xuong-duoi-60000-dongkg-trong-tuan-qua-20268975146941.htm,
09/08/2026,vietnambiz.vn,Miền Trung - Tây Nguyên,Quảng Trị,60000,0.0,https://vietnambiz.vn/gia-heo-hoi-hom-nay-98-da-giam-keo-dai-nhieu-dia-phuong-xuong-duoi-60000-dongkg-trong-tuan-qua-20268975146941.htm,
09/08/2026,vietnambiz.vn,Miền Trung - Tây Nguyên,Thanh Hoá,60000,0.0,https://vietnambiz.vn/gia-heo-hoi-hom-nay-98-da-giam-keo-dai-nhieu-dia-phuong-xuong-duoi-60000-dongkg-trong-tuan-qua-20268975146941.htm,
09/08/2026,vietnambiz.vn,Miền Trung - Tây Nguyên,Đà Nẵng,60000,0.0,https://vietnambiz.vn/gia-heo-hoi-hom-nay-98-da-giam-keo-dai-nhieu-dia-phuong-xuong-duoi-60000-dongkg-trong-tuan-qua-20268975146941.htm,
09/08/2026,vietnambiz.vn,Miền Trung - Tây Nguyên,Đắk Lắk,59000,0.0,https://vietnambiz.vn/gia-heo-hoi-hom-nay-98-da-giam-keo-dai-nhieu-dia-phuong-xuong-duoi-60000-dongkg-trong-tuan-qua-20268975146941.htm,
10/08/2026,vietnambiz.vn,Miền Bắc,Bắc Ninh,60000,-1000.0,https://vietnambiz.vn/gia-heo-hoi-hom-nay-108-nhieu-dia-phuong-ha-1000-dongkg-muc-58000-dongkg-xuat-hien-o-ca-ba-mien-20268107943574.htm,
10/08/2026,vietnambiz.vn,Miền Bắc,Cao Bằng,58000,-1000.0,https://vietnambiz.vn/gia-heo-hoi-hom-nay-108-nhieu-dia-phuong-ha-1000-dongkg-muc-58000-dongkg-xuat-hien-o-ca-ba-mien-20268107943574.htm,
10/08/2026,vietnambiz.vn,Miền Bắc,Hà Nội,60000,-1000.0,https://vietnambiz.vn/gia-heo-hoi-hom-nay-108-nhieu-dia-phuong-ha-1000-dongkg-muc-58000-dongkg-xuat-hien-o-ca-ba-mien-20268107943574.htm,
10/08/2026,vietnambiz.vn,Miền Bắc,Hưng Yên,60000,-1000.0,https://vietnambiz.vn/gia-heo-hoi-hom-nay-108-nhieu-dia-phuong-ha-1000-dongkg-muc-58000-dongkg-xuat-hien-o-ca-ba-mien-20268107943574.htm,
10/08/2026,vietnambiz.vn,Miền Bắc,Hải Phòng,60000,-1000.0,https://vietnambiz.vn/gia-heo-hoi-hom-nay-108-nhieu-dia-phuong-ha-1000-dongkg-muc-58000-dongkg-xuat-hien-o-ca-ba-mien-20268107943574.htm,
10/08/2026,vietnambiz.vn,Miền Bắc,Lai Châu,59000,-1000.0,https://vietnambiz.vn/gia-heo-hoi-hom-nay-108-nhieu-dia-phuong-ha-1000-dongkg-muc-58000-dongkg-xuat-hien-o-ca-ba-mien-20268107943574.htm,
10/08/2026,vietnambiz.vn,Miền Bắc,Lào Cai,58000,-1000.0,https://vietnambiz.vn/gia-heo-hoi-hom-nay-108-nhieu-dia-phuong-ha-1000-dongkg-muc-58000-dongkg-xuat-hien-o-ca-ba-mien-20268107943574.htm,
10/08/2026,vietnambiz.vn,Miền Bắc,Lạng Sơn,60000,-1000.0,https://vietnambiz.vn/gia-heo-hoi-hom-nay-108-nhieu-dia-phuong-ha-1000-dongkg-muc-58000-dongkg-xuat-hien-o-ca-ba-mien-20268107943574.htm,
10/08/2026,vietnambiz.vn,Miền Bắc,Ninh Bình,59000,-1000.0,https://vietnambiz.vn/gia-heo-hoi-hom-nay-108-nhieu-dia-phuong-ha-1000-dongkg-muc-58000-dongkg-xuat-hien-o-ca-ba-mien-20268107943574.htm,
10/08/2026,vietnambiz.vn,Miền Bắc,Phú Thọ,59000,-1000.0,https://vietnambiz.vn/gia-heo-hoi-hom-nay-108-nhieu-dia-phuong-ha-1000-dongkg-muc-58000-dongkg-xuat-hien-o-ca-ba-mien-20268107943574.htm,
10/08/2026,vietnambiz.vn,Miền Bắc,Quảng Ninh,60000,-1000.0,https://vietnambiz.vn/gia-heo-hoi-hom-nay-108-nhieu-dia-phuong-ha-1000-dongkg-muc-58000-dongkg-xuat-hien-o-ca-ba-mien-20268107943574.htm,
10/08/2026,vietnambiz.vn,Miền Bắc,Sơn La,58000,-1000.0,https://vietnambiz.vn/gia-heo-hoi-hom-nay-108-nhieu-dia-phuong-ha-1000-dongkg-muc-58000-dongkg-xuat-hien-o-ca-ba-mien-20268107943574.htm,
10/08/2026,vietnambiz.vn,Miền Bắc,Thái Nguyên,59000,-1000.0,https://vietnambiz.vn/gia-heo-hoi-hom-nay-108-nhieu-dia-phuong-ha-1000-dongkg-muc-58000-dongkg-xuat-hien-o-ca-ba-mien-20268107943574.htm,
10/08/2026,vietnambiz.vn,Miền Bắc,Tuyên Quang,59000,-1000.0,https://vietnambiz.vn/gia-heo-hoi-hom-nay-108-nhieu-dia-phuong-ha-1000-dongkg-muc-58000-dongkg-xuat-hien-o-ca-ba-mien-20268107943574.htm,
10/08/2026,vietnambiz.vn,Miền Bắc,Điện Biên,59000,-1000.0,https://vietnambiz.vn/gia-heo-hoi-hom-nay-108-nhieu-dia-phuong-ha-1000-dongkg-muc-58000-dongkg-xuat-hien-o-ca-ba-mien-20268107943574.htm,
10/08/2026,vietnambiz.vn,Miền Nam,An Giang,58000,0.0,https://vietnambiz.vn/gia-heo-hoi-hom-nay-108-nhieu-dia-phuong-ha-1000-dongkg-muc-58000-dongkg-xuat-hien-o-ca-ba-mien-20268107943574.htm,
10/08/2026,vietnambiz.vn,Miền Nam,Cà Mau,59000,0.0,https://vietnambiz.vn/gia-heo-hoi-hom-nay-108-nhieu-dia-phuong-ha-1000-dongkg-muc-58000-dongkg-xuat-hien-o-ca-ba-mien-20268107943574.htm,
10/08/2026,vietnambiz.vn,Miền Nam,Cần Thơ,59000,0.0,https://vietnambiz.vn/gia-heo-hoi-hom-nay-108-nhieu-dia-phuong-ha-1000-dongkg-muc-58000-dongkg-xuat-hien-o-ca-ba-mien-20268107943574.htm,
10/08/2026,vietnambiz.vn,Miền Nam,TP HCM,60000,0.0,https://vietnambiz.vn/gia-heo-hoi-hom-nay-108-nhieu-dia-phuong-ha-1000-dongkg-muc-58000-dongkg-xuat-hien-o-ca-ba-mien-20268107943574.htm,
10/08/2026,vietnambiz.vn,Miền Nam,Tây Ninh,59000,0.0,https://vietnambiz.vn/gia-heo-hoi-hom-nay-108-nhieu-dia-phuong-ha-1000-dongkg-muc-58000-dongkg-xuat-hien-o-ca-ba-mien-20268107943574.htm,
10/08/2026,vietnambiz.vn,Miền Nam,Vĩnh Long,59000,0.0,https://vietnambiz.vn/gia-heo-hoi-hom-nay-108-nhieu-dia-phuong-ha-1000-dongkg-muc-58000-dongkg-xuat-hien-o-ca-ba-mien-20268107943574.htm,
10/08/2026,vietnambiz.vn,Miền Nam,Đồng Nai,60000,0.0,https://vietnambiz.vn/gia-heo-hoi-hom-nay-108-nhieu-dia-phuong-ha-1000-dongkg-muc-58000-dongkg-xuat-hien-o-ca-ba-mien-20268107943574.htm,
10/08/2026,vietnambiz.vn,Miền Nam,Đồng Tháp,59000,0.0,https://vietnambiz.vn/gia-heo-hoi-hom-nay-108-nhieu-dia-phuong-ha-1000-dongkg-muc-58000-dongkg-xuat-hien-o-ca-ba-mien-20268107943574.htm,
10/08/2026,vietnambiz.vn,Miền Trung - Tây Nguyên,Gia Lai,60000,0.0,https://vietnambiz.vn/gia-heo-hoi-hom-nay-108-nhieu-dia-phuong-ha-1000-dongkg-muc-58000-dongkg-xuat-hien-o-ca-ba-mien-20268107943574.htm,
10/08/2026,vietnambiz.vn,Miền Trung - Tây Nguyên,Huế,58000,-1000.0,https://vietnambiz.vn/gia-heo-hoi-hom-nay-108-nhieu-dia-phuong-ha-1000-dongkg-muc-58000-dongkg-xuat-hien-o-ca-ba-mien-20268107943574.htm,
10/08/2026,vietnambiz.vn,Miền Trung - Tây Nguyên,Hà Tĩnh,59000,0.0,https://vietnambiz.vn/gia-heo-hoi-hom-nay-108-nhieu-dia-phuong-ha-1000-dongkg-muc-58000-dongkg-xuat-hien-o-ca-ba-mien-20268107943574.htm,
10/08/2026,vietnambiz.vn,Miền Trung - Tây Nguyên,Khánh Hoà,60000,0.0,https://vietnambiz.vn/gia-heo-hoi-hom-nay-108-nhieu-dia-phuong-ha-1000-dongkg-muc-58000-dongkg-xuat-hien-o-ca-ba-mien-20268107943574.htm,
10/08/2026,vietnambiz.vn,Miền Trung - Tây Nguyên,Lâm Đồng,60000,0.0,https://vietnambiz.vn/gia-heo-hoi-hom-nay-108-nhieu-dia-phuong-ha-1000-dongkg-muc-58000-dongkg-xuat-hien-o-ca-ba-mien-20268107943574.htm,
10/08/2026,vietnambiz.vn,Miền Trung - Tây Nguyên,Nghệ An,59000,-1000.0,https://vietnambiz.vn/gia-heo-hoi-hom-nay-108-nhieu-dia-phuong-ha-1000-dongkg-muc-58000-dongkg-xuat-hien-o-ca-ba-mien-20268107943574.htm,
10/08/2026,vietnambiz.vn,Miền Trung - Tây Nguyên,Quảng Ngãi,59000,0.0,https://vietnambiz.vn/gia-heo-hoi-hom-nay-108-nhieu-dia-phuong-ha-1000-dongkg-muc-58000-dongkg-xuat-hien-o-ca-ba-mien-20268107943574.htm,
10/08/2026,vietnambiz.vn,Miền Trung - Tây Nguyên,Quảng Trị,59000,-1000.0,https://vietnambiz.vn/gia-heo-hoi-hom-nay-108-nhieu-dia-phuong-ha-1000-dongkg-muc-58000-dongkg-xuat-hien-o-ca-ba-mien-20268107943574.htm,
10/08/2026,vietnambiz.vn,Miền Trung - Tây Nguyên,Thanh Hoá,60000,0.0,https://vietnambiz.vn/gia-heo-hoi-hom-nay-108-nhieu-dia-phuong-ha-1000-dongkg-muc-58000-dongkg-xuat-hien-o-ca-ba-mien-20268107943574.htm,
10/08/2026,vietnambiz.vn,Miền Trung - Tây Nguyên,Đà Nẵng,59000,-1000.0,https://vietnambiz.vn/gia-heo-hoi-hom-nay-108-nhieu-dia-phuong-ha-1000-dongkg-muc-58000-dongkg-xuat-hien-o-ca-ba-mien-20268107943574.htm,
10/08/2026,vietnambiz.vn,Miền Trung - Tây Nguyên,Đắk Lắk,59000,0.0,https://vietnambiz.vn/gia-heo-hoi-hom-nay-108-nhieu-dia-phuong-ha-1000-dongkg-muc-58000-dongkg-xuat-hien-o-ca-ba-mien-20268107943574.htm,
10/08/2026,vinanet.vn,Miền Bắc,Bắc Ninh,61000,,https://vinanet.vn/nong-san/gia-heo-hoi-hom-nay-108-chenh-lech-ba-mien-van-kha-ro-814365.html,
10/08/2026,vinanet.vn,Miền Bắc,Cao Bằng,59000,,https://vinanet.vn/nong-san/gia-heo-hoi-hom-nay-108-chenh-lech-ba-mien-van-kha-ro-814365.html,
10/08/2026,vinanet.vn,Miền Bắc,Hà Nội,61000,,https://vinanet.vn/nong-san/gia-heo-hoi-hom-nay-108-chenh-lech-ba-mien-van-kha-ro-814365.html,
10/08/2026,vinanet.vn,Miền Bắc,Hưng Yên,61000,,https://vinanet.vn/nong-san/gia-heo-hoi-hom-nay-108-chenh-lech-ba-mien-van-kha-ro-814365.html,
10/08/2026,vinanet.vn,Miền Bắc,Hải Phòng,61000,,https://vinanet.vn/nong-san/gia-heo-hoi-hom-nay-108-chenh-lech-ba-mien-van-kha-ro-814365.html,
10/08/2026,vinanet.vn,Miền Bắc,Lai Châu,60000,,https://vinanet.vn/nong-san/gia-heo-hoi-hom-nay-108-chenh-lech-ba-mien-van-kha-ro-814365.html,
10/08/2026,vinanet.vn,Miền Bắc,Lào Cai,59000,,https://vinanet.vn/nong-san/gia-heo-hoi-hom-nay-108-chenh-lech-ba-mien-van-kha-ro-814365.html,
10/08/2026,vinanet.vn,Miền Bắc,Lạng Sơn,61000,,https://vinanet.vn/nong-san/gia-heo-hoi-hom-nay-108-chenh-lech-ba-mien-van-kha-ro-814365.html,
10/08/2026,vinanet.vn,Miền Bắc,Ninh Bình,60000,,https://vinanet.vn/nong-san/gia-heo-hoi-hom-nay-108-chenh-lech-ba-mien-van-kha-ro-814365.html,
10/08/2026,vinanet.vn,Miền Bắc,Phú Thọ,60000,,https://vinanet.vn/nong-san/gia-heo-hoi-hom-nay-108-chenh-lech-ba-mien-van-kha-ro-814365.html,
10/08/2026,vinanet.vn,Miền Bắc,Quảng Ninh,61000,,https://vinanet.vn/nong-san/gia-heo-hoi-hom-nay-108-chenh-lech-ba-mien-van-kha-ro-814365.html,
10/08/2026,vinanet.vn,Miền Bắc,Sơn La,59000,,https://vinanet.vn/nong-san/gia-heo-hoi-hom-nay-108-chenh-lech-ba-mien-van-kha-ro-814365.html,
10/08/2026,vinanet.vn,Miền Bắc,Thái Nguyên,60000,,https://vinanet.vn/nong-san/gia-heo-hoi-hom-nay-108-chenh-lech-ba-mien-van-kha-ro-814365.html,
10/08/2026,vinanet.vn,Miền Bắc,Tuyên Quang,60000,,https://vinanet.vn/nong-san/gia-heo-hoi-hom-nay-108-chenh-lech-ba-mien-van-kha-ro-814365.html,
10/08/2026,vinanet.vn,Miền Bắc,Điện Biên,60000,,https://vinanet.vn/nong-san/gia-heo-hoi-hom-nay-108-chenh-lech-ba-mien-van-kha-ro-814365.html,
10/08/2026,vinanet.vn,Miền Nam,An Giang,58000,,https://vinanet.vn/nong-san/gia-heo-hoi-hom-nay-108-chenh-lech-ba-mien-van-kha-ro-814365.html,
10/08/2026,vinanet.vn,Miền Nam,Cà Mau,59000,,https://vinanet.vn/nong-san/gia-heo-hoi-hom-nay-108-chenh-lech-ba-mien-van-kha-ro-814365.html,
10/08/2026,vinanet.vn,Miền Nam,Cần Thơ,59000,,https://vinanet.vn/nong-san/gia-heo-hoi-hom-nay-108-chenh-lech-ba-mien-van-kha-ro-814365.html,
10/08/2026,vinanet.vn,Miền Nam,TP.HCM,60000,,https://vinanet.vn/nong-san/gia-heo-hoi-hom-nay-108-chenh-lech-ba-mien-van-kha-ro-814365.html,
10/08/2026,vinanet.vn,Miền Nam,Tây Ninh,59000,,https://vinanet.vn/nong-san/gia-heo-hoi-hom-nay-108-chenh-lech-ba-mien-van-kha-ro-814365.html,
10/08/2026,vinanet.vn,Miền Nam,Vĩnh Long,59000,,https://vinanet.vn/nong-san/gia-heo-hoi-hom-nay-108-chenh-lech-ba-mien-van-kha-ro-814365.html,
10/08/2026,vinanet.vn,Miền Nam,Đồng Nai,60000,,https://vinanet.vn/nong-san/gia-heo-hoi-hom-nay-108-chenh-lech-ba-mien-van-kha-ro-814365.html,
10/08/2026,vinanet.vn,Miền Nam,Đồng Tháp,59000,,https://vinanet.vn/nong-san/gia-heo-hoi-hom-nay-108-chenh-lech-ba-mien-van-kha-ro-814365.html,
10/08/2026,vinanet.vn,Miền Trung - Tây Nguyên,Gia Lai,60000,,https://vinanet.vn/nong-san/gia-heo-hoi-hom-nay-108-chenh-lech-ba-mien-van-kha-ro-814365.html,
10/08/2026,vinanet.vn,Miền Trung - Tây Nguyên,Huế,59000,,https://vinanet.vn/nong-san/gia-heo-hoi-hom-nay-108-chenh-lech-ba-mien-van-kha-ro-814365.html,
10/08/2026,vinanet.vn,Miền Trung - Tây Nguyên,Hà Tĩnh,59000,,https://vinanet.vn/nong-san/gia-heo-hoi-hom-nay-108-chenh-lech-ba-mien-van-kha-ro-814365.html,
10/08/2026,vinanet.vn,Miền Trung - Tây Nguyên,Khánh Hòa,60000,,https://vinanet.vn/nong-san/gia-heo-hoi-hom-nay-108-chenh-lech-ba-mien-van-kha-ro-814365.html,
10/08/2026,vinanet.vn,Miền Trung - Tây Nguyên,Lâm Đồng,60000,,https://vinanet.vn/nong-san/gia-heo-hoi-hom-nay-108-chenh-lech-ba-mien-van-kha-ro-814365.html,
10/08/2026,vinanet.vn,Miền Trung - Tây Nguyên,Nghệ An,60000,,https://vinanet.vn/nong-san/gia-heo-hoi-hom-nay-108-chenh-lech-ba-mien-van-kha-ro-814365.html,
10/08/2026,vinanet.vn,Miền Trung - Tây Nguyên,Quảng Ngãi,59000,,https://vinanet.vn/nong-san/gia-heo-hoi-hom-nay-108-chenh-lech-ba-mien-van-kha-ro-814365.html,
10/08/2026,vinanet.vn,Miền Trung - Tây Nguyên,Quảng Trị,60000,,https://vinanet.vn/nong-san/gia-heo-hoi-hom-nay-108-chenh-lech-ba-mien-van-kha-ro-814365.html,
10/08/2026,vinanet.vn,Miền Trung - Tây Nguyên,Thanh Hóa,60000,,https://vinanet.vn/nong-san/gia-heo-hoi-hom-nay-108-chenh-lech-ba-mien-van-kha-ro-814365.html,
10/08/2026,vinanet.vn,Miền Trung - Tây Nguyên,Đà Nẵng,60000,,https://vinanet.vn/nong-san/gia-heo-hoi-hom-nay-108-chenh-lech-ba-mien-van-kha-ro-814365.html,
10/08/2026,vinanet.vn,Miền Trung - Tây Nguyên,Đắk Lắk,59000,,https://vinanet.vn/nong-san/gia-heo-hoi-hom-nay-108-chenh-lech-ba-mien-van-kha-ro-814365.html,
11/08/2026,vietnambiz.vn,Miền Bắc,Bắc Ninh,59000,-1000.0,https://vietnambiz.vn/gia-heo-hoi-hom-nay-118-mot-so-noi-xuong-con-57000-dongkg-20267307413847.htm,
11/08/2026,vietnambiz.vn,Miền Bắc,Cao Bằng,57000,-1000.0,https://vietnambiz.vn/gia-heo-hoi-hom-nay-118-mot-so-noi-xuong-con-57000-dongkg-20267307413847.htm,
11/08/2026,vietnambiz.vn,Miền Bắc,Hà Nội,60000,0.0,https://vietnambiz.vn/gia-heo-hoi-hom-nay-118-mot-so-noi-xuong-con-57000-dongkg-20267307413847.htm,
11/08/2026,vietnambiz.vn,Miền Bắc,Hưng Yên,60000,0.0,https://vietnambiz.vn/gia-heo-hoi-hom-nay-118-mot-so-noi-xuong-con-57000-dongkg-20267307413847.htm,
11/08/2026,vietnambiz.vn,Miền Bắc,Hải Phòng,59000,-1000.0,https://vietnambiz.vn/gia-heo-hoi-hom-nay-118-mot-so-noi-xuong-con-57000-dongkg-20267307413847.htm,
11/08/2026,vietnambiz.vn,Miền Bắc,Lai Châu,58000,-1000.0,https://vietnambiz.vn/gia-heo-hoi-hom-nay-118-mot-so-noi-xuong-con-57000-dongkg-20267307413847.htm,
11/08/2026,vietnambiz.vn,Miền Bắc,Lào Cai,57000,-1000.0,https://vietnambiz.vn/gia-heo-hoi-hom-nay-118-mot-so-noi-xuong-con-57000-dongkg-20267307413847.htm,
11/08/2026,vietnambiz.vn,Miền Bắc,Lạng Sơn,59000,-1000.0,https://vietnambiz.vn/gia-heo-hoi-hom-nay-118-mot-so-noi-xuong-con-57000-dongkg-20267307413847.htm,
11/08/2026,vietnambiz.vn,Miền Bắc,Ninh Bình,59000,0.0,https://vietnambiz.vn/gia-heo-hoi-hom-nay-118-mot-so-noi-xuong-con-57000-dongkg-20267307413847.htm,
11/08/2026,vietnambiz.vn,Miền Bắc,Phú Thọ,58000,-1000.0,https://vietnambiz.vn/gia-heo-hoi-hom-nay-118-mot-so-noi-xuong-con-57000-dongkg-20267307413847.htm,
11/08/2026,vietnambiz.vn,Miền Bắc,Quảng Ninh,60000,0.0,https://vietnambiz.vn/gia-heo-hoi-hom-nay-118-mot-so-noi-xuong-con-57000-dongkg-20267307413847.htm,
11/08/2026,vietnambiz.vn,Miền Bắc,Sơn La,57000,-1000.0,https://vietnambiz.vn/gia-heo-hoi-hom-nay-118-mot-so-noi-xuong-con-57000-dongkg-20267307413847.htm,
11/08/2026,vietnambiz.vn,Miền Bắc,Thái Nguyên,58000,-1000.0,https://vietnambiz.vn/gia-heo-hoi-hom-nay-118-mot-so-noi-xuong-con-57000-dongkg-20267307413847.htm,
11/08/2026,vietnambiz.vn,Miền Bắc,Tuyên Quang,58000,-1000.0,https://vietnambiz.vn/gia-heo-hoi-hom-nay-118-mot-so-noi-xuong-con-57000-dongkg-20267307413847.htm,
11/08/2026,vietnambiz.vn,Miền Bắc,Điện Biên,58000,-1000.0,https://vietnambiz.vn/gia-heo-hoi-hom-nay-118-mot-so-noi-xuong-con-57000-dongkg-20267307413847.htm,
11/08/2026,vietnambiz.vn,Miền Nam,An Giang,57000,-1000.0,https://vietnambiz.vn/gia-heo-hoi-hom-nay-118-mot-so-noi-xuong-con-57000-dongkg-20267307413847.htm,
11/08/2026,vietnambiz.vn,Miền Nam,Cà Mau,58000,-1000.0,https://vietnambiz.vn/gia-heo-hoi-hom-nay-118-mot-so-noi-xuong-con-57000-dongkg-20267307413847.htm,
11/08/2026,vietnambiz.vn,Miền Nam,Cần Thơ,58000,-1000.0,https://vietnambiz.vn/gia-heo-hoi-hom-nay-118-mot-so-noi-xuong-con-57000-dongkg-20267307413847.htm,
11/08/2026,vietnambiz.vn,Miền Nam,TP HCM,59000,-1000.0,https://vietnambiz.vn/gia-heo-hoi-hom-nay-118-mot-so-noi-xuong-con-57000-dongkg-20267307413847.htm,
11/08/2026,vietnambiz.vn,Miền Nam,Tây Ninh,58000,-1000.0,https://vietnambiz.vn/gia-heo-hoi-hom-nay-118-mot-so-noi-xuong-con-57000-dongkg-20267307413847.htm,
11/08/2026,vietnambiz.vn,Miền Nam,Vĩnh Long,58000,-1000.0,https://vietnambiz.vn/gia-heo-hoi-hom-nay-118-mot-so-noi-xuong-con-57000-dongkg-20267307413847.htm,
11/08/2026,vietnambiz.vn,Miền Nam,Đồng Nai,59000,-1000.0,https://vietnambiz.vn/gia-heo-hoi-hom-nay-118-mot-so-noi-xuong-con-57000-dongkg-20267307413847.htm,
11/08/2026,vietnambiz.vn,Miền Nam,Đồng Tháp,58000,-1000.0,https://vietnambiz.vn/gia-heo-hoi-hom-nay-118-mot-so-noi-xuong-con-57000-dongkg-20267307413847.htm,
11/08/2026,vietnambiz.vn,Miền Trung - Tây Nguyên,Gia Lai,59000,-1000.0,https://vietnambiz.vn/gia-heo-hoi-hom-nay-118-mot-so-noi-xuong-con-57000-dongkg-20267307413847.htm,
11/08/2026,vietnambiz.vn,Miền Trung - Tây Nguyên,Huế,58000,0.0,https://vietnambiz.vn/gia-heo-hoi-hom-nay-118-mot-so-noi-xuong-con-57000-dongkg-20267307413847.htm,
11/08/2026,vietnambiz.vn,Miền Trung - Tây Nguyên,Hà Tĩnh,59000,0.0,https://vietnambiz.vn/gia-heo-hoi-hom-nay-118-mot-so-noi-xuong-con-57000-dongkg-20267307413847.htm,
11/08/2026,vietnambiz.vn,Miền Trung - Tây Nguyên,Khánh Hoà,59000,-1000.0,https://vietnambiz.vn/gia-heo-hoi-hom-nay-118-mot-so-noi-xuong-con-57000-dongkg-20267307413847.htm,
11/08/2026,vietnambiz.vn,Miền Trung - Tây Nguyên,Lâm Đồng,59000,-1000.0,https://vietnambiz.vn/gia-heo-hoi-hom-nay-118-mot-so-noi-xuong-con-57000-dongkg-20267307413847.htm,
11/08/2026,vietnambiz.vn,Miền Trung - Tây Nguyên,Nghệ An,58000,-1000.0,https://vietnambiz.vn/gia-heo-hoi-hom-nay-118-mot-so-noi-xuong-con-57000-dongkg-20267307413847.htm,
11/08/2026,vietnambiz.vn,Miền Trung - Tây Nguyên,Quảng Ngãi,59000,0.0,https://vietnambiz.vn/gia-heo-hoi-hom-nay-118-mot-so-noi-xuong-con-57000-dongkg-20267307413847.htm,
11/08/2026,vietnambiz.vn,Miền Trung - Tây Nguyên,Quảng Trị,59000,0.0,https://vietnambiz.vn/gia-heo-hoi-hom-nay-118-mot-so-noi-xuong-con-57000-dongkg-20267307413847.htm,
11/08/2026,vietnambiz.vn,Miền Trung - Tây Nguyên,Thanh Hoá,58000,-1000.0,https://vietnambiz.vn/gia-heo-hoi-hom-nay-118-mot-so-noi-xuong-con-57000-dongkg-20267307413847.htm,
11/08/2026,vietnambiz.vn,Miền Trung - Tây Nguyên,Đà Nẵng,59000,0.0,https://vietnambiz.vn/gia-heo-hoi-hom-nay-118-mot-so-noi-xuong-con-57000-dongkg-20267307413847.htm,
11/08/2026,vietnambiz.vn,Miền Trung - Tây Nguyên,Đắk Lắk,58000,-1000.0,https://vietnambiz.vn/gia-heo-hoi-hom-nay-118-mot-so-noi-xuong-con-57000-dongkg-20267307413847.htm,
11/08/2026,vinanet.vn,Miền Bắc,Bắc Ninh,60000,,https://vinanet.vn/nong-san/gia-heo-hoi-hom-nay-118-mien-bac-dong-loat-giam-814418.html,
11/08/2026,vinanet.vn,Miền Bắc,Cao Bằng,58000,,https://vinanet.vn/nong-san/gia-heo-hoi-hom-nay-118-mien-bac-dong-loat-giam-814418.html,
11/08/2026,vinanet.vn,Miền Bắc,Hà Nội,60000,,https://vinanet.vn/nong-san/gia-heo-hoi-hom-nay-118-mien-bac-dong-loat-giam-814418.html,
11/08/2026,vinanet.vn,Miền Bắc,Hưng Yên,60000,,https://vinanet.vn/nong-san/gia-heo-hoi-hom-nay-118-mien-bac-dong-loat-giam-814418.html,
11/08/2026,vinanet.vn,Miền Bắc,Hải Phòng,60000,,https://vinanet.vn/nong-san/gia-heo-hoi-hom-nay-118-mien-bac-dong-loat-giam-814418.html,
11/08/2026,vinanet.vn,Miền Bắc,Lai Châu,59000,,https://vinanet.vn/nong-san/gia-heo-hoi-hom-nay-118-mien-bac-dong-loat-giam-814418.html,
11/08/2026,vinanet.vn,Miền Bắc,Lào Cai,58000,,https://vinanet.vn/nong-san/gia-heo-hoi-hom-nay-118-mien-bac-dong-loat-giam-814418.html,
11/08/2026,vinanet.vn,Miền Bắc,Lạng Sơn,60000,,https://vinanet.vn/nong-san/gia-heo-hoi-hom-nay-118-mien-bac-dong-loat-giam-814418.html,
11/08/2026,vinanet.vn,Miền Bắc,Ninh Bình,59000,,https://vinanet.vn/nong-san/gia-heo-hoi-hom-nay-118-mien-bac-dong-loat-giam-814418.html,
11/08/2026,vinanet.vn,Miền Bắc,Phú Thọ,59000,,https://vinanet.vn/nong-san/gia-heo-hoi-hom-nay-118-mien-bac-dong-loat-giam-814418.html,
11/08/2026,vinanet.vn,Miền Bắc,Quảng Ninh,60000,,https://vinanet.vn/nong-san/gia-heo-hoi-hom-nay-118-mien-bac-dong-loat-giam-814418.html,
11/08/2026,vinanet.vn,Miền Bắc,Sơn La,58000,,https://vinanet.vn/nong-san/gia-heo-hoi-hom-nay-118-mien-bac-dong-loat-giam-814418.html,
11/08/2026,vinanet.vn,Miền Bắc,Thái Nguyên,59000,,https://vinanet.vn/nong-san/gia-heo-hoi-hom-nay-118-mien-bac-dong-loat-giam-814418.html,
11/08/2026,vinanet.vn,Miền Bắc,Tuyên Quang,59000,,https://vinanet.vn/nong-san/gia-heo-hoi-hom-nay-118-mien-bac-dong-loat-giam-814418.html,
11/08/2026,vinanet.vn,Miền Bắc,Điện Biên,59000,,https://vinanet.vn/nong-san/gia-heo-hoi-hom-nay-118-mien-bac-dong-loat-giam-814418.html,
11/08/2026,vinanet.vn,Miền Nam,An Giang,58000,,https://vinanet.vn/nong-san/gia-heo-hoi-hom-nay-118-mien-bac-dong-loat-giam-814418.html,
11/08/2026,vinanet.vn,Miền Nam,Cà Mau,59000,,https://vinanet.vn/nong-san/gia-heo-hoi-hom-nay-118-mien-bac-dong-loat-giam-814418.html,
11/08/2026,vinanet.vn,Miền Nam,Cần Thơ,59000,,https://vinanet.vn/nong-san/gia-heo-hoi-hom-nay-118-mien-bac-dong-loat-giam-814418.html,
11/08/2026,vinanet.vn,Miền Nam,TP.HCM,60000,,https://vinanet.vn/nong-san/gia-heo-hoi-hom-nay-118-mien-bac-dong-loat-giam-814418.html,
11/08/2026,vinanet.vn,Miền Nam,Tây Ninh,59000,,https://vinanet.vn/nong-san/gia-heo-hoi-hom-nay-118-mien-bac-dong-loat-giam-814418.html,
11/08/2026,vinanet.vn,Miền Nam,Vĩnh Long,59000,,https://vinanet.vn/nong-san/gia-heo-hoi-hom-nay-118-mien-bac-dong-loat-giam-814418.html,
11/08/2026,vinanet.vn,Miền Nam,Đồng Nai,60000,,https://vinanet.vn/nong-san/gia-heo-hoi-hom-nay-118-mien-bac-dong-loat-giam-814418.html,
11/08/2026,vinanet.vn,Miền Nam,Đồng Tháp,59000,,https://vinanet.vn/nong-san/gia-heo-hoi-hom-nay-118-mien-bac-dong-loat-giam-814418.html,
11/08/2026,vinanet.vn,Miền Trung - Tây Nguyên,Gia Lai,60000,,https://vinanet.vn/nong-san/gia-heo-hoi-hom-nay-118-mien-bac-dong-loat-giam-814418.html,
11/08/2026,vinanet.vn,Miền Trung - Tây Nguyên,Huế,58000,,https://vinanet.vn/nong-san/gia-heo-hoi-hom-nay-118-mien-bac-dong-loat-giam-814418.html,
11/08/2026,vinanet.vn,Miền Trung - Tây Nguyên,Hà Tĩnh,59000,,https://vinanet.vn/nong-san/gia-heo-hoi-hom-nay-118-mien-bac-dong-loat-giam-814418.html,
11/08/2026,vinanet.vn,Miền Trung - Tây Nguyên,Khánh Hòa,60000,,https://vinanet.vn/nong-san/gia-heo-hoi-hom-nay-118-mien-bac-dong-loat-giam-814418.html,
11/08/2026,vinanet.vn,Miền Trung - Tây Nguyên,Lâm Đồng,60000,,https://vinanet.vn/nong-san/gia-heo-hoi-hom-nay-118-mien-bac-dong-loat-giam-814418.html,
11/08/2026,vinanet.vn,Miền Trung - Tây Nguyên,Nghệ An,59000,,https://vinanet.vn/nong-san/gia-heo-hoi-hom-nay-118-mien-bac-dong-loat-giam-814418.html,
11/08/2026,vinanet.vn,Miền Trung - Tây Nguyên,Quảng Ngãi,59000,,https://vinanet.vn/nong-san/gia-heo-hoi-hom-nay-118-mien-bac-dong-loat-giam-814418.html,
11/08/2026,vinanet.vn,Miền Trung - Tây Nguyên,Quảng Trị,59000,,https://vinanet.vn/nong-san/gia-heo-hoi-hom-nay-118-mien-bac-dong-loat-giam-814418.html,
11/08/2026,vinanet.vn,Miền Trung - Tây Nguyên,Thanh Hóa,60000,,https://vinanet.vn/nong-san/gia-heo-hoi-hom-nay-118-mien-bac-dong-loat-giam-814418.html,
11/08/2026,vinanet.vn,Miền Trung - Tây Nguyên,Đà Nẵng,59000,,https://vinanet.vn/nong-san/gia-heo-hoi-hom-nay-118-mien-bac-dong-loat-giam-814418.html,
11/08/2026,vinanet.vn,Miền Trung - Tây Nguyên,Đắk Lắk,59000,,https://vinanet.vn/nong-san/gia-heo-hoi-hom-nay-118-mien-bac-dong-loat-giam-814418.html,
12/08/2026,nongnghiepmoitruong.vn,Miền Bắc,Bắc Ninh,59000,0.0,https://nongnghiepmoitruong.vn/gia-heo-hoi-hom-nay-12-8-2026-xuong-duoi-moc-60000-d-kg-d825662.html,
12/08/2026,nongnghiepmoitruong.vn,Miền Bắc,Cao Bằng,57000,0.0,https://nongnghiepmoitruong.vn/gia-heo-hoi-hom-nay-12-8-2026-xuong-duoi-moc-60000-d-kg-d825662.html,
12/08/2026,nongnghiepmoitruong.vn,Miền Bắc,Hà Nội,59000,-1000.0,https://nongnghiepmoitruong.vn/gia-heo-hoi-hom-nay-12-8-2026-xuong-duoi-moc-60000-d-kg-d825662.html,
12/08/2026,nongnghiepmoitruong.vn,Miền Bắc,Hưng Yên,59000,-1000.0,https://nongnghiepmoitruong.vn/gia-heo-hoi-hom-nay-12-8-2026-xuong-duoi-moc-60000-d-kg-d825662.html,
12/08/2026,nongnghiepmoitruong.vn,Miền Bắc,Hải Phòng,59000,0.0,https://nongnghiepmoitruong.vn/gia-heo-hoi-hom-nay-12-8-2026-xuong-duoi-moc-60000-d-kg-d825662.html,
12/08/2026,nongnghiepmoitruong.vn,Miền Bắc,Lai Châu,58000,0.0,https://nongnghiepmoitruong.vn/gia-heo-hoi-hom-nay-12-8-2026-xuong-duoi-moc-60000-d-kg-d825662.html,
12/08/2026,nongnghiepmoitruong.vn,Miền Bắc,Lào Cai,57000,0.0,https://nongnghiepmoitruong.vn/gia-heo-hoi-hom-nay-12-8-2026-xuong-duoi-moc-60000-d-kg-d825662.html,
12/08/2026,nongnghiepmoitruong.vn,Miền Bắc,Lạng Sơn,59000,0.0,https://nongnghiepmoitruong.vn/gia-heo-hoi-hom-nay-12-8-2026-xuong-duoi-moc-60000-d-kg-d825662.html,
12/08/2026,nongnghiepmoitruong.vn,Miền Bắc,Ninh Bình,59000,0.0,https://nongnghiepmoitruong.vn/gia-heo-hoi-hom-nay-12-8-2026-xuong-duoi-moc-60000-d-kg-d825662.html,
12/08/2026,nongnghiepmoitruong.vn,Miền Bắc,Phú Thọ,58000,0.0,https://nongnghiepmoitruong.vn/gia-heo-hoi-hom-nay-12-8-2026-xuong-duoi-moc-60000-d-kg-d825662.html,
12/08/2026,nongnghiepmoitruong.vn,Miền Bắc,Quảng Ninh,59000,-1000.0,https://nongnghiepmoitruong.vn/gia-heo-hoi-hom-nay-12-8-2026-xuong-duoi-moc-60000-d-kg-d825662.html,
12/08/2026,nongnghiepmoitruong.vn,Miền Bắc,Sơn La,57000,0.0,https://nongnghiepmoitruong.vn/gia-heo-hoi-hom-nay-12-8-2026-xuong-duoi-moc-60000-d-kg-d825662.html,
12/08/2026,nongnghiepmoitruong.vn,Miền Bắc,Thái Nguyên,58000,0.0,https://nongnghiepmoitruong.vn/gia-heo-hoi-hom-nay-12-8-2026-xuong-duoi-moc-60000-d-kg-d825662.html,
12/08/2026,nongnghiepmoitruong.vn,Miền Bắc,Tuyên Quang,58000,0.0,https://nongnghiepmoitruong.vn/gia-heo-hoi-hom-nay-12-8-2026-xuong-duoi-moc-60000-d-kg-d825662.html,
12/08/2026,nongnghiepmoitruong.vn,Miền Bắc,Điện Biên,58000,0.0,https://nongnghiepmoitruong.vn/gia-heo-hoi-hom-nay-12-8-2026-xuong-duoi-moc-60000-d-kg-d825662.html,
12/08/2026,nongnghiepmoitruong.vn,Miền Nam,An Giang,57000,0.0,https://nongnghiepmoitruong.vn/gia-heo-hoi-hom-nay-12-8-2026-xuong-duoi-moc-60000-d-kg-d825662.html,
12/08/2026,nongnghiepmoitruong.vn,Miền Nam,Cà Mau,57000,-1000.0,https://nongnghiepmoitruong.vn/gia-heo-hoi-hom-nay-12-8-2026-xuong-duoi-moc-60000-d-kg-d825662.html,
12/08/2026,nongnghiepmoitruong.vn,Miền Nam,Cần Thơ,58000,0.0,https://nongnghiepmoitruong.vn/gia-heo-hoi-hom-nay-12-8-2026-xuong-duoi-moc-60000-d-kg-d825662.html,
12/08/2026,nongnghiepmoitruong.vn,Miền Nam,TP.HCM,58000,-1000.0,https://nongnghiepmoitruong.vn/gia-heo-hoi-hom-nay-12-8-2026-xuong-duoi-moc-60000-d-kg-d825662.html,
12/08/2026,nongnghiepmoitruong.vn,Miền Nam,Tây Ninh,58000,0.0,https://nongnghiepmoitruong.vn/gia-heo-hoi-hom-nay-12-8-2026-xuong-duoi-moc-60000-d-kg-d825662.html,
12/08/2026,nongnghiepmoitruong.vn,Miền Nam,Vĩnh Long,58000,0.0,https://nongnghiepmoitruong.vn/gia-heo-hoi-hom-nay-12-8-2026-xuong-duoi-moc-60000-d-kg-d825662.html,
12/08/2026,nongnghiepmoitruong.vn,Miền Nam,Đồng Nai,59000,0.0,https://nongnghiepmoitruong.vn/gia-heo-hoi-hom-nay-12-8-2026-xuong-duoi-moc-60000-d-kg-d825662.html,
12/08/2026,nongnghiepmoitruong.vn,Miền Nam,Đồng Tháp,58000,0.0,https://nongnghiepmoitruong.vn/gia-heo-hoi-hom-nay-12-8-2026-xuong-duoi-moc-60000-d-kg-d825662.html,
12/08/2026,nongnghiepmoitruong.vn,Miền Trung - Tây Nguyên,Gia Lai,58000,-1000.0,https://nongnghiepmoitruong.vn/gia-heo-hoi-hom-nay-12-8-2026-xuong-duoi-moc-60000-d-kg-d825662.html,
12/08/2026,nongnghiepmoitruong.vn,Miền Trung - Tây Nguyên,Huế,57000,-1000.0,https://nongnghiepmoitruong.vn/gia-heo-hoi-hom-nay-12-8-2026-xuong-duoi-moc-60000-d-kg-d825662.html,
12/08/2026,nongnghiepmoitruong.vn,Miền Trung - Tây Nguyên,Hà Tĩnh,58000,-1000.0,https://nongnghiepmoitruong.vn/gia-heo-hoi-hom-nay-12-8-2026-xuong-duoi-moc-60000-d-kg-d825662.html,
12/08/2026,nongnghiepmoitruong.vn,Miền Trung - Tây Nguyên,Khánh Hòa,58000,-1000.0,https://nongnghiepmoitruong.vn/gia-heo-hoi-hom-nay-12-8-2026-xuong-duoi-moc-60000-d-kg-d825662.html,
12/08/2026,nongnghiepmoitruong.vn,Miền Trung - Tây Nguyên,Lâm Đồng,58000,-1000.0,https://nongnghiepmoitruong.vn/gia-heo-hoi-hom-nay-12-8-2026-xuong-duoi-moc-60000-d-kg-d825662.html,
12/08/2026,nongnghiepmoitruong.vn,Miền Trung - Tây Nguyên,Nghệ An,57000,-1000.0,https://nongnghiepmoitruong.vn/gia-heo-hoi-hom-nay-12-8-2026-xuong-duoi-moc-60000-d-kg-d825662.html,
12/08/2026,nongnghiepmoitruong.vn,Miền Trung - Tây Nguyên,Quảng Ngãi,58000,-1000.0,https://nongnghiepmoitruong.vn/gia-heo-hoi-hom-nay-12-8-2026-xuong-duoi-moc-60000-d-kg-d825662.html,
12/08/2026,nongnghiepmoitruong.vn,Miền Trung - Tây Nguyên,Quảng Trị,58000,-1000.0,https://nongnghiepmoitruong.vn/gia-heo-hoi-hom-nay-12-8-2026-xuong-duoi-moc-60000-d-kg-d825662.html,
12/08/2026,nongnghiepmoitruong.vn,Miền Trung - Tây Nguyên,Thanh Hóa,57000,-1000.0,https://nongnghiepmoitruong.vn/gia-heo-hoi-hom-nay-12-8-2026-xuong-duoi-moc-60000-d-kg-d825662.html,
12/08/2026,nongnghiepmoitruong.vn,Miền Trung - Tây Nguyên,Đà Nẵng,58000,-1000.0,https://nongnghiepmoitruong.vn/gia-heo-hoi-hom-nay-12-8-2026-xuong-duoi-moc-60000-d-kg-d825662.html,
12/08/2026,nongnghiepmoitruong.vn,Miền Trung - Tây Nguyên,Đắk Lắk,57000,-1000.0,https://nongnghiepmoitruong.vn/gia-heo-hoi-hom-nay-12-8-2026-xuong-duoi-moc-60000-d-kg-d825662.html,
12/08/2026,vietnambiz.vn,Miền Bắc,Bắc Ninh,59000,0.0,https://vietnambiz.vn/gia-heo-hoi-hom-nay-128-ca-nuoc-giao-dich-duoi-muc-60000-dongkg-202681119545286.htm,
12/08/2026,vietnambiz.vn,Miền Bắc,Cao Bằng,57000,0.0,https://vietnambiz.vn/gia-heo-hoi-hom-nay-128-ca-nuoc-giao-dich-duoi-muc-60000-dongkg-202681119545286.htm,
12/08/2026,vietnambiz.vn,Miền Bắc,Hà Nội,59000,-1000.0,https://vietnambiz.vn/gia-heo-hoi-hom-nay-128-ca-nuoc-giao-dich-duoi-muc-60000-dongkg-202681119545286.htm,
12/08/2026,vietnambiz.vn,Miền Bắc,Hưng Yên,59000,-1000.0,https://vietnambiz.vn/gia-heo-hoi-hom-nay-128-ca-nuoc-giao-dich-duoi-muc-60000-dongkg-202681119545286.htm,
12/08/2026,vietnambiz.vn,Miền Bắc,Hải Phòng,59000,0.0,https://vietnambiz.vn/gia-heo-hoi-hom-nay-128-ca-nuoc-giao-dich-duoi-muc-60000-dongkg-202681119545286.htm,
12/08/2026,vietnambiz.vn,Miền Bắc,Lai Châu,58000,0.0,https://vietnambiz.vn/gia-heo-hoi-hom-nay-128-ca-nuoc-giao-dich-duoi-muc-60000-dongkg-202681119545286.htm,
12/08/2026,vietnambiz.vn,Miền Bắc,Lào Cai,57000,0.0,https://vietnambiz.vn/gia-heo-hoi-hom-nay-128-ca-nuoc-giao-dich-duoi-muc-60000-dongkg-202681119545286.htm,
12/08/2026,vietnambiz.vn,Miền Bắc,Lạng Sơn,59000,0.0,https://vietnambiz.vn/gia-heo-hoi-hom-nay-128-ca-nuoc-giao-dich-duoi-muc-60000-dongkg-202681119545286.htm,
12/08/2026,vietnambiz.vn,Miền Bắc,Ninh Bình,59000,0.0,https://vietnambiz.vn/gia-heo-hoi-hom-nay-128-ca-nuoc-giao-dich-duoi-muc-60000-dongkg-202681119545286.htm,
12/08/2026,vietnambiz.vn,Miền Bắc,Phú Thọ,58000,0.0,https://vietnambiz.vn/gia-heo-hoi-hom-nay-128-ca-nuoc-giao-dich-duoi-muc-60000-dongkg-202681119545286.htm,
12/08/2026,vietnambiz.vn,Miền Bắc,Quảng Ninh,59000,-1000.0,https://vietnambiz.vn/gia-heo-hoi-hom-nay-128-ca-nuoc-giao-dich-duoi-muc-60000-dongkg-202681119545286.htm,
12/08/2026,vietnambiz.vn,Miền Bắc,Sơn La,57000,0.0,https://vietnambiz.vn/gia-heo-hoi-hom-nay-128-ca-nuoc-giao-dich-duoi-muc-60000-dongkg-202681119545286.htm,
12/08/2026,vietnambiz.vn,Miền Bắc,Thái Nguyên,58000,0.0,https://vietnambiz.vn/gia-heo-hoi-hom-nay-128-ca-nuoc-giao-dich-duoi-muc-60000-dongkg-202681119545286.htm,
12/08/2026,vietnambiz.vn,Miền Bắc,Tuyên Quang,58000,0.0,https://vietnambiz.vn/gia-heo-hoi-hom-nay-128-ca-nuoc-giao-dich-duoi-muc-60000-dongkg-202681119545286.htm,
12/08/2026,vietnambiz.vn,Miền Bắc,Điện Biên,58000,0.0,https://vietnambiz.vn/gia-heo-hoi-hom-nay-128-ca-nuoc-giao-dich-duoi-muc-60000-dongkg-202681119545286.htm,
12/08/2026,vietnambiz.vn,Miền Nam,An Giang,57000,0.0,https://vietnambiz.vn/gia-heo-hoi-hom-nay-128-ca-nuoc-giao-dich-duoi-muc-60000-dongkg-202681119545286.htm,
12/08/2026,vietnambiz.vn,Miền Nam,Cà Mau,57000,-1000.0,https://vietnambiz.vn/gia-heo-hoi-hom-nay-128-ca-nuoc-giao-dich-duoi-muc-60000-dongkg-202681119545286.htm,
12/08/2026,vietnambiz.vn,Miền Nam,Cần Thơ,58000,0.0,https://vietnambiz.vn/gia-heo-hoi-hom-nay-128-ca-nuoc-giao-dich-duoi-muc-60000-dongkg-202681119545286.htm,
12/08/2026,vietnambiz.vn,Miền Nam,TP HCM,58000,-1000.0,https://vietnambiz.vn/gia-heo-hoi-hom-nay-128-ca-nuoc-giao-dich-duoi-muc-60000-dongkg-202681119545286.htm,
12/08/2026,vietnambiz.vn,Miền Nam,Tây Ninh,58000,0.0,https://vietnambiz.vn/gia-heo-hoi-hom-nay-128-ca-nuoc-giao-dich-duoi-muc-60000-dongkg-202681119545286.htm,
12/08/2026,vietnambiz.vn,Miền Nam,Vĩnh Long,58000,0.0,https://vietnambiz.vn/gia-heo-hoi-hom-nay-128-ca-nuoc-giao-dich-duoi-muc-60000-dongkg-202681119545286.htm,
12/08/2026,vietnambiz.vn,Miền Nam,Đồng Nai,59000,0.0,https://vietnambiz.vn/gia-heo-hoi-hom-nay-128-ca-nuoc-giao-dich-duoi-muc-60000-dongkg-202681119545286.htm,
12/08/2026,vietnambiz.vn,Miền Nam,Đồng Tháp,58000,0.0,https://vietnambiz.vn/gia-heo-hoi-hom-nay-128-ca-nuoc-giao-dich-duoi-muc-60000-dongkg-202681119545286.htm,
12/08/2026,vietnambiz.vn,Miền Trung - Tây Nguyên,Gia Lai,58000,-1000.0,https://vietnambiz.vn/gia-heo-hoi-hom-nay-128-ca-nuoc-giao-dich-duoi-muc-60000-dongkg-202681119545286.htm,
12/08/2026,vietnambiz.vn,Miền Trung - Tây Nguyên,Huế,57000,-1000.0,https://vietnambiz.vn/gia-heo-hoi-hom-nay-128-ca-nuoc-giao-dich-duoi-muc-60000-dongkg-202681119545286.htm,
12/08/2026,vietnambiz.vn,Miền Trung - Tây Nguyên,Hà Tĩnh,58000,-1000.0,https://vietnambiz.vn/gia-heo-hoi-hom-nay-128-ca-nuoc-giao-dich-duoi-muc-60000-dongkg-202681119545286.htm,
12/08/2026,vietnambiz.vn,Miền Trung - Tây Nguyên,Khánh Hoà,58000,-1000.0,https://vietnambiz.vn/gia-heo-hoi-hom-nay-128-ca-nuoc-giao-dich-duoi-muc-60000-dongkg-202681119545286.htm,
12/08/2026,vietnambiz.vn,Miền Trung - Tây Nguyên,Lâm Đồng,58000,-1000.0,https://vietnambiz.vn/gia-heo-hoi-hom-nay-128-ca-nuoc-giao-dich-duoi-muc-60000-dongkg-202681119545286.htm,
12/08/2026,vietnambiz.vn,Miền Trung - Tây Nguyên,Nghệ An,57000,-1000.0,https://vietnambiz.vn/gia-heo-hoi-hom-nay-128-ca-nuoc-giao-dich-duoi-muc-60000-dongkg-202681119545286.htm,
12/08/2026,vietnambiz.vn,Miền Trung - Tây Nguyên,Quảng Ngãi,58000,-1000.0,https://vietnambiz.vn/gia-heo-hoi-hom-nay-128-ca-nuoc-giao-dich-duoi-muc-60000-dongkg-202681119545286.htm,
12/08/2026,vietnambiz.vn,Miền Trung - Tây Nguyên,Quảng Trị,58000,-1000.0,https://vietnambiz.vn/gia-heo-hoi-hom-nay-128-ca-nuoc-giao-dich-duoi-muc-60000-dongkg-202681119545286.htm,
12/08/2026,vietnambiz.vn,Miền Trung - Tây Nguyên,Thanh Hoá,57000,-1000.0,https://vietnambiz.vn/gia-heo-hoi-hom-nay-128-ca-nuoc-giao-dich-duoi-muc-60000-dongkg-202681119545286.htm,
12/08/2026,vietnambiz.vn,Miền Trung - Tây Nguyên,Đà Nẵng,58000,-1000.0,https://vietnambiz.vn/gia-heo-hoi-hom-nay-128-ca-nuoc-giao-dich-duoi-muc-60000-dongkg-202681119545286.htm,
12/08/2026,vietnambiz.vn,Miền Trung - Tây Nguyên,Đắk Lắk,57000,-1000.0,https://vietnambiz.vn/gia-heo-hoi-hom-nay-128-ca-nuoc-giao-dich-duoi-muc-60000-dongkg-202681119545286.htm,
12/08/2026,vinanet.vn,Miền Bắc,Bắc Ninh,59000,,https://vinanet.vn/nong-san/gia-heo-hoi-hom-nay-128-mien-bac-mien-nam-cung-giam-814475.html,
12/08/2026,vinanet.vn,Miền Bắc,Cao Bằng,57000,,https://vinanet.vn/nong-san/gia-heo-hoi-hom-nay-128-mien-bac-mien-nam-cung-giam-814475.html,
12/08/2026,vinanet.vn,Miền Bắc,Hà Nội,60000,,https://vinanet.vn/nong-san/gia-heo-hoi-hom-nay-128-mien-bac-mien-nam-cung-giam-814475.html,
12/08/2026,vinanet.vn,Miền Bắc,Hưng Yên,60000,,https://vinanet.vn/nong-san/gia-heo-hoi-hom-nay-128-mien-bac-mien-nam-cung-giam-814475.html,
12/08/2026,vinanet.vn,Miền Bắc,Hải Phòng,59000,,https://vinanet.vn/nong-san/gia-heo-hoi-hom-nay-128-mien-bac-mien-nam-cung-giam-814475.html,
12/08/2026,vinanet.vn,Miền Bắc,Lai Châu,58000,,https://vinanet.vn/nong-san/gia-heo-hoi-hom-nay-128-mien-bac-mien-nam-cung-giam-814475.html,
12/08/2026,vinanet.vn,Miền Bắc,Lào Cai,57000,,https://vinanet.vn/nong-san/gia-heo-hoi-hom-nay-128-mien-bac-mien-nam-cung-giam-814475.html,
12/08/2026,vinanet.vn,Miền Bắc,Lạng Sơn,59000,,https://vinanet.vn/nong-san/gia-heo-hoi-hom-nay-128-mien-bac-mien-nam-cung-giam-814475.html,
12/08/2026,vinanet.vn,Miền Bắc,Ninh Bình,59000,,https://vinanet.vn/nong-san/gia-heo-hoi-hom-nay-128-mien-bac-mien-nam-cung-giam-814475.html,
12/08/2026,vinanet.vn,Miền Bắc,Phú Thọ,58000,,https://vinanet.vn/nong-san/gia-heo-hoi-hom-nay-128-mien-bac-mien-nam-cung-giam-814475.html,
12/08/2026,vinanet.vn,Miền Bắc,Quảng Ninh,60000,,https://vinanet.vn/nong-san/gia-heo-hoi-hom-nay-128-mien-bac-mien-nam-cung-giam-814475.html,
12/08/2026,vinanet.vn,Miền Bắc,Sơn La,57000,,https://vinanet.vn/nong-san/gia-heo-hoi-hom-nay-128-mien-bac-mien-nam-cung-giam-814475.html,
12/08/2026,vinanet.vn,Miền Bắc,Thái Nguyên,58000,,https://vinanet.vn/nong-san/gia-heo-hoi-hom-nay-128-mien-bac-mien-nam-cung-giam-814475.html,
12/08/2026,vinanet.vn,Miền Bắc,Tuyên Quang,58000,,https://vinanet.vn/nong-san/gia-heo-hoi-hom-nay-128-mien-bac-mien-nam-cung-giam-814475.html,
12/08/2026,vinanet.vn,Miền Bắc,Điện Biên,58000,,https://vinanet.vn/nong-san/gia-heo-hoi-hom-nay-128-mien-bac-mien-nam-cung-giam-814475.html,
12/08/2026,vinanet.vn,Miền Nam,An Giang,57000,,https://vinanet.vn/nong-san/gia-heo-hoi-hom-nay-128-mien-bac-mien-nam-cung-giam-814475.html,
12/08/2026,vinanet.vn,Miền Nam,Cà Mau,58000,,https://vinanet.vn/nong-san/gia-heo-hoi-hom-nay-128-mien-bac-mien-nam-cung-giam-814475.html,
12/08/2026,vinanet.vn,Miền Nam,Cần Thơ,58000,,https://vinanet.vn/nong-san/gia-heo-hoi-hom-nay-128-mien-bac-mien-nam-cung-giam-814475.html,
12/08/2026,vinanet.vn,Miền Nam,TP.HCM,59000,,https://vinanet.vn/nong-san/gia-heo-hoi-hom-nay-128-mien-bac-mien-nam-cung-giam-814475.html,
12/08/2026,vinanet.vn,Miền Nam,Tây Ninh,58000,,https://vinanet.vn/nong-san/gia-heo-hoi-hom-nay-128-mien-bac-mien-nam-cung-giam-814475.html,
12/08/2026,vinanet.vn,Miền Nam,Vĩnh Long,58000,,https://vinanet.vn/nong-san/gia-heo-hoi-hom-nay-128-mien-bac-mien-nam-cung-giam-814475.html,
12/08/2026,vinanet.vn,Miền Nam,Đồng Nai,59000,,https://vinanet.vn/nong-san/gia-heo-hoi-hom-nay-128-mien-bac-mien-nam-cung-giam-814475.html,
12/08/2026,vinanet.vn,Miền Nam,Đồng Tháp,58000,,https://vinanet.vn/nong-san/gia-heo-hoi-hom-nay-128-mien-bac-mien-nam-cung-giam-814475.html,
12/08/2026,vinanet.vn,Miền Trung - Tây Nguyên,Gia Lai,59000,,https://vinanet.vn/nong-san/gia-heo-hoi-hom-nay-128-mien-bac-mien-nam-cung-giam-814475.html,
12/08/2026,vinanet.vn,Miền Trung - Tây Nguyên,Huế,58000,,https://vinanet.vn/nong-san/gia-heo-hoi-hom-nay-128-mien-bac-mien-nam-cung-giam-814475.html,
12/08/2026,vinanet.vn,Miền Trung - Tây Nguyên,Hà Tĩnh,59000,,https://vinanet.vn/nong-san/gia-heo-hoi-hom-nay-128-mien-bac-mien-nam-cung-giam-814475.html,
12/08/2026,vinanet.vn,Miền Trung - Tây Nguyên,Khánh Hòa,59000,,https://vinanet.vn/nong-san/gia-heo-hoi-hom-nay-128-mien-bac-mien-nam-cung-giam-814475.html,
12/08/2026,vinanet.vn,Miền Trung - Tây Nguyên,Lâm Đồng,59000,,https://vinanet.vn/nong-san/gia-heo-hoi-hom-nay-128-mien-bac-mien-nam-cung-giam-814475.html,
12/08/2026,vinanet.vn,Miền Trung - Tây Nguyên,Nghệ An,58000,,https://vinanet.vn/nong-san/gia-heo-hoi-hom-nay-128-mien-bac-mien-nam-cung-giam-814475.html,
12/08/2026,vinanet.vn,Miền Trung - Tây Nguyên,Quảng Ngãi,59000,,https://vinanet.vn/nong-san/gia-heo-hoi-hom-nay-128-mien-bac-mien-nam-cung-giam-814475.html,
12/08/2026,vinanet.vn,Miền Trung - Tây Nguyên,Quảng Trị,59000,,https://vinanet.vn/nong-san/gia-heo-hoi-hom-nay-128-mien-bac-mien-nam-cung-giam-814475.html,
12/08/2026,vinanet.vn,Miền Trung - Tây Nguyên,Thanh Hóa,58000,,https://vinanet.vn/nong-san/gia-heo-hoi-hom-nay-128-mien-bac-mien-nam-cung-giam-814475.html,
12/08/2026,vinanet.vn,Miền Trung - Tây Nguyên,Đà Nẵng,59000,,https://vinanet.vn/nong-san/gia-heo-hoi-hom-nay-128-mien-bac-mien-nam-cung-giam-814475.html,
12/08/2026,vinanet.vn,Miền Trung - Tây Nguyên,Đắk Lắk,58000,,https://vinanet.vn/nong-san/gia-heo-hoi-hom-nay-128-mien-bac-mien-nam-cung-giam-814475.html,
13/08/2026,nongnghiepmoitruong.vn,Miền Bắc,Bắc Ninh,59000,0.0,https://nongnghiepmoitruong.vn/gia-heo-hoi-hom-nay-13-8-2026-tiep-tuc-da-giam-nhe-d825819.html,
13/08/2026,nongnghiepmoitruong.vn,Miền Bắc,Cao Bằng,57000,0.0,https://nongnghiepmoitruong.vn/gia-heo-hoi-hom-nay-13-8-2026-tiep-tuc-da-giam-nhe-d825819.html,
13/08/2026,nongnghiepmoitruong.vn,Miền Bắc,Hà Nội,59000,0.0,https://nongnghiepmoitruong.vn/gia-heo-hoi-hom-nay-13-8-2026-tiep-tuc-da-giam-nhe-d825819.html,
13/08/2026,nongnghiepmoitruong.vn,Miền Bắc,Hưng Yên,59000,0.0,https://nongnghiepmoitruong.vn/gia-heo-hoi-hom-nay-13-8-2026-tiep-tuc-da-giam-nhe-d825819.html,
13/08/2026,nongnghiepmoitruong.vn,Miền Bắc,Hải Phòng,58000,-1000.0,https://nongnghiepmoitruong.vn/gia-heo-hoi-hom-nay-13-8-2026-tiep-tuc-da-giam-nhe-d825819.html,
13/08/2026,nongnghiepmoitruong.vn,Miền Bắc,Lai Châu,58000,0.0,https://nongnghiepmoitruong.vn/gia-heo-hoi-hom-nay-13-8-2026-tiep-tuc-da-giam-nhe-d825819.html,
13/08/2026,nongnghiepmoitruong.vn,Miền Bắc,Lào Cai,57000,0.0,https://nongnghiepmoitruong.vn/gia-heo-hoi-hom-nay-13-8-2026-tiep-tuc-da-giam-nhe-d825819.html,
13/08/2026,nongnghiepmoitruong.vn,Miền Bắc,Lạng Sơn,58000,-1000.0,https://nongnghiepmoitruong.vn/gia-heo-hoi-hom-nay-13-8-2026-tiep-tuc-da-giam-nhe-d825819.html,
13/08/2026,nongnghiepmoitruong.vn,Miền Bắc,Ninh Bình,58000,-1000.0,https://nongnghiepmoitruong.vn/gia-heo-hoi-hom-nay-13-8-2026-tiep-tuc-da-giam-nhe-d825819.html,
13/08/2026,nongnghiepmoitruong.vn,Miền Bắc,Phú Thọ,58000,0.0,https://nongnghiepmoitruong.vn/gia-heo-hoi-hom-nay-13-8-2026-tiep-tuc-da-giam-nhe-d825819.html,
13/08/2026,nongnghiepmoitruong.vn,Miền Bắc,Quảng Ninh,58000,-1000.0,https://nongnghiepmoitruong.vn/gia-heo-hoi-hom-nay-13-8-2026-tiep-tuc-da-giam-nhe-d825819.html,
13/08/2026,nongnghiepmoitruong.vn,Miền Bắc,Sơn La,57000,0.0,https://nongnghiepmoitruong.vn/gia-heo-hoi-hom-nay-13-8-2026-tiep-tuc-da-giam-nhe-d825819.html,
13/08/2026,nongnghiepmoitruong.vn,Miền Bắc,Thái Nguyên,58000,0.0,https://nongnghiepmoitruong.vn/gia-heo-hoi-hom-nay-13-8-2026-tiep-tuc-da-giam-nhe-d825819.html,
13/08/2026,nongnghiepmoitruong.vn,Miền Bắc,Tuyên Quang,58000,0.0,https://nongnghiepmoitruong.vn/gia-heo-hoi-hom-nay-13-8-2026-tiep-tuc-da-giam-nhe-d825819.html,
13/08/2026,nongnghiepmoitruong.vn,Miền Bắc,Điện Biên,58000,0.0,https://nongnghiepmoitruong.vn/gia-heo-hoi-hom-nay-13-8-2026-tiep-tuc-da-giam-nhe-d825819.html,
13/08/2026,nongnghiepmoitruong.vn,Miền Nam,An Giang,57000,0.0,https://nongnghiepmoitruong.vn/gia-heo-hoi-hom-nay-13-8-2026-tiep-tuc-da-giam-nhe-d825819.html,
13/08/2026,nongnghiepmoitruong.vn,Miền Nam,Cà Mau,57000,0.0,https://nongnghiepmoitruong.vn/gia-heo-hoi-hom-nay-13-8-2026-tiep-tuc-da-giam-nhe-d825819.html,
13/08/2026,nongnghiepmoitruong.vn,Miền Nam,Cần Thơ,58000,0.0,https://nongnghiepmoitruong.vn/gia-heo-hoi-hom-nay-13-8-2026-tiep-tuc-da-giam-nhe-d825819.html,
13/08/2026,nongnghiepmoitruong.vn,Miền Nam,TP.HCM,58000,0.0,https://nongnghiepmoitruong.vn/gia-heo-hoi-hom-nay-13-8-2026-tiep-tuc-da-giam-nhe-d825819.html,
13/08/2026,nongnghiepmoitruong.vn,Miền Nam,Tây Ninh,58000,0.0,https://nongnghiepmoitruong.vn/gia-heo-hoi-hom-nay-13-8-2026-tiep-tuc-da-giam-nhe-d825819.html,
13/08/2026,nongnghiepmoitruong.vn,Miền Nam,Vĩnh Long,58000,0.0,https://nongnghiepmoitruong.vn/gia-heo-hoi-hom-nay-13-8-2026-tiep-tuc-da-giam-nhe-d825819.html,
13/08/2026,nongnghiepmoitruong.vn,Miền Nam,Đồng Nai,59000,0.0,https://nongnghiepmoitruong.vn/gia-heo-hoi-hom-nay-13-8-2026-tiep-tuc-da-giam-nhe-d825819.html,
13/08/2026,nongnghiepmoitruong.vn,Miền Nam,Đồng Tháp,57000,-1000.0,https://nongnghiepmoitruong.vn/gia-heo-hoi-hom-nay-13-8-2026-tiep-tuc-da-giam-nhe-d825819.html,
13/08/2026,nongnghiepmoitruong.vn,Miền Trung - Tây Nguyên,Gia Lai,58000,0.0,https://nongnghiepmoitruong.vn/gia-heo-hoi-hom-nay-13-8-2026-tiep-tuc-da-giam-nhe-d825819.html,
13/08/2026,nongnghiepmoitruong.vn,Miền Trung - Tây Nguyên,Huế,57000,0.0,https://nongnghiepmoitruong.vn/gia-heo-hoi-hom-nay-13-8-2026-tiep-tuc-da-giam-nhe-d825819.html,
13/08/2026,nongnghiepmoitruong.vn,Miền Trung - Tây Nguyên,Hà Tĩnh,58000,0.0,https://nongnghiepmoitruong.vn/gia-heo-hoi-hom-nay-13-8-2026-tiep-tuc-da-giam-nhe-d825819.html,
13/08/2026,nongnghiepmoitruong.vn,Miền Trung - Tây Nguyên,Khánh Hòa,57000,-1000.0,https://nongnghiepmoitruong.vn/gia-heo-hoi-hom-nay-13-8-2026-tiep-tuc-da-giam-nhe-d825819.html,
13/08/2026,nongnghiepmoitruong.vn,Miền Trung - Tây Nguyên,Lâm Đồng,58000,0.0,https://nongnghiepmoitruong.vn/gia-heo-hoi-hom-nay-13-8-2026-tiep-tuc-da-giam-nhe-d825819.html,
13/08/2026,nongnghiepmoitruong.vn,Miền Trung - Tây Nguyên,Nghệ An,57000,0.0,https://nongnghiepmoitruong.vn/gia-heo-hoi-hom-nay-13-8-2026-tiep-tuc-da-giam-nhe-d825819.html,
13/08/2026,nongnghiepmoitruong.vn,Miền Trung - Tây Nguyên,Quảng Ngãi,57000,-1000.0,https://nongnghiepmoitruong.vn/gia-heo-hoi-hom-nay-13-8-2026-tiep-tuc-da-giam-nhe-d825819.html,
13/08/2026,nongnghiepmoitruong.vn,Miền Trung - Tây Nguyên,Quảng Trị,57000,-1000.0,https://nongnghiepmoitruong.vn/gia-heo-hoi-hom-nay-13-8-2026-tiep-tuc-da-giam-nhe-d825819.html,
13/08/2026,nongnghiepmoitruong.vn,Miền Trung - Tây Nguyên,Thanh Hóa,57000,0.0,https://nongnghiepmoitruong.vn/gia-heo-hoi-hom-nay-13-8-2026-tiep-tuc-da-giam-nhe-d825819.html,
13/08/2026,nongnghiepmoitruong.vn,Miền Trung - Tây Nguyên,Đà Nẵng,57000,-1000.0,https://nongnghiepmoitruong.vn/gia-heo-hoi-hom-nay-13-8-2026-tiep-tuc-da-giam-nhe-d825819.html,
13/08/2026,nongnghiepmoitruong.vn,Miền Trung - Tây Nguyên,Đắk Lắk,57000,0.0,https://nongnghiepmoitruong.vn/gia-heo-hoi-hom-nay-13-8-2026-tiep-tuc-da-giam-nhe-d825819.html,
13/08/2026,vinanet.vn,Miền Bắc,Bắc Ninh,59000,,https://vinanet.vn/nong-nghiep/gia-heo-hoi-hom-nay-138-muc-cao-nhat-con-59000-dongkg-814528.html,
13/08/2026,vinanet.vn,Miền Bắc,Cao Bằng,57000,,https://vinanet.vn/nong-nghiep/gia-heo-hoi-hom-nay-138-muc-cao-nhat-con-59000-dongkg-814528.html,
13/08/2026,vinanet.vn,Miền Bắc,Hà Nội,59000,,https://vinanet.vn/nong-nghiep/gia-heo-hoi-hom-nay-138-muc-cao-nhat-con-59000-dongkg-814528.html,
13/08/2026,vinanet.vn,Miền Bắc,Hưng Yên,59000,,https://vinanet.vn/nong-nghiep/gia-heo-hoi-hom-nay-138-muc-cao-nhat-con-59000-dongkg-814528.html,
13/08/2026,vinanet.vn,Miền Bắc,Hải Phòng,59000,,https://vinanet.vn/nong-nghiep/gia-heo-hoi-hom-nay-138-muc-cao-nhat-con-59000-dongkg-814528.html,
13/08/2026,vinanet.vn,Miền Bắc,Lai Châu,58000,,https://vinanet.vn/nong-nghiep/gia-heo-hoi-hom-nay-138-muc-cao-nhat-con-59000-dongkg-814528.html,
13/08/2026,vinanet.vn,Miền Bắc,Lào Cai,57000,,https://vinanet.vn/nong-nghiep/gia-heo-hoi-hom-nay-138-muc-cao-nhat-con-59000-dongkg-814528.html,
13/08/2026,vinanet.vn,Miền Bắc,Lạng Sơn,59000,,https://vinanet.vn/nong-nghiep/gia-heo-hoi-hom-nay-138-muc-cao-nhat-con-59000-dongkg-814528.html,
13/08/2026,vinanet.vn,Miền Bắc,Ninh Bình,59000,,https://vinanet.vn/nong-nghiep/gia-heo-hoi-hom-nay-138-muc-cao-nhat-con-59000-dongkg-814528.html,
13/08/2026,vinanet.vn,Miền Bắc,Phú Thọ,58000,,https://vinanet.vn/nong-nghiep/gia-heo-hoi-hom-nay-138-muc-cao-nhat-con-59000-dongkg-814528.html,
13/08/2026,vinanet.vn,Miền Bắc,Quảng Ninh,59000,,https://vinanet.vn/nong-nghiep/gia-heo-hoi-hom-nay-138-muc-cao-nhat-con-59000-dongkg-814528.html,
13/08/2026,vinanet.vn,Miền Bắc,Sơn La,57000,,https://vinanet.vn/nong-nghiep/gia-heo-hoi-hom-nay-138-muc-cao-nhat-con-59000-dongkg-814528.html,
13/08/2026,vinanet.vn,Miền Bắc,Thái Nguyên,58000,,https://vinanet.vn/nong-nghiep/gia-heo-hoi-hom-nay-138-muc-cao-nhat-con-59000-dongkg-814528.html,
13/08/2026,vinanet.vn,Miền Bắc,Tuyên Quang,58000,,https://vinanet.vn/nong-nghiep/gia-heo-hoi-hom-nay-138-muc-cao-nhat-con-59000-dongkg-814528.html,
13/08/2026,vinanet.vn,Miền Bắc,Điện Biên,58000,,https://vinanet.vn/nong-nghiep/gia-heo-hoi-hom-nay-138-muc-cao-nhat-con-59000-dongkg-814528.html,
13/08/2026,vinanet.vn,Miền Nam,An Giang,57000,,https://vinanet.vn/nong-nghiep/gia-heo-hoi-hom-nay-138-muc-cao-nhat-con-59000-dongkg-814528.html,
13/08/2026,vinanet.vn,Miền Nam,Cà Mau,57000,,https://vinanet.vn/nong-nghiep/gia-heo-hoi-hom-nay-138-muc-cao-nhat-con-59000-dongkg-814528.html,
13/08/2026,vinanet.vn,Miền Nam,Cần Thơ,58000,,https://vinanet.vn/nong-nghiep/gia-heo-hoi-hom-nay-138-muc-cao-nhat-con-59000-dongkg-814528.html,
13/08/2026,vinanet.vn,Miền Nam,TP.HCM,58000,,https://vinanet.vn/nong-nghiep/gia-heo-hoi-hom-nay-138-muc-cao-nhat-con-59000-dongkg-814528.html,
13/08/2026,vinanet.vn,Miền Nam,Tây Ninh,58000,,https://vinanet.vn/nong-nghiep/gia-heo-hoi-hom-nay-138-muc-cao-nhat-con-59000-dongkg-814528.html,
13/08/2026,vinanet.vn,Miền Nam,Vĩnh Long,58000,,https://vinanet.vn/nong-nghiep/gia-heo-hoi-hom-nay-138-muc-cao-nhat-con-59000-dongkg-814528.html,
13/08/2026,vinanet.vn,Miền Nam,Đồng Nai,59000,,https://vinanet.vn/nong-nghiep/gia-heo-hoi-hom-nay-138-muc-cao-nhat-con-59000-dongkg-814528.html,
13/08/2026,vinanet.vn,Miền Nam,Đồng Tháp,58000,,https://vinanet.vn/nong-nghiep/gia-heo-hoi-hom-nay-138-muc-cao-nhat-con-59000-dongkg-814528.html,
13/08/2026,vinanet.vn,Miền Trung - Tây Nguyên,Gia Lai,58000,,https://vinanet.vn/nong-nghiep/gia-heo-hoi-hom-nay-138-muc-cao-nhat-con-59000-dongkg-814528.html,
13/08/2026,vinanet.vn,Miền Trung - Tây Nguyên,Huế,57000,,https://vinanet.vn/nong-nghiep/gia-heo-hoi-hom-nay-138-muc-cao-nhat-con-59000-dongkg-814528.html,
13/08/2026,vinanet.vn,Miền Trung - Tây Nguyên,Hà Tĩnh,58000,,https://vinanet.vn/nong-nghiep/gia-heo-hoi-hom-nay-138-muc-cao-nhat-con-59000-dongkg-814528.html,
13/08/2026,vinanet.vn,Miền Trung - Tây Nguyên,Khánh Hòa,58000,,https://vinanet.vn/nong-nghiep/gia-heo-hoi-hom-nay-138-muc-cao-nhat-con-59000-dongkg-814528.html,
13/08/2026,vinanet.vn,Miền Trung - Tây Nguyên,Lâm Đồng,58000,,https://vinanet.vn/nong-nghiep/gia-heo-hoi-hom-nay-138-muc-cao-nhat-con-59000-dongkg-814528.html,
13/08/2026,vinanet.vn,Miền Trung - Tây Nguyên,Nghệ An,57000,,https://vinanet.vn/nong-nghiep/gia-heo-hoi-hom-nay-138-muc-cao-nhat-con-59000-dongkg-814528.html,
13/08/2026,vinanet.vn,Miền Trung - Tây Nguyên,Quảng Ngãi,58000,,https://vinanet.vn/nong-nghiep/gia-heo-hoi-hom-nay-138-muc-cao-nhat-con-59000-dongkg-814528.html,
13/08/2026,vinanet.vn,Miền Trung - Tây Nguyên,Quảng Trị,58000,,https://vinanet.vn/nong-nghiep/gia-heo-hoi-hom-nay-138-muc-cao-nhat-con-59000-dongkg-814528.html,
13/08/2026,vinanet.vn,Miền Trung - Tây Nguyên,Thanh Hóa,57000,,https://vinanet.vn/nong-nghiep/gia-heo-hoi-hom-nay-138-muc-cao-nhat-con-59000-dongkg-814528.html,
13/08/2026,vinanet.vn,Miền Trung - Tây Nguyên,Đà Nẵng,58000,,https://vinanet.vn/nong-nghiep/gia-heo-hoi-hom-nay-138-muc-cao-nhat-con-59000-dongkg-814528.html,
13/08/2026,vinanet.vn,Miền Trung - Tây Nguyên,Đắk Lắk,57000,,https://vinanet.vn/nong-nghiep/gia-heo-hoi-hom-nay-138-muc-cao-nhat-con-59000-dongkg-814528.html,
